order_id,merchant_id,conversation_id,customer_id,status,value_inr,created_at,fulfilled_at
O000001,M0000,5379b267-d6f,M0000-C002,fulfilled,235.3,2026-02-10 17:56:00,2026-02-11 00:12:43.281553
O000002,M0000,5043dd64-ed9,M0000-C002,fulfilled,103.02,2026-03-08 11:12:00,2026-03-10 04:50:58.941786
O000003,M0000,767688ab-9cf,M0000-C003,fulfilled,453.64,2026-02-13 16:44:00,2026-02-14 04:47:43.734999
O000004,M0000,0d643e07-100,M0000-C003,fulfilled,352.85,2026-03-15 15:18:00,2026-03-16 07:41:01.986355
O000005,M0000,156693a8-786,M0000-C003,fulfilled,785.15,2026-03-03 22:58:00,2026-03-04 07:21:09.829826
O000006,M0000,69abdd0e-d02,M0000-C003,fulfilled,403.86,2026-02-18 10:55:00,2026-02-19 13:47:47.424504
O000007,M0001,3c807b62-911,M0001-C000,fulfilled,180.15,2026-03-02 16:20:00,2026-03-02 22:23:16.201800
O000008,M0001,12f4c974-9d5,M0001-C001,fulfilled,609.47,2026-06-10 08:13:00,2026-06-10 18:04:02.946995
O000009,M0001,d0fc2502-6e3,M0001-C001,cancelled,525.19,2026-04-21 19:34:00,
O000010,M0002,f8a5026b-211,M0002-C000,placed,718.68,2026-01-19 15:47:00,
O000011,M0002,c9b8f41c-505,M0002-C000,fulfilled,461.68,2026-01-21 19:47:00,2026-01-22 23:37:25.129696
O000012,M0002,75d6b948-748,M0002-C001,fulfilled,521.64,2026-01-15 09:57:00,2026-01-15 10:31:44.871194
O000013,M0002,35a4cdd1-c36,M0002-C001,fulfilled,877.16,2026-01-13 11:29:00,2026-01-14 04:24:45.914130
O000014,M0002,941d219b-50d,M0002-C002,fulfilled,1042.23,2026-01-16 19:57:00,2026-01-17 16:06:59.131241
O000015,M0002,c4e40290-f96,M0002-C003,placed,487.27,2026-01-17 10:03:00,
O000016,M0002,d44da0ba-a8a,M0002-C004,fulfilled,504.04,2026-01-23 10:14:00,2026-01-23 22:13:29.127377
O000017,M0002,fe8fb5c9-198,M0002-C005,cancelled,182.76,2026-01-18 10:19:00,
O000018,M0002,4fefbec3-2f9,M0002-C005,fulfilled,373.86,2026-01-11 21:20:00,2026-01-14 13:53:00.427672
O000019,M0002,97eae7be-985,M0002-C006,fulfilled,315.59,2026-01-10 17:42:00,2026-01-11 08:49:59.549868
O000020,M0002,a66db83a-c4d,M0002-C008,cancelled,137.6,2026-01-10 18:33:00,
O000021,M0002,1363fe71-167,M0002-C008,fulfilled,188.55,2026-01-11 16:19:00,2026-01-13 05:13:49.412976
O000022,M0002,00968054-0ab,M0002-C008,fulfilled,1092.92,2026-01-27 20:02:00,2026-01-30 11:21:34.275891
O000023,M0002,c52d1749-2ca,M0002-C009,fulfilled,816.94,2026-01-17 19:42:00,2026-01-22 19:09:50.078353
O000024,M0002,23bc6af1-558,M0002-C010,fulfilled,736.98,2026-01-10 12:02:00,2026-01-11 19:36:03.591764
O000025,M0002,194b58dc-99c,M0002-C012,fulfilled,1241.85,2026-01-23 16:50:00,2026-01-28 11:40:09.482317
O000026,M0002,8d073c39-b37,M0002-C013,fulfilled,90.67,2026-01-21 19:44:00,2026-01-22 11:12:38.684203
O000027,M0002,ec684a48-216,M0002-C013,fulfilled,990.69,2026-01-18 12:33:00,2026-01-25 10:38:32.489649
O000028,M0002,53b8fb84-4c2,M0002-C013,fulfilled,773.04,2026-01-25 15:33:00,2026-01-25 16:52:29.301851
O000029,M0002,7cb171c1-eec,M0002-C016,fulfilled,189.79,2026-01-25 14:09:00,2026-01-25 22:36:42.380066
O000030,M0002,dcf02f25-ea3,M0002-C016,fulfilled,67.62,2026-01-22 09:57:00,2026-01-23 00:52:28.425305
O000031,M0002,52d23b3c-a25,M0002-C017,fulfilled,167.75,2026-01-14 22:43:00,2026-01-15 21:57:14.195010
O000032,M0002,97d870c0-2e4,M0002-C017,fulfilled,683.74,2026-01-18 22:59:00,2026-01-21 22:49:52.332849
O000033,M0003,3240b8d7-9c9,M0003-C000,fulfilled,567.47,2026-05-20 15:40:00,2026-05-21 09:54:31.485551
O000034,M0003,9866a3f5-4dc,M0003-C002,fulfilled,207.6,2026-04-11 11:56:00,2026-04-20 10:26:04.363953
O000035,M0003,045417b4-6ff,M0003-C002,fulfilled,827.19,2026-04-10 14:44:00,2026-04-10 17:46:35.098746
O000036,M0004,0184ce5e-c2d,M0004-C000,fulfilled,326.5,2026-03-15 16:41:00,2026-03-18 09:08:58.121538
O000037,M0004,20f0b15a-2d8,M0004-C001,fulfilled,481.56,2026-05-23 18:23:00,2026-05-24 16:23:34.740883
O000038,M0004,fcc34ca4-8c2,M0004-C002,fulfilled,492.27,2026-05-19 13:56:00,2026-05-20 00:56:38.128087
O000039,M0004,da510520-98f,M0004-C002,fulfilled,282.84,2026-06-29 08:47:00,2026-06-29 16:34:02.818072
O000040,M0004,92891a59-fe0,M0004-C002,fulfilled,856.73,2026-03-08 15:20:00,2026-03-13 13:59:11.349812
O000041,M0004,3f04a8ff-e1b,M0004-C003,fulfilled,696.09,2026-02-18 08:30:00,2026-02-18 12:57:28.681951
O000042,M0004,f330e39d-280,M0004-C004,fulfilled,141.6,2026-05-19 17:59:00,2026-05-19 20:40:25.460397
O000043,M0004,b8ee0895-072,M0004-C006,fulfilled,698.36,2026-03-10 11:36:00,2026-03-13 05:42:16.362436
O000044,M0004,3e86e28b-9f6,M0004-C007,fulfilled,400.39,2026-06-18 22:05:00,2026-06-20 14:10:53.674014
O000045,M0004,491ba6b3-685,M0004-C007,fulfilled,541.26,2026-04-16 18:53:00,2026-04-18 12:22:38.324411
O000046,M0004,45c64840-cb3,M0004-C007,fulfilled,909.67,2026-03-07 22:42:00,2026-03-09 10:49:55.518274
O000047,M0004,56793c18-82a,M0004-C008,cancelled,565.14,2026-05-15 19:18:00,
O000048,M0004,f0bd7077-de0,M0004-C011,placed,387.32,2026-06-11 08:50:00,
O000049,M0004,67423b29-c1b,M0004-C011,fulfilled,240.39,2026-04-08 18:19:00,2026-04-09 12:50:00.592408
O000050,M0004,995588e6-846,M0004-C013,fulfilled,655.4,2026-05-26 12:14:00,2026-05-28 06:01:52.255516
O000051,M0004,e019af76-321,M0004-C013,placed,672.74,2026-04-07 15:40:00,
O000052,M0004,2109adba-7b7,M0004-C015,fulfilled,694.33,2026-04-14 10:57:00,2026-04-23 00:42:51.087610
O000053,M0004,3bf1acd5-19d,M0004-C015,fulfilled,631.37,2026-02-28 21:55:00,2026-03-01 05:40:39.627961
O000054,M0004,af46d8b8-500,M0004-C015,fulfilled,437.59,2026-05-06 20:10:00,2026-05-08 20:22:47.159730
O000055,M0004,5f45263d-3bb,M0004-C015,fulfilled,458.74,2026-04-22 21:27:00,2026-04-23 17:26:01.000456
O000056,M0004,3080f749-c22,M0004-C016,fulfilled,358.21,2026-02-17 10:08:00,2026-02-24 21:51:51.702329
O000057,M0004,254aa984-10d,M0004-C017,fulfilled,849.19,2026-06-19 11:56:00,2026-06-22 15:06:28.603274
O000058,M0004,3a3edc44-a9c,M0004-C017,fulfilled,1119.39,2026-02-26 16:08:00,2026-02-26 16:31:11.206187
O000059,M0004,be31bacc-922,M0004-C018,fulfilled,582.14,2026-03-01 22:25:00,2026-03-03 00:00:33.032217
O000060,M0004,61c83c8e-a8b,M0004-C018,fulfilled,530.18,2026-05-05 14:48:00,2026-05-06 10:50:41.813442
O000061,M0004,3e6796ca-36e,M0004-C018,fulfilled,386.25,2026-03-08 21:02:00,2026-03-09 05:23:33.683422
O000062,M0004,e6e965b8-36d,M0004-C019,fulfilled,285.52,2026-05-02 14:29:00,2026-05-03 01:43:15.133226
O000063,M0004,b7ff150f-5d4,M0004-C020,fulfilled,1026.2,2026-05-17 20:10:00,2026-05-19 21:22:02.097397
O000064,M0004,c2139564-9b2,M0004-C021,fulfilled,644.43,2026-02-24 12:50:00,2026-02-24 21:29:14.982010
O000065,M0004,d870e43b-78c,M0004-C021,fulfilled,606.07,2026-03-22 18:34:00,2026-03-23 11:21:15.151084
O000066,M0004,8b965509-8ad,M0004-C022,fulfilled,706.29,2026-04-09 20:47:00,2026-04-12 19:19:06.338221
O000067,M0004,e720479e-e30,M0004-C022,fulfilled,702.46,2026-05-08 13:05:00,2026-05-08 17:24:50.369925
O000068,M0005,648cfcdf-7a3,M0005-C001,fulfilled,398.81,2026-02-28 13:20:00,2026-03-01 05:01:08.118536
O000069,M0005,14ea9ffe-02a,M0005-C001,fulfilled,492.78,2026-01-11 22:09:00,2026-01-12 20:59:13.199256
O000070,M0005,8f85b3de-137,M0005-C001,fulfilled,597.87,2026-02-26 18:47:00,2026-03-03 12:53:12.823825
O000071,M0005,64a27128-33e,M0005-C002,fulfilled,697.6,2026-02-26 14:34:00,2026-02-26 22:32:04.767878
O000072,M0007,4e16ed8b-d8d,M0007-C000,fulfilled,360.36,2026-01-26 09:36:00,2026-02-02 08:50:36.493841
O000073,M0007,15ecf6df-645,M0007-C001,fulfilled,808.65,2026-01-17 13:52:00,2026-01-19 04:46:17.933483
O000074,M0007,29ea0a88-d37,M0007-C002,fulfilled,565.36,2026-01-21 19:57:00,2026-01-23 11:02:26.424814
O000075,M0007,69664434-5ce,M0007-C003,fulfilled,684.12,2026-01-30 09:27:00,2026-02-01 00:59:41.022662
O000076,M0008,dc872df8-376,M0008-C000,fulfilled,279.41,2026-02-25 15:30:00,2026-02-25 22:38:08.677012
O000077,M0008,df590973-f22,M0008-C000,fulfilled,1424.32,2026-01-28 17:51:00,2026-01-29 19:43:30.733848
O000078,M0008,a151ca4a-65b,M0008-C001,fulfilled,686.48,2026-03-17 17:37:00,2026-03-24 11:30:25.586869
O000079,M0008,c9b58ec5-edc,M0008-C002,fulfilled,242.29,2026-02-08 08:30:00,2026-02-10 08:42:57.256202
O000080,M0009,7084481c-7e5,M0009-C000,fulfilled,328.55,2026-02-27 19:01:00,2026-02-28 17:51:58.113714
O000081,M0009,fd31cdbb-c2c,M0009-C000,fulfilled,1450.04,2026-02-18 18:59:00,2026-02-20 08:46:16.611547
O000082,M0011,7cbbfbb6-110,M0011-C000,fulfilled,940.99,2026-04-18 15:14:00,2026-04-20 06:12:18.377484
O000083,M0011,aa8e246a-0a4,M0011-C001,fulfilled,652.11,2026-04-12 19:35:00,2026-04-14 10:30:19.055756
O000084,M0011,bad00690-9ac,M0011-C001,fulfilled,106.91,2026-02-21 20:55:00,2026-02-22 20:41:23.852021
O000085,M0011,9692318c-0dd,M0011-C001,fulfilled,469.76,2026-03-25 11:26:00,2026-03-27 09:47:17.004628
O000086,M0011,b91d6d7f-38f,M0011-C002,fulfilled,234.12,2026-03-21 16:33:00,2026-03-24 03:34:11.432292
O000087,M0011,b91d6d7f-38f,M0011-C002,fulfilled,234.12,2026-03-21 16:33:00,2026-03-24 03:34:11.432292
O000088,M0011,2e1a3fc5-347,M0011-C003,placed,145.13,2026-04-03 10:57:00,
O000089,M0011,edf60815-369,M0011-C004,fulfilled,218.0,2026-02-13 21:29:00,2026-02-17 21:14:16.599490
O000090,M0011,ed1746e2-cc2,M0011-C007,fulfilled,390.97,2026-04-15 21:24:00,2026-04-20 16:57:44.646049
O000091,M0011,434b09a3-d06,M0011-C008,fulfilled,575.85,2026-03-27 19:52:00,2026-03-28 09:09:59.058051
O000092,M0011,7f8ecd4a-eaf,M0011-C010,fulfilled,472.4,2026-03-30 14:14:00,2026-03-31 15:26:56.269469
O000093,M0011,4cc398f1-014,M0011-C010,fulfilled,573.35,2026-03-24 13:20:00,2026-03-26 03:09:25.745682
O000094,M0011,2f94d38b-17d,M0011-C011,fulfilled,457.8,2026-01-21 13:40:00,2026-01-26 17:12:06.701863
O000095,M0011,41e4fbb1-fd5,M0011-C011,fulfilled,403.14,2026-04-25 18:45:00,2026-04-27 00:54:25.571252
O000096,M0011,313bd2f2-c84,M0011-C012,fulfilled,383.46,2026-01-24 19:51:00,2026-01-25 05:47:43.125534
O000097,M0011,c0af6cd2-972,M0011-C012,fulfilled,1110.59,2026-01-21 14:16:00,2026-01-22 04:02:01.303046
O000098,M0011,7cf3cd24-d15,M0011-C013,fulfilled,952.75,2026-02-17 08:55:00,2026-02-17 10:21:40.966757
O000099,M0011,77ae8cca-f2c,M0011-C014,fulfilled,663.05,2026-04-09 13:29:00,2026-04-12 03:36:29.296727
O000100,M0011,b5b3d3fc-f6a,M0011-C014,fulfilled,252.54,2026-03-13 22:30:00,2026-03-23 04:39:45.408089
O000101,M0011,689cbd9c-534,M0011-C015,fulfilled,759.38,2026-03-23 13:05:00,2026-03-23 15:34:07.230908
O000102,M0011,ac2929aa-769,M0011-C016,fulfilled,345.24,2026-03-26 12:23:00,2026-03-27 06:42:13.661989
O000103,M0011,394e4ec7-422,M0011-C018,fulfilled,445.79,2026-03-08 13:38:00,2026-03-09 07:13:31.244875
O000104,M0011,2ac1fb93-aa6,M0011-C018,fulfilled,256.62,2026-01-19 11:09:00,2026-01-20 00:08:23.454050
O000105,M0011,341cc100-ada,M0011-C018,cancelled,286.44,2026-01-20 10:16:00,
O000106,M0011,55f077ba-399,M0011-C018,fulfilled,749.05,2026-03-03 14:56:00,2026-03-05 04:15:38.448825
O000107,M0011,7049ceb4-dd7,M0011-C018,fulfilled,236.72,2026-02-04 18:40:00,2026-02-08 14:49:31.149292
O000108,M0011,3751bd1e-0ae,M0011-C018,fulfilled,225.99,2026-03-13 20:09:00,2026-03-14 16:49:01.544428
O000109,M0011,0530d4a8-c5c,M0011-C018,fulfilled,269.35,2026-03-24 13:34:00,2026-03-25 16:59:39.163601
O000110,M0011,2eb831e6-11b,M0011-C019,fulfilled,626.89,2026-02-16 09:07:00,2026-02-16 10:33:46.314311
O000111,M0011,604cc37c-7b1,M0011-C019,fulfilled,330.09,2026-03-20 16:28:00,2026-03-21 10:14:39.946572
O000112,M0011,1754f7cc-b45,M0011-C019,fulfilled,703.39,2026-03-14 11:55:00,2026-03-15 16:41:53.453443
O000113,M0011,1643efec-d4c,M0011-C021,fulfilled,616.78,2026-02-23 21:16:00,2026-02-25 21:11:28.751518
O000114,M0011,261d8840-599,M0011-C022,fulfilled,588.18,2026-03-20 08:42:00,2026-03-21 00:07:00.904553
O000115,M0012,70167867-9c7,M0012-C000,fulfilled,1093.4,2026-02-13 12:41:00,2026-02-14 13:40:11.009175
O000116,M0012,4ad70104-807,M0012-C000,cancelled,671.21,2026-06-11 15:08:00,
O000117,M0012,0ac64314-b29,M0012-C001,fulfilled,515.65,2026-06-05 22:59:00,2026-06-09 15:18:41.978857
O000118,M0012,cac48f7b-eca,M0012-C003,placed,845.28,2026-03-26 13:36:00,
O000119,M0012,6b3e36a8-6eb,M0012-C003,fulfilled,565.36,2026-04-02 11:49:00,2026-04-03 17:32:55.875893
O000120,M0012,d6021f6c-62e,M0012-C005,fulfilled,440.46,2026-04-24 22:01:00,2026-04-25 04:57:20.902375
O000121,M0012,3a77e3be-264,M0012-C006,fulfilled,333.22,2026-04-05 18:27:00,2026-04-06 09:03:16.814478
O000122,M0012,3a77e3be-264,M0012-C006,fulfilled,333.22,2026-04-05 18:27:00,2026-04-06 09:03:16.814478
O000123,M0012,44f56f06-702,M0012-C007,fulfilled,518.53,2026-04-12 18:27:00,2026-04-14 17:22:54.889879
O000124,M0012,b6603cda-085,M0012-C008,fulfilled,532.11,2026-05-31 15:33:00,2026-06-01 12:35:00.066619
O000125,M0012,525433e4-1b5,M0012-C008,fulfilled,283.08,2026-06-08 16:14:00,2026-06-12 18:32:56.744902
O000126,M0012,e96d26bf-727,M0012-C009,fulfilled,246.88,2026-04-12 15:09:00,2026-04-12 17:23:08.959535
O000127,M0012,97091753-be0,M0012-C010,fulfilled,457.92,2026-04-18 12:04:00,2026-04-25 03:45:24.560328
O000128,M0012,849613c9-adb,M0012-C010,fulfilled,893.28,2026-06-08 15:47:00,2026-06-09 02:43:21.459950
O000129,M0012,92588e93-333,M0012-C013,fulfilled,674.82,2026-02-24 14:20:00,2026-02-24 17:03:41.111773
O000130,M0012,b59cd578-031,M0012-C014,fulfilled,678.57,2026-05-11 13:04:00,2026-05-11 20:17:11.279766
O000131,M0012,d5fc6668-53b,M0012-C016,fulfilled,595.88,2026-05-03 20:33:00,2026-05-06 12:30:24.249026
O000132,M0012,eb3c6f95-02e,M0012-C017,fulfilled,575.72,2026-04-19 10:35:00,2026-04-23 20:35:06.436266
O000133,M0013,65b35aa2-699,M0013-C000,fulfilled,582.48,2026-03-19 19:09:00,2026-03-22 12:38:48.155602
O000134,M0013,b2ebb5dd-ce2,M0013-C001,fulfilled,1222.29,2026-02-17 21:45:00,2026-02-18 09:32:13.917398
O000135,M0013,d1264e2f-c5a,M0013-C003,fulfilled,909.17,2026-02-18 14:58:00,2026-02-19 09:21:44.275007
O000136,M0013,95ef1fb2-6cb,M0013-C003,fulfilled,1260.25,2026-05-19 20:41:00,2026-05-20 04:27:20.469130
O000137,M0013,f121426c-24c,M0013-C003,fulfilled,525.8,2026-02-15 16:24:00,2026-02-16 12:41:32.050636
O000138,M0013,9031c2d7-8bf,M0013-C004,fulfilled,191.21,2026-03-23 16:29:00,2026-03-25 20:40:56.956268
O000139,M0013,f5dcee48-6d2,M0013-C005,fulfilled,394.52,2026-03-22 12:25:00,2026-03-22 23:30:38.566859
O000140,M0013,34bcb68a-de9,M0013-C006,fulfilled,137.3,2026-04-18 22:30:00,2026-04-19 06:13:01.403638
O000141,M0013,c1684d8a-45d,M0013-C006,fulfilled,668.41,2026-03-21 10:25:00,2026-03-22 22:00:16.269028
O000142,M0013,96f7757f-5e4,M0013-C010,fulfilled,295.59,2026-04-06 12:47:00,2026-04-06 14:50:34.395636
O000143,M0013,042dea4b-3f8,M0013-C011,placed,347.32,2026-02-24 18:07:00,
O000144,M0013,24be64ce-c7f,M0013-C012,fulfilled,1035.95,2026-04-23 18:11:00,2026-04-24 04:10:23.719668
O000145,M0013,5f4ba19e-953,M0013-C012,fulfilled,310.44,2026-05-13 14:00:00,2026-05-14 16:51:35.618723
O000146,M0013,93b746d5-794,M0013-C012,fulfilled,923.99,2026-03-20 13:38:00,2026-03-21 13:36:04.860518
O000147,M0013,b43e79b4-12e,M0013-C013,fulfilled,367.24,2026-01-13 12:49:00,2026-01-15 21:53:12.374761
O000148,M0013,4e81ae30-8f9,M0013-C013,cancelled,392.64,2026-01-26 18:17:00,
O000149,M0013,19855f15-48e,M0013-C013,fulfilled,741.93,2026-02-20 14:53:00,2026-02-21 07:34:46.100012
O000150,M0013,c045eeda-ef4,M0013-C013,fulfilled,872.87,2026-04-15 17:19:00,2026-04-16 05:32:54.924464
O000151,M0013,c75886d1-231,M0013-C013,fulfilled,569.09,2026-05-31 22:37:00,2026-06-08 15:08:22.156693
O000152,M0013,2d2c9e79-7c0,M0013-C014,fulfilled,717.19,2026-01-31 16:40:00,2026-01-31 23:03:53.344297
O000153,M0013,64f1f1ef-4e5,M0013-C015,cancelled,444.96,2026-02-22 14:09:00,
O000154,M0013,7e08f5ce-2ff,M0013-C016,placed,206.93,2026-03-30 19:10:00,
O000155,M0013,f245af40-0c4,M0013-C016,fulfilled,216.81,2026-01-11 19:16:00,2026-01-14 10:01:49.070353
O000156,M0013,93b8e934-45a,M0013-C017,fulfilled,1277.06,2026-01-22 14:25:00,2026-01-24 05:31:18.748380
O000157,M0013,11cbe5ae-ce8,M0013-C020,fulfilled,711.25,2026-02-19 12:16:00,2026-02-19 14:06:03.185147
O000158,M0013,69df502b-f7d,M0013-C020,fulfilled,637.46,2026-01-19 21:02:00,2026-01-20 01:38:18.862001
O000159,M0013,47c37ece-149,M0013-C021,placed,160.65,2026-01-25 10:40:00,
O000160,M0013,f97d30f0-467,M0013-C022,fulfilled,344.36,2026-06-29 16:24:00,2026-06-30 05:52:39.990834
O000161,M0013,afd7df0c-941,M0013-C023,fulfilled,1646.47,2026-06-02 15:16:00,2026-06-03 10:03:13.430124
O000162,M0013,d8b724db-dc2,M0013-C024,cancelled,526.31,2026-04-25 10:25:00,
O000163,M0013,f23217a8-e24,M0013-C025,fulfilled,383.36,2026-03-28 22:00:00,2026-03-28 22:06:56.626072
O000164,M0015,9fc9d0b5-33f,M0015-C000,fulfilled,831.99,2026-02-13 12:44:00,2026-02-13 14:46:10.836993
O000165,M0015,f2a1ae71-a0e,M0015-C001,fulfilled,654.33,2026-03-05 16:20:00,2026-03-05 22:59:54.020753
O000166,M0015,16affc29-238,M0015-C002,fulfilled,751.62,2026-02-18 15:16:00,2026-02-20 22:52:11.485844
O000167,M0015,2f8dc4cd-92b,M0015-C003,fulfilled,365.15,2026-02-26 16:51:00,2026-03-03 00:59:31.911283
O000168,M0015,bde9ca9e-4ee,M0015-C004,fulfilled,241.01,2026-02-13 18:00:00,2026-02-14 07:02:01.039738
O000169,M0015,87b374fa-461,M0015-C004,fulfilled,524.26,2026-02-12 12:54:00,2026-02-17 08:32:51.362122
O000170,M0016,4900b4fb-cb6,M0016-C000,fulfilled,665.51,2026-02-26 12:20:00,2026-02-27 15:46:04.127514
O000171,M0016,de2d97dd-8f1,M0016-C000,fulfilled,290.97,2026-02-02 14:52:00,2026-02-05 20:43:34.707216
O000172,M0016,1fcddb34-4e9,M0016-C001,fulfilled,135.14,2026-02-05 21:08:00,2026-02-06 15:58:18.316791
O000173,M0016,2e433c54-89f,M0016-C001,fulfilled,355.38,2026-03-03 10:52:00,2026-03-03 12:38:45.457501
O000174,M0016,cfc6a504-5e0,M0016-C002,fulfilled,977.4,2026-01-11 16:04:00,2026-01-19 16:43:07.682412
O000175,M0016,c4b85d4c-390,M0016-C003,fulfilled,452.48,2026-02-20 08:59:00,2026-02-22 23:31:43.950831
O000176,M0016,89d5ce59-b93,M0016-C003,fulfilled,450.61,2026-03-06 18:32:00,2026-03-08 08:02:00.108296
O000177,M0016,7ab6e623-dbd,M0016-C005,fulfilled,532.49,2026-02-07 20:37:00,2026-02-11 06:08:01.254831
O000178,M0016,9816e164-3a9,M0016-C006,fulfilled,147.33,2026-02-24 15:44:00,2026-03-05 11:42:42.269157
O000179,M0016,733bdc0e-7b7,M0016-C006,fulfilled,293.93,2026-02-21 16:31:00,2026-03-01 21:58:51.060557
O000180,M0016,7b753b09-a88,M0016-C007,cancelled,900.46,2026-03-17 15:20:00,
O000181,M0016,24dd4890-b2a,M0016-C009,fulfilled,476.34,2026-01-08 11:00:00,2026-01-08 22:49:23.045791
O000182,M0016,124d9672-43b,M0016-C009,fulfilled,166.17,2026-01-30 17:19:00,2026-02-02 17:15:17.613801
O000183,M0016,ab02ed27-a04,M0016-C010,fulfilled,439.27,2026-01-10 09:30:00,2026-01-11 16:50:19.855256
O000184,M0016,2be468b3-10b,M0016-C011,fulfilled,376.54,2026-02-21 14:30:00,2026-02-23 07:54:22.908192
O000185,M0016,0e8381db-3b2,M0016-C012,placed,515.72,2026-02-10 20:18:00,
O000186,M0016,96a94a59-237,M0016-C013,fulfilled,617.86,2026-02-12 15:27:00,2026-02-13 06:48:15.607874
O000187,M0016,23170a83-d7a,M0016-C014,fulfilled,533.63,2026-01-05 12:29:00,2026-01-10 13:24:35.448094
O000188,M0016,e67098a1-ded,M0016-C014,fulfilled,115.56,2026-03-16 22:32:00,2026-03-22 09:42:34.324926
O000189,M0016,8a25411b-fb0,M0016-C016,placed,360.72,2026-03-25 15:45:00,
O000190,M0016,ab5cce69-ed3,M0016-C016,fulfilled,593.4,2026-03-03 09:09:00,2026-03-05 06:37:20.760545
O000191,M0016,48dd59e6-978,M0016-C017,fulfilled,179.64,2026-02-21 21:10:00,2026-02-22 00:07:34.251199
O000192,M0016,2ba1228c-cb5,M0016-C018,fulfilled,388.45,2026-03-21 10:39:00,2026-03-23 11:44:41.409179
O000193,M0016,cf7dec0e-89c,M0016-C019,fulfilled,432.37,2026-02-19 10:06:00,2026-02-19 23:01:40.978822
O000194,M0016,fefa581c-5be,M0016-C021,fulfilled,366.1,2026-03-02 17:43:00,2026-03-03 21:23:36.914694
O000195,M0016,ce98c0f7-91c,M0016-C021,fulfilled,956.23,2026-03-13 17:44:00,2026-03-17 20:34:29.132529
O000196,M0016,58a4204f-b86,M0016-C021,fulfilled,772.12,2026-02-04 18:48:00,2026-02-06 21:02:17.826393
O000197,M0016,b92e55ba-c4d,M0016-C022,fulfilled,826.02,2026-01-05 09:33:00,2026-01-06 07:38:53.929231
O000198,M0016,5e9061de-e7b,M0016-C023,fulfilled,1182.91,2026-03-18 11:41:00,2026-03-18 22:08:46.671331
O000199,M0016,476c2d42-aa5,M0016-C024,fulfilled,343.1,2026-01-22 13:34:00,2026-01-25 04:16:53.146923
O000200,M0016,85c96886-9d2,M0016-C024,fulfilled,740.25,2026-03-02 13:06:00,2026-03-07 06:13:06.037519
O000201,M0016,e8e2c088-d2a,M0016-C024,fulfilled,328.21,2026-01-17 18:59:00,2026-01-17 21:26:13.209637
O000202,M0016,103af56c-d42,M0016-C026,fulfilled,481.93,2026-02-14 11:38:00,2026-02-19 16:54:52.464234
O000203,M0017,3d0b2f21-c92,M0017-C001,fulfilled,627.33,2026-06-04 11:25:00,2026-06-04 14:06:02.886641
O000204,M0018,5b6df06d-d11,M0018-C001,fulfilled,217.98,2026-01-29 16:48:00,2026-01-29 21:46:38.186699
O000205,M0018,0d6c51c6-585,M0018-C003,fulfilled,411.28,2026-02-04 20:07:00,2026-02-04 22:41:33.846354
O000206,M0018,e31cef0e-974,M0018-C004,cancelled,157.92,2026-01-31 16:17:00,
O000207,M0018,f0380111-2fb,M0018-C004,fulfilled,573.95,2026-01-31 21:14:00,2026-02-01 23:49:10.522899
O000208,M0018,033f5937-350,M0018-C005,fulfilled,495.64,2026-01-18 17:31:00,2026-01-19 20:31:05.189249
O000209,M0019,53dd6875-651,M0019-C000,fulfilled,808.65,2026-03-08 13:00:00,2026-03-09 03:06:02.571714
O000210,M0019,0992bf5a-fb5,M0019-C001,fulfilled,310.99,2026-05-14 21:28:00,2026-05-16 07:39:39.236920
O000211,M0019,f39687c2-93a,M0019-C001,fulfilled,585.19,2026-06-26 10:45:00,2026-06-26 13:11:14.000059
O000212,M0019,7eedc7e7-db3,M0019-C001,fulfilled,158.58,2026-06-07 14:31:00,2026-06-16 11:11:54.750169
O000213,M0019,3c95db94-6db,M0019-C001,fulfilled,449.38,2026-06-04 16:59:00,2026-06-06 01:48:29.289777
O000214,M0019,5926882a-078,M0019-C003,fulfilled,567.31,2026-05-23 21:17:00,2026-05-24 09:38:10.174776
O000215,M0019,1268e5c1-cb7,M0019-C004,fulfilled,750.86,2026-06-25 20:23:00,2026-06-25 22:21:15.317214
O000216,M0019,cf9eab65-600,M0019-C005,fulfilled,516.76,2026-02-25 10:14:00,2026-02-25 12:00:12.595333
O000217,M0019,d927d1e5-a5c,M0019-C007,fulfilled,397.05,2026-03-12 10:54:00,2026-03-12 22:54:49.813189
O000218,M0019,5825a5d0-5e4,M0019-C007,fulfilled,1520.06,2026-06-14 08:11:00,2026-06-16 07:07:28.492052
O000219,M0019,e4ead318-4cc,M0019-C008,fulfilled,249.33,2026-03-15 19:55:00,2026-03-16 23:57:44.966855
O000220,M0019,4573d846-c83,M0019-C008,fulfilled,557.91,2026-03-28 14:54:00,2026-03-28 17:14:38.514506
O000221,M0019,a7a0c911-0cb,M0019-C009,fulfilled,241.92,2026-04-04 15:29:00,2026-04-05 10:54:17.580937
O000222,M0019,eddab40a-ed1,M0019-C009,fulfilled,313.34,2026-03-18 11:07:00,2026-03-18 14:30:22.375091
O000223,M0019,b465e65b-81d,M0019-C010,cancelled,380.86,2026-03-14 11:55:00,
O000224,M0019,31d55c05-8da,M0019-C010,fulfilled,409.7,2026-05-09 11:50:00,2026-05-10 13:56:03.526313
O000225,M0019,26d51ff7-bf3,M0019-C012,fulfilled,543.36,2026-03-26 15:09:00,2026-03-27 06:25:17.487392
O000226,M0019,37b28028-860,M0019-C012,fulfilled,706.42,2026-05-25 16:59:00,2026-05-26 14:49:59.149670
O000227,M0019,5d036635-2da,M0019-C013,fulfilled,352.73,2026-05-05 18:59:00,2026-05-06 23:19:01.339481
O000228,M0019,4b7c741c-81c,M0019-C013,fulfilled,406.75,2026-06-09 19:43:00,2026-06-11 12:26:15.430515
O000229,M0019,eb9c77ed-3a1,M0019-C014,fulfilled,681.66,2026-04-01 12:08:00,2026-04-01 16:26:30.166195
O000230,M0019,dfb69059-cc3,M0019-C014,fulfilled,228.25,2026-04-14 20:20:00,2026-04-16 13:22:55.961633
O000231,M0019,4f65d481-aa9,M0019-C014,fulfilled,425.81,2026-06-01 17:43:00,2026-06-03 02:53:59.180149
O000232,M0019,f0cbe817-408,M0019-C015,fulfilled,120.98,2026-05-11 19:35:00,2026-05-20 13:12:30.491841
O000233,M0019,dee84c8b-9f5,M0019-C016,fulfilled,467.31,2026-03-28 19:16:00,2026-03-29 08:03:24.934297
O000234,M0019,7e8da109-f16,M0019-C016,fulfilled,441.04,2026-04-30 19:57:00,2026-05-04 17:47:51.129185
O000235,M0019,0350376b-2dc,M0019-C017,fulfilled,478.39,2026-05-17 20:44:00,2026-05-19 15:02:25.798662
O000236,M0019,584af10c-4e1,M0019-C017,fulfilled,552.43,2026-03-09 13:00:00,2026-03-09 16:54:55.451909
O000237,M0019,5b7286f4-c15,M0019-C017,fulfilled,685.44,2026-05-24 08:37:00,2026-05-30 19:51:33.961109
O000238,M0019,a0a21ae5-4cc,M0019-C017,fulfilled,477.89,2026-05-30 22:11:00,2026-05-30 23:28:03.185919
O000239,M0019,a0a21ae5-4cc,M0019-C017,fulfilled,477.89,2026-05-30 22:11:00,2026-05-30 23:28:03.185919
O000240,M0019,4d5e77f4-0ff,M0019-C019,fulfilled,297.94,2026-05-01 21:16:00,2026-05-01 21:45:53.170090
O000241,M0019,36848ee0-787,M0019-C019,fulfilled,111.9,2026-04-07 11:53:00,2026-04-07 18:57:44.567724
O000242,M0019,f4d541dc-2ad,M0019-C020,fulfilled,561.6,2026-05-09 19:54:00,2026-05-10 18:08:22.848179
O000243,M0019,02ced3a0-c33,M0019-C021,placed,146.58,2026-05-26 17:49:00,
O000244,M0019,c265fcec-bf8,M0019-C022,fulfilled,333.97,2026-04-24 10:01:00,2026-04-24 11:18:03.761912
O000245,M0019,f783fa70-10a,M0019-C022,fulfilled,463.78,2026-04-21 16:23:00,2026-04-24 07:18:45.279891
O000246,M0019,e4ee5962-2ee,M0019-C023,fulfilled,199.11,2026-04-22 14:36:00,2026-04-27 09:14:17.235893
O000247,M0019,16d81792-e8d,M0019-C023,fulfilled,548.2,2026-05-03 09:19:00,2026-05-03 14:37:13.901415
O000248,M0020,8b364889-19a,M0020-C000,fulfilled,765.13,2026-01-13 14:50:00,2026-01-14 21:53:15.218598
O000249,M0020,fe2c9e4a-7f3,M0020-C000,fulfilled,707.15,2026-05-04 20:36:00,2026-05-05 08:09:53.634445
O000250,M0020,985acad0-76b,M0020-C001,fulfilled,963.99,2026-01-15 11:12:00,2026-01-16 08:12:30.996395
O000251,M0020,b19f8f85-fa5,M0020-C001,fulfilled,543.77,2026-01-25 09:25:00,2026-01-25 19:59:41.601801
O000252,M0020,00b252fb-5e3,M0020-C001,fulfilled,421.58,2026-02-15 14:19:00,2026-02-18 22:17:00.899069
O000253,M0020,2662f6de-ef4,M0020-C002,fulfilled,969.21,2026-01-09 15:12:00,2026-01-09 20:35:21.292493
O000254,M0020,9a202a7a-719,M0020-C004,fulfilled,151.85,2026-03-06 09:55:00,2026-03-09 03:54:44.999494
O000255,M0020,12dc9df2-f0b,M0020-C004,fulfilled,452.75,2026-01-07 08:58:00,2026-01-08 07:19:03.465702
O000256,M0021,b09a2965-416,M0021-C000,fulfilled,513.53,2026-01-17 08:35:00,2026-01-23 00:35:52.304154
O000257,M0021,5ca62f20-a16,M0021-C002,fulfilled,459.04,2026-03-25 12:49:00,2026-03-25 23:09:34.352294
O000258,M0021,3697737e-ab1,M0021-C002,fulfilled,505.67,2026-03-04 08:18:00,2026-03-06 15:58:18.794472
O000259,M0021,9638a24e-f00,M0021-C003,fulfilled,421.98,2026-04-25 20:51:00,2026-04-28 00:59:30.853884
O000260,M0021,c2895f68-897,M0021-C003,fulfilled,353.1,2026-04-28 17:45:00,2026-04-30 13:21:21.400790
O000261,M0021,643a48b5-8f4,M0021-C004,fulfilled,170.3,2026-02-05 10:21:00,2026-02-09 21:45:41.214349
O000262,M0021,61a01677-8af,M0021-C005,fulfilled,482.32,2026-01-22 09:23:00,2026-01-23 14:35:54.824268
O000263,M0021,1e4e7dce-4cf,M0021-C005,fulfilled,802.01,2026-02-05 16:54:00,2026-02-07 00:33:01.259591
O000264,M0021,43e86f05-3d2,M0021-C006,fulfilled,686.58,2026-04-15 19:45:00,2026-04-15 23:26:28.947439
O000265,M0021,cebb2c78-1cf,M0021-C008,fulfilled,328.11,2026-01-06 09:23:00,2026-01-12 01:04:37.850003
O000266,M0021,e3655f0a-e21,M0021-C009,fulfilled,444.63,2026-04-03 11:00:00,2026-04-05 00:46:01.633346
O000267,M0021,fc0cbc6c-de9,M0021-C009,fulfilled,949.23,2026-04-22 13:17:00,2026-04-24 09:53:52.288693
O000268,M0021,bdc531b0-3d2,M0021-C010,fulfilled,1039.66,2026-05-03 15:06:00,2026-05-09 01:23:58.989666
O000269,M0021,f5d3dc58-807,M0021-C011,fulfilled,457.55,2026-04-29 20:58:00,2026-05-01 10:59:11.911613
O000270,M0021,9d5a1d52-63b,M0021-C013,fulfilled,458.67,2026-02-28 08:24:00,2026-02-28 18:31:10.210194
O000271,M0021,4821fcae-2f4,M0021-C013,cancelled,1198.83,2026-03-31 09:26:00,
O000272,M0021,725b070f-64a,M0021-C013,fulfilled,257.36,2026-04-04 08:18:00,2026-04-06 18:06:08.903185
O000273,M0021,b2ee3d5e-d47,M0021-C014,fulfilled,156.85,2026-03-06 22:42:00,2026-03-08 23:22:30.857833
O000274,M0021,f60263a7-bef,M0021-C014,fulfilled,956.37,2026-04-09 18:29:00,2026-04-10 16:57:48.153473
O000275,M0021,394376ec-2ca,M0021-C015,fulfilled,754.14,2026-05-03 09:10:00,2026-05-03 11:39:12.401149
O000276,M0021,ba3b11f8-333,M0021-C016,fulfilled,510.61,2026-04-02 08:33:00,2026-04-03 09:48:44.801294
O000277,M0021,d39a629c-331,M0021-C016,fulfilled,1072.12,2026-02-23 19:53:00,2026-02-25 08:57:34.652409
O000278,M0021,61beb866-4a7,M0021-C016,fulfilled,624.8,2026-02-01 09:22:00,2026-02-02 12:52:26.029535
O000279,M0021,b9553889-603,M0021-C018,fulfilled,224.58,2026-01-13 12:56:00,2026-01-15 04:36:57.051006
O000280,M0021,f301bb2c-eed,M0021-C018,cancelled,250.89,2026-01-05 11:20:00,
O000281,M0021,0b78a8ce-2bc,M0021-C018,fulfilled,733.45,2026-01-12 16:04:00,2026-01-12 20:49:43.322838
O000282,M0021,0b78a8ce-2bc,M0021-C018,fulfilled,733.45,2026-01-12 16:04:00,2026-01-12 20:49:43.322838
O000283,M0021,2ec97c1b-e84,M0021-C019,fulfilled,167.19,2026-04-26 18:34:00,2026-04-27 09:46:30.952147
O000284,M0021,6007e387-21b,M0021-C020,fulfilled,116.99,2026-02-18 10:37:00,2026-02-20 01:50:33.520732
O000285,M0021,93dc78c1-e9a,M0021-C020,fulfilled,634.04,2026-01-21 20:48:00,2026-01-27 11:54:45.520926
O000286,M0021,42710952-80b,M0021-C020,fulfilled,535.63,2026-01-12 18:30:00,2026-01-12 20:29:06.204488
O000287,M0021,ed0bb2ab-c98,M0021-C024,fulfilled,181.83,2026-01-18 08:41:00,2026-01-18 13:52:30.531391
O000288,M0021,78d39609-4a9,M0021-C024,fulfilled,547.94,2026-01-27 22:00:00,2026-01-27 22:42:48.066078
O000289,M0021,995ce625-ce0,M0021-C025,placed,658.4,2026-03-09 16:18:00,
O000290,M0021,a7b99ac9-2d4,M0021-C025,fulfilled,456.12,2026-03-18 16:54:00,2026-03-22 04:09:56.184716
O000291,M0021,e6bbc203-cab,M0021-C026,fulfilled,446.83,2026-04-24 14:05:00,2026-04-25 12:06:34.381787
O000292,M0022,8162212e-d42,M0022-C002,cancelled,1007.56,2026-01-15 14:02:00,
O000293,M0022,882360ac-88a,M0022-C002,fulfilled,152.94,2026-01-31 21:35:00,2026-02-01 01:05:55.714046
O000294,M0022,1226d433-777,M0022-C002,fulfilled,544.01,2026-03-02 15:58:00,2026-03-03 04:20:33.389122
O000295,M0022,4a9c170d-a35,M0022-C002,fulfilled,140.71,2026-02-11 12:14:00,2026-02-14 02:13:14.205123
O000296,M0022,5af902fe-125,M0022-C003,fulfilled,1049.46,2026-02-15 20:20:00,2026-02-15 23:05:44.221622
O000297,M0022,5af902fe-125,M0022-C003,fulfilled,1049.46,2026-02-15 20:20:00,2026-02-15 23:05:44.221622
O000298,M0022,5643544d-a86,M0022-C003,fulfilled,104.58,2026-02-28 16:42:00,2026-03-01 06:56:32.411349
O000299,M0022,a0680649-ddc,M0022-C004,fulfilled,353.59,2026-02-12 09:05:00,2026-02-16 21:23:14.531242
O000300,M0022,079bc938-10a,M0022-C004,fulfilled,184.75,2026-02-21 15:30:00,2026-02-22 17:40:15.534501
O000301,M0022,c31f4449-609,M0022-C005,fulfilled,80.45,2026-03-09 17:57:00,2026-03-09 22:05:20.307894
O000302,M0022,76e6b680-eac,M0022-C006,fulfilled,1176.9,2026-02-24 10:47:00,2026-02-25 12:24:46.003141
O000303,M0022,b8759823-c04,M0022-C007,fulfilled,910.53,2026-02-28 18:30:00,2026-03-11 18:17:05.749882
O000304,M0022,25e17831-e45,M0022-C007,fulfilled,606.61,2026-02-16 21:58:00,2026-02-17 06:39:49.518573
O000305,M0022,aa5cb2cd-1d7,M0022-C008,fulfilled,206.53,2026-03-08 21:43:00,2026-03-13 21:37:45.665076
O000306,M0022,2e33a1d1-13e,M0022-C008,fulfilled,763.06,2026-02-21 12:23:00,2026-02-22 01:23:58.513451
O000307,M0022,2f1ab19d-977,M0022-C009,fulfilled,560.24,2026-03-03 12:17:00,2026-03-04 08:32:07.746029
O000308,M0022,db106e03-bd6,M0022-C010,fulfilled,975.05,2026-02-08 18:25:00,2026-02-09 12:48:49.288754
O000309,M0022,66c21e3e-38f,M0022-C010,fulfilled,65.93,2026-03-01 08:51:00,2026-03-02 08:58:54.344943
O000310,M0022,4c1d5f75-222,M0022-C010,fulfilled,446.17,2026-01-30 22:39:00,2026-01-31 01:26:49.754359
O000311,M0022,3bf25150-a2c,M0022-C011,fulfilled,187.14,2026-03-01 19:32:00,2026-03-02 14:17:05.314069
O000312,M0022,defe9ede-378,M0022-C011,fulfilled,364.41,2026-02-05 16:37:00,2026-02-09 01:54:43.184742
O000313,M0022,591e66fb-560,M0022-C012,fulfilled,1040.61,2026-01-30 17:22:00,2026-02-01 17:33:01.131724
O000314,M0022,889ce578-476,M0022-C012,fulfilled,859.65,2026-02-20 17:55:00,2026-02-23 01:06:51.091860
O000315,M0022,42dbb99a-3f2,M0022-C013,fulfilled,173.02,2026-03-10 18:34:00,2026-03-11 07:26:59.311913
O000316,M0022,e3f6b157-c13,M0022-C015,fulfilled,872.44,2026-02-04 18:13:00,2026-02-05 14:36:19.644955
O000317,M0022,eec3514b-4ab,M0022-C015,fulfilled,596.58,2026-02-22 14:53:00,2026-02-26 12:10:53.141129
O000318,M0022,3ea851aa-6a1,M0022-C016,fulfilled,839.48,2026-02-10 15:26:00,2026-02-11 12:58:49.442036
O000319,M0022,78574533-558,M0022-C017,fulfilled,726.56,2026-02-02 10:23:00,2026-02-06 02:49:22.681159
O000320,M0022,7b9f2fe2-e22,M0022-C017,fulfilled,925.11,2026-02-20 12:12:00,2026-02-23 00:07:21.555019
O000321,M0022,e690de74-d14,M0022-C018,fulfilled,250.31,2026-02-04 22:38:00,2026-02-05 05:17:04.743530
O000322,M0022,48a2ac70-a5c,M0022-C019,cancelled,311.42,2026-01-15 11:19:00,
O000323,M0022,49dafefb-918,M0022-C019,fulfilled,701.42,2026-01-27 19:18:00,2026-01-27 20:03:48.161399
O000324,M0022,8a65b8fa-8e1,M0022-C019,fulfilled,515.66,2026-02-24 20:11:00,2026-02-25 07:27:43.767332
O000325,M0022,d37f63e7-350,M0022-C020,fulfilled,142.8,2026-02-21 08:43:00,2026-02-21 20:41:07.321060
O000326,M0022,ddf2722c-e1e,M0022-C020,fulfilled,1165.24,2026-01-30 15:51:00,2026-01-30 16:19:02.623877
O000327,M0022,7b51f4ea-b73,M0022-C021,cancelled,356.02,2026-02-27 18:50:00,
O000328,M0022,e4eef37e-38a,M0022-C021,fulfilled,862.77,2026-02-09 18:23:00,2026-02-11 13:36:17.610820
O000329,M0022,d87386d1-ffc,M0022-C021,fulfilled,756.82,2026-01-31 17:43:00,2026-02-01 16:54:25.431627
O000330,M0023,e43fdc4f-ddb,M0023-C001,fulfilled,118.98,2026-02-12 12:28:00,2026-02-12 20:42:47.479231
O000331,M0023,e1c43dfa-b19,M0023-C002,fulfilled,199.89,2026-01-17 18:24:00,2026-01-17 23:41:16.642945
O000332,M0023,bc8fc6d6-112,M0023-C003,fulfilled,1061.56,2026-01-21 19:54:00,2026-01-23 21:58:12.900404
O000333,M0023,e038ab3b-5e3,M0023-C003,fulfilled,1310.85,2026-02-15 12:18:00,2026-02-15 15:44:54.387875
O000334,M0023,1f37432e-d7a,M0023-C005,fulfilled,1404.84,2026-01-27 13:31:00,2026-01-28 22:03:23.862225
O000335,M0023,22e712d9-5da,M0023-C005,fulfilled,372.22,2026-01-22 13:58:00,2026-01-22 14:16:57.211322
O000336,M0023,77569387-430,M0023-C006,fulfilled,497.39,2026-01-24 14:34:00,2026-01-25 02:46:21.887610
O000337,M0023,11ea62d2-8c8,M0023-C006,fulfilled,422.14,2026-01-27 09:10:00,2026-01-30 18:28:07.059192
O000338,M0023,c52b5908-add,M0023-C008,fulfilled,537.27,2026-01-25 16:02:00,2026-01-25 17:01:04.178755
O000339,M0023,1acb187d-0a6,M0023-C009,fulfilled,657.22,2026-02-06 11:23:00,2026-02-10 08:47:13.955164
O000340,M0023,de0e3d24-9a9,M0023-C010,fulfilled,630.05,2026-01-22 15:43:00,2026-01-22 21:13:54.124471
O000341,M0023,c36089ff-02d,M0023-C010,fulfilled,830.93,2026-01-22 21:42:00,2026-01-23 11:08:26.740575
O000342,M0023,8c09bbeb-475,M0023-C010,fulfilled,695.35,2026-01-24 15:48:00,2026-01-25 02:03:05.877185
O000343,M0023,9c9ee6c2-ff7,M0023-C010,fulfilled,812.48,2026-01-23 14:44:00,2026-01-25 22:49:56.568547
O000344,M0023,6ee33b02-37f,M0023-C010,fulfilled,374.0,2026-01-30 18:53:00,2026-02-03 06:40:36.471248
O000345,M0023,16365433-f22,M0023-C011,fulfilled,385.15,2026-02-09 21:18:00,2026-02-10 21:47:11.057623
O000346,M0023,1742e623-7ca,M0023-C013,cancelled,305.23,2026-02-04 16:37:00,
O000347,M0023,37053717-e13,M0023-C013,fulfilled,298.65,2026-01-19 22:15:00,2026-01-20 14:43:14.891139
O000348,M0023,bd382cd9-5c9,M0023-C013,fulfilled,586.98,2026-01-19 22:59:00,2026-01-21 02:49:29.808952
O000349,M0023,49d411df-444,M0023-C014,fulfilled,484.03,2026-01-25 15:02:00,2026-01-25 21:38:12.835364
O000350,M0025,2208bebd-0d6,M0025-C000,fulfilled,655.07,2026-06-16 22:55:00,2026-06-29 01:57:40.468540
O000351,M0025,4fda2e79-f2e,M0025-C001,fulfilled,858.64,2026-06-08 19:57:00,2026-06-12 01:45:52.665927
O000352,M0025,aeeb7a31-c3b,M0025-C001,fulfilled,1056.82,2026-06-24 08:26:00,2026-06-25 19:51:30.510254
O000353,M0025,9671159b-b40,M0025-C001,fulfilled,238.25,2026-06-26 22:01:00,2026-06-29 01:07:23.231933
O000354,M0025,46143f2c-835,M0025-C002,fulfilled,1178.78,2026-06-16 19:55:00,2026-06-18 11:09:18.409494
O000355,M0025,ad7a23e5-1d3,M0025-C003,fulfilled,556.55,2026-06-30 12:27:00,2026-07-09 01:43:47.048129
O000356,M0025,d3c2ba68-c27,M0025-C004,fulfilled,746.65,2026-06-14 22:52:00,2026-06-15 07:17:52.523794
O000357,M0025,f16711b2-1a2,M0025-C004,fulfilled,594.76,2026-06-13 20:56:00,2026-06-13 23:52:17.952810
O000358,M0025,73ac8655-992,M0025-C004,fulfilled,155.28,2026-06-21 10:49:00,2026-06-21 18:01:09.736444
O000359,M0025,7f46258e-b7a,M0025-C005,fulfilled,264.96,2026-06-24 12:27:00,2026-06-29 23:21:06.598071
O000360,M0025,bbc48bf0-0c3,M0025-C005,fulfilled,265.77,2026-06-15 08:26:00,2026-06-16 06:33:21.794905
O000361,M0025,9f1663f4-370,M0025-C006,fulfilled,944.07,2026-06-26 09:09:00,2026-06-27 10:52:45.856675
O000362,M0025,89f24bda-869,M0025-C007,fulfilled,765.92,2026-06-23 09:56:00,2026-06-24 19:17:34.422264
O000363,M0025,c7333639-6a6,M0025-C007,fulfilled,421.32,2026-06-16 12:05:00,2026-06-17 11:46:16.330422
O000364,M0025,beeed384-ae3,M0025-C009,fulfilled,403.5,2026-06-28 22:24:00,2026-06-29 11:13:15.340843
O000365,M0025,89cc0158-a7e,M0025-C010,fulfilled,1284.97,2026-06-08 13:04:00,2026-06-10 14:05:26.927555
O000366,M0025,51d733a8-d75,M0025-C010,fulfilled,641.29,2026-06-20 21:24:00,2026-06-21 07:26:06.509917
O000367,M0025,51d733a8-d75,M0025-C010,fulfilled,641.29,2026-06-20 21:24:00,2026-06-21 07:26:06.509917
O000368,M0025,cb9a3907-b8b,M0025-C013,fulfilled,402.24,2026-06-09 20:49:00,2026-06-13 23:35:21.877968
O000369,M0025,fbccc8ab-652,M0025-C013,placed,1107.5,2026-06-29 21:21:00,
O000370,M0025,978bf3d5-613,M0025-C014,fulfilled,306.62,2026-06-07 15:18:00,2026-06-08 10:10:18.726234
O000371,M0025,636abb92-184,M0025-C014,fulfilled,984.93,2026-06-11 19:35:00,2026-06-14 07:14:31.837214
O000372,M0025,a60afaa6-506,M0025-C015,fulfilled,170.99,2026-06-27 10:31:00,2026-07-01 06:43:00.848273
O000373,M0025,1437b6f1-06e,M0025-C015,fulfilled,650.49,2026-06-07 17:00:00,2026-06-08 07:10:16.983494
O000374,M0025,f3b28432-22b,M0025-C015,fulfilled,1007.28,2026-06-26 14:37:00,2026-06-27 12:53:23.680493
O000375,M0025,6922c4e9-ad1,M0025-C016,fulfilled,151.81,2026-06-12 11:46:00,2026-06-12 15:26:55.071162
O000376,M0025,9080dfb4-f15,M0025-C017,fulfilled,751.04,2026-06-10 10:44:00,2026-06-10 22:31:00.346929
O000377,M0025,360d05a3-315,M0025-C017,fulfilled,785.25,2026-06-17 13:16:00,2026-06-18 05:44:47.996791
O000378,M0026,e5aad3a9-4a9,M0026-C000,fulfilled,472.96,2026-05-19 13:42:00,2026-05-24 11:18:09.299949
O000379,M0026,c64d2b5e-948,M0026-C000,fulfilled,966.96,2026-06-15 18:38:00,2026-06-18 04:58:31.526509
O000380,M0026,28317343-682,M0026-C000,fulfilled,407.26,2026-05-16 17:47:00,2026-05-18 17:29:32.823080
O000381,M0026,1e1fed6e-3f3,M0026-C000,fulfilled,410.58,2026-06-03 10:08:00,2026-06-07 08:31:37.745414
O000382,M0026,ab702d00-7bd,M0026-C001,fulfilled,617.98,2026-06-05 15:38:00,2026-06-05 19:43:14.902886
O000383,M0026,786616ba-51c,M0026-C002,fulfilled,114.86,2026-05-08 21:50:00,2026-05-11 13:45:45.295158
O000384,M0026,880cb4b1-b53,M0026-C003,fulfilled,353.37,2026-06-25 17:31:00,2026-07-01 17:41:19.564074
O000385,M0026,287473c8-b39,M0026-C003,fulfilled,272.93,2026-05-30 14:24:00,2026-06-01 04:31:53.785929
O000386,M0026,cbc04e1e-edc,M0026-C003,fulfilled,846.63,2026-05-12 14:24:00,2026-05-13 00:19:44.920712
O000387,M0027,fb6e5999-4b0,M0027-C003,fulfilled,740.79,2026-06-23 19:02:00,2026-06-24 06:36:00.843268
O000388,M0027,881e67ee-fe9,M0027-C004,fulfilled,293.07,2026-04-08 16:37:00,2026-04-09 21:27:45.854924
O000389,M0027,5139f6c2-40d,M0027-C004,fulfilled,792.79,2026-02-11 17:11:00,2026-02-13 12:09:34.086408
O000390,M0027,ac08c6a8-1c0,M0027-C005,fulfilled,386.91,2026-03-12 18:25:00,2026-03-19 15:23:57.565446
O000391,M0027,2db9c3f1-ad2,M0027-C005,fulfilled,142.47,2026-03-11 15:59:00,2026-03-12 22:52:38.602846
O000392,M0027,b0d04bb9-c0e,M0027-C006,cancelled,245.06,2026-05-26 08:20:00,
O000393,M0028,abfaa96b-9dd,M0028-C000,fulfilled,658.36,2026-01-25 09:06:00,2026-01-26 06:11:03.214285
O000394,M0028,3a44df61-e09,M0028-C001,fulfilled,790.2,2026-01-07 11:44:00,2026-01-08 07:42:48.789049
O000395,M0028,a35ed930-5b0,M0028-C001,fulfilled,408.97,2026-01-20 10:34:00,2026-01-20 21:18:56.401456
O000396,M0028,716a2fe4-fae,M0028-C001,fulfilled,584.17,2026-01-09 20:57:00,2026-01-10 22:19:34.003535
O000397,M0028,91b06059-af3,M0028-C003,fulfilled,898.28,2026-01-24 09:31:00,2026-01-24 22:24:41.667676
O000398,M0028,ba6eb4c9-c81,M0028-C003,fulfilled,571.65,2026-01-24 09:13:00,2026-01-24 20:00:29.288336
O000399,M0028,6e6ca1f7-7b1,M0028-C003,fulfilled,852.47,2026-01-08 09:35:00,2026-01-08 09:57:19.542652
O000400,M0029,1e521df1-951,M0029-C000,fulfilled,1224.8,2026-02-19 21:19:00,2026-02-21 05:50:59.058876
O000401,M0029,85073385-f4c,M0029-C001,cancelled,688.06,2026-02-24 12:13:00,
O000402,M0029,0d9d8e7c-0a0,M0029-C002,fulfilled,824.39,2026-01-03 14:52:00,2026-01-05 10:28:10.448055
O000403,M0029,f8ef1cab-a85,M0029-C003,fulfilled,586.54,2026-03-16 13:52:00,2026-03-16 17:10:23.622540
O000404,M0029,b2eb92d4-041,M0029-C003,fulfilled,412.26,2026-03-05 10:41:00,2026-03-08 00:35:18.484846
O000405,M0029,48303775-18b,M0029-C005,fulfilled,143.06,2026-03-22 19:45:00,2026-03-23 05:18:53.041115
O000406,M0029,efb3568e-894,M0029-C005,fulfilled,307.01,2026-01-14 21:29:00,2026-01-19 02:47:07.387866
O000407,M0029,5b9dd6bb-35d,M0029-C006,fulfilled,898.41,2026-03-22 18:53:00,2026-03-26 10:59:56.918344
O000408,M0029,42127f9f-406,M0029-C006,fulfilled,618.88,2026-01-10 21:08:00,2026-01-11 04:23:15.668517
O000409,M0029,017b1d9c-d7a,M0029-C007,fulfilled,124.7,2026-02-28 08:29:00,2026-02-28 20:18:48.794185
O000410,M0029,b67069a5-bb7,M0029-C007,fulfilled,601.84,2026-01-24 18:10:00,2026-01-27 05:23:48.678444
O000411,M0029,2bde66e7-3dc,M0029-C007,fulfilled,181.98,2026-03-27 08:19:00,2026-03-27 09:00:53.405592
O000412,M0029,c6c59be1-fb1,M0029-C008,fulfilled,860.99,2026-02-08 20:12:00,2026-02-09 08:39:14.070612
O000413,M0029,d9025141-90c,M0029-C008,fulfilled,304.42,2026-01-31 17:25:00,2026-02-02 23:37:29.006069
O000414,M0029,8a4dba9b-9a5,M0029-C008,fulfilled,643.54,2026-03-17 08:30:00,2026-03-18 12:25:16.983109
O000415,M0029,0f853cb2-954,M0029-C010,fulfilled,512.68,2026-02-01 20:32:00,2026-02-02 17:38:33.319502
O000416,M0029,d51512f5-e33,M0029-C011,fulfilled,1643.6,2026-03-10 16:09:00,2026-03-11 16:37:06.472180
O000417,M0029,e1eb3cb3-540,M0029-C012,fulfilled,336.02,2026-01-27 15:55:00,2026-01-29 15:50:10.713461
O000418,M0029,a74cf36b-f1b,M0029-C013,fulfilled,790.16,2026-03-22 08:50:00,2026-03-26 00:54:56.238499
O000419,M0029,5e062b63-607,M0029-C013,fulfilled,257.37,2026-03-05 13:55:00,2026-03-07 07:41:44.613022
O000420,M0029,34a4479c-bb6,M0029-C014,fulfilled,870.7,2026-03-11 20:45:00,2026-03-12 03:40:16.119635
O000421,M0030,502b7480-96e,M0030-C000,fulfilled,924.81,2026-01-24 16:28:00,2026-01-24 18:00:45.040344
O000422,M0030,946e072e-691,M0030-C000,fulfilled,202.19,2026-02-06 13:45:00,2026-02-11 01:22:15.946775
O000423,M0030,db463f2b-38a,M0030-C000,fulfilled,660.18,2026-02-13 11:28:00,2026-02-17 18:56:13.317442
O000424,M0030,3747f13a-42c,M0030-C000,fulfilled,313.24,2026-02-07 17:27:00,2026-02-08 14:14:56.456568
O000425,M0030,c7e2955f-61c,M0030-C002,fulfilled,189.34,2026-02-05 15:25:00,2026-02-05 16:15:56.780232
O000426,M0030,5ba3998c-180,M0030-C002,fulfilled,260.26,2026-02-01 12:37:00,2026-02-04 23:21:33.396039
O000427,M0030,77b2d42d-0be,M0030-C003,fulfilled,240.14,2026-02-02 12:41:00,2026-02-02 12:54:54.649950
O000428,M0030,405f7028-65d,M0030-C004,fulfilled,240.17,2026-02-02 18:47:00,2026-02-06 15:55:03.692429
O000429,M0030,a7c4b2b2-3a6,M0030-C005,fulfilled,564.38,2026-02-12 21:13:00,2026-02-13 00:38:02.998722
O000430,M0030,284e8727-ddf,M0030-C005,cancelled,1052.6,2026-01-25 09:18:00,
O000431,M0030,808f03df-bd3,M0030-C006,placed,387.15,2026-02-10 16:34:00,
O000432,M0030,bd2beb6a-5bb,M0030-C007,fulfilled,352.67,2026-01-30 18:19:00,2026-02-02 21:36:30.587824
O000433,M0030,52519209-ed5,M0030-C010,fulfilled,478.98,2026-02-01 11:25:00,2026-02-01 22:32:27.778577
O000434,M0030,2c6b7c63-b38,M0030-C010,fulfilled,886.99,2026-02-06 18:25:00,2026-02-07 09:29:09.219208
O000435,M0030,3e845a1e-aa1,M0030-C012,fulfilled,498.17,2026-02-06 10:50:00,2026-02-06 15:01:53.574608
O000436,M0030,10ff94f8-b48,M0030-C013,placed,622.04,2026-02-03 15:37:00,
O000437,M0030,a698fc11-5cd,M0030-C015,fulfilled,243.45,2026-02-09 13:30:00,2026-02-12 02:20:50.078485
O000438,M0030,725643dd-e23,M0030-C016,fulfilled,623.21,2026-02-09 20:24:00,2026-02-15 13:38:42.012383
O000439,M0030,38879776-464,M0030-C016,placed,346.86,2026-01-26 18:44:00,
O000440,M0030,6a6838e5-b57,M0030-C018,fulfilled,950.1,2026-01-29 13:38:00,2026-01-31 14:41:50.312673
O000441,M0030,c33f1887-4d7,M0030-C019,fulfilled,527.23,2026-02-06 20:01:00,2026-02-07 12:12:36.450993
O000442,M0030,ab6cf461-94e,M0030-C019,fulfilled,201.77,2026-01-25 21:50:00,2026-01-26 05:03:24.293355
O000443,M0032,06412b9d-17b,M0032-C000,fulfilled,926.09,2026-03-19 14:57:00,2026-03-20 22:14:55.632773
O000444,M0032,06412b9d-17b,M0032-C000,fulfilled,926.09,2026-03-19 14:57:00,2026-03-20 22:14:55.632773
O000445,M0032,34283ba9-c84,M0032-C001,fulfilled,556.78,2026-06-27 12:14:00,2026-06-29 03:39:00.049269
O000446,M0032,cdf751bb-23f,M0032-C002,fulfilled,560.57,2026-03-11 09:29:00,2026-03-15 19:48:02.802387
O000447,M0032,0953f241-653,M0032-C004,fulfilled,1393.26,2026-04-20 20:11:00,2026-04-21 22:09:55.539728
O000448,M0032,06a2d331-9ab,M0032-C004,fulfilled,165.8,2026-02-23 19:39:00,2026-02-24 08:41:23.701864
O000449,M0032,4296d234-7fa,M0032-C004,fulfilled,487.49,2026-05-19 11:32:00,2026-05-21 22:14:14.900493
O000450,M0033,4e48bfa5-b6a,M0033-C000,fulfilled,770.42,2026-04-29 19:25:00,2026-05-02 04:08:32.120819
O000451,M0033,a6eec6bd-393,M0033-C001,fulfilled,407.77,2026-05-11 19:38:00,2026-05-12 07:26:56.775611
O000452,M0033,6f14ace1-d3a,M0033-C002,fulfilled,539.94,2026-05-22 10:37:00,2026-05-29 12:43:06.900581
O000453,M0033,c94be5af-bd4,M0033-C004,fulfilled,214.43,2026-04-21 18:24:00,2026-04-24 18:52:18.505081
O000454,M0033,fbbef074-4bf,M0033-C005,fulfilled,1263.01,2026-02-09 11:02:00,2026-02-10 11:04:36.993745
O000455,M0033,0efdb90c-f1b,M0033-C008,fulfilled,940.23,2026-02-25 17:01:00,2026-02-25 20:48:15.862156
O000456,M0033,814c2d77-238,M0033-C008,cancelled,467.46,2026-06-19 17:37:00,
O000457,M0033,c7fbdc60-c29,M0033-C009,fulfilled,424.24,2026-02-18 20:24:00,2026-02-19 05:22:10.903502
O000458,M0033,19fc87da-d5e,M0033-C009,fulfilled,787.73,2026-04-22 20:51:00,2026-04-23 02:13:48.199890
O000459,M0033,cbff3ce9-d85,M0033-C010,cancelled,537.72,2026-03-13 13:41:00,
O000460,M0033,e5344f6c-04f,M0033-C010,cancelled,1061.94,2026-06-08 08:43:00,
O000461,M0033,59717524-245,M0033-C011,fulfilled,479.28,2026-04-10 22:45:00,2026-04-18 06:26:42.142910
O000462,M0033,e590d4e8-e0c,M0033-C013,placed,539.52,2026-02-20 16:11:00,
O000463,M0033,67d8063c-f64,M0033-C013,fulfilled,666.07,2026-01-16 20:04:00,2026-01-18 14:22:56.594574
O000464,M0033,1abbee6e-c68,M0033-C013,fulfilled,322.28,2026-04-23 23:03:00,2026-04-24 16:36:02.233111
O000465,M0033,6f51f0af-851,M0033-C014,placed,140.8,2026-03-26 16:20:00,
O000466,M0033,9e6c2495-cb0,M0033-C014,fulfilled,383.26,2026-04-17 16:07:00,2026-04-18 16:46:58.704793
O000467,M0033,3cf3912b-307,M0033-C016,fulfilled,176.66,2026-06-22 17:32:00,2026-06-22 20:22:50.876445
O000468,M0033,ee679414-4eb,M0033-C017,fulfilled,612.53,2026-04-25 13:33:00,2026-04-26 05:52:55.300501
O000469,M0033,d20da5c0-e92,M0033-C019,fulfilled,843.98,2026-02-27 18:26:00,2026-02-27 23:24:51.852618
O000470,M0033,5d0c3754-abb,M0033-C019,fulfilled,130.11,2026-02-04 19:23:00,2026-02-08 03:09:22.969594
O000471,M0033,c746d84f-5f3,M0033-C019,fulfilled,415.98,2026-04-04 20:01:00,2026-04-06 05:01:24.025394
O000472,M0033,d5748eaf-855,M0033-C020,fulfilled,479.18,2026-05-02 15:08:00,2026-05-03 21:50:56.135347
O000473,M0033,8f7fdce9-485,M0033-C021,fulfilled,1028.19,2026-02-19 08:38:00,2026-02-26 16:48:54.946410
O000474,M0033,297c9a3d-035,M0033-C021,placed,261.5,2026-03-17 08:30:00,
O000475,M0033,dc61ddcb-f80,M0033-C021,fulfilled,1016.74,2026-01-24 14:54:00,2026-01-24 21:37:12.012047
O000476,M0033,5b4d9af6-176,M0033-C023,fulfilled,544.1,2026-02-26 16:30:00,2026-02-27 13:26:35.999656
O000477,M0033,6aa08584-830,M0033-C023,fulfilled,868.01,2026-06-16 12:57:00,2026-06-20 09:27:34.300955
O000478,M0033,29030801-ec3,M0033-C024,fulfilled,328.92,2026-05-29 12:25:00,2026-06-01 21:26:51.010926
O000479,M0034,a97493c7-f7d,M0034-C000,cancelled,204.78,2026-03-29 15:41:00,
O000480,M0034,0126acbe-57a,M0034-C002,placed,516.24,2026-02-03 10:21:00,
O000481,M0034,34f545ae-fdc,M0034-C002,fulfilled,520.86,2026-04-27 20:08:00,2026-04-29 10:26:15.077040
O000482,M0034,0e84043a-77c,M0034-C004,fulfilled,1130.65,2026-05-04 19:47:00,2026-05-05 08:47:53.305095
O000483,M0034,54ea4fcf-330,M0034-C005,fulfilled,680.04,2026-02-24 20:19:00,2026-02-25 05:07:25.649639
O000484,M0034,6d301772-e16,M0034-C006,fulfilled,594.37,2026-04-26 21:50:00,2026-04-27 14:17:20.997357
O000485,M0034,c7c7bd4f-64f,M0034-C006,fulfilled,734.03,2026-05-01 22:28:00,2026-05-06 16:08:41.725566
O000486,M0034,ae0a03c2-c35,M0034-C006,fulfilled,1255.19,2026-01-14 17:58:00,2026-01-17 13:31:24.758297
O000487,M0034,853dd1bf-7c8,M0034-C006,fulfilled,455.38,2026-04-14 18:07:00,2026-04-15 22:08:16.474357
O000488,M0034,5f44d322-30d,M0034-C007,cancelled,858.97,2026-01-13 16:21:00,
O000489,M0034,6f21c51c-b0c,M0034-C007,fulfilled,506.58,2026-01-14 22:33:00,2026-01-15 03:04:09.346706
O000490,M0034,b3aea850-cbe,M0034-C007,fulfilled,1212.1,2026-01-16 11:31:00,2026-01-16 21:06:40.288641
O000491,M0034,c8702c97-b79,M0034-C009,fulfilled,410.9,2026-04-29 09:50:00,2026-05-01 17:34:58.383032
O000492,M0034,84fb58bf-d1f,M0034-C009,cancelled,696.73,2026-03-27 15:16:00,
O000493,M0034,0de46e3c-fc9,M0034-C012,fulfilled,287.44,2026-04-28 12:45:00,2026-04-28 23:27:40.181280
O000494,M0034,00a1ddaa-8e2,M0034-C012,fulfilled,244.28,2026-02-24 08:40:00,2026-02-24 09:02:49.146994
O000495,M0034,4116df4d-6c0,M0034-C013,fulfilled,647.14,2026-01-16 10:21:00,2026-01-17 02:14:42.677871
O000496,M0034,00057760-7d7,M0034-C014,fulfilled,518.1,2026-01-13 11:13:00,2026-01-14 04:54:00.173333
O000497,M0034,8253045c-31b,M0034-C014,fulfilled,688.55,2026-06-07 12:23:00,2026-06-11 18:21:03.215312
O000498,M0034,f57afbed-012,M0034-C020,fulfilled,220.28,2026-05-28 15:49:00,2026-05-29 09:17:59.355137
O000499,M0034,486aa0b9-95f,M0034-C020,fulfilled,258.46,2026-05-10 20:19:00,2026-05-11 01:50:40.619218
O000500,M0034,caee2377-1ed,M0034-C022,fulfilled,799.47,2026-03-17 13:00:00,2026-03-18 02:15:14.322886
O000501,M0035,d9f97699-4fa,M0035-C000,fulfilled,585.44,2026-03-17 16:36:00,2026-03-19 11:46:10.288667
O000502,M0035,4c340e5f-ad6,M0035-C001,fulfilled,475.55,2026-03-18 21:37:00,2026-03-22 06:13:24.100585
O000503,M0035,3a051258-02c,M0035-C001,fulfilled,342.95,2026-03-12 15:24:00,2026-03-13 16:32:04.102231
O000504,M0035,2453d90d-3d3,M0035-C001,fulfilled,89.56,2026-03-17 17:57:00,2026-03-17 21:43:45.967324
O000505,M0035,de710fc0-ac1,M0035-C002,fulfilled,368.71,2026-03-26 18:24:00,2026-03-27 00:01:26.766903
O000506,M0035,2e2ae5b9-a64,M0035-C003,fulfilled,188.23,2026-03-13 17:44:00,2026-03-14 13:36:51.983074
O000507,M0035,3ce22dda-38c,M0035-C003,fulfilled,673.23,2026-03-11 13:57:00,2026-03-12 11:39:42.906296
O000508,M0035,ab4d8f87-eaf,M0035-C004,fulfilled,747.33,2026-03-10 15:48:00,2026-03-11 11:30:23.691699
O000509,M0035,0087a65c-a82,M0035-C004,fulfilled,263.87,2026-03-17 20:24:00,2026-03-18 03:11:11.137294
O000510,M0035,cdc563ec-ef6,M0035-C005,fulfilled,174.03,2026-03-24 09:02:00,2026-03-25 15:45:34.857266
O000511,M0035,6a9ebfe1-d38,M0035-C006,fulfilled,450.27,2026-03-18 16:00:00,2026-03-21 09:21:42.415115
O000512,M0035,12cf6cf0-26d,M0035-C006,fulfilled,981.58,2026-03-17 08:43:00,2026-03-19 09:04:46.295335
O000513,M0035,1fe4781d-aa2,M0035-C008,fulfilled,384.68,2026-03-25 16:24:00,2026-03-29 10:54:20.178083
O000514,M0035,b90703a9-e74,M0035-C009,fulfilled,302.87,2026-03-26 11:20:00,2026-04-04 17:50:01.567579
O000515,M0035,6ad525b0-dae,M0035-C010,fulfilled,570.34,2026-03-19 12:39:00,2026-03-20 18:45:49.959478
O000516,M0035,66fb4725-464,M0035-C011,fulfilled,234.58,2026-03-23 11:34:00,2026-03-23 16:14:30.098636
O000517,M0035,882e0140-b0f,M0035-C012,fulfilled,899.18,2026-03-22 21:22:00,2026-03-25 14:49:10.717159
O000518,M0035,c06e886f-145,M0035-C012,cancelled,1616.89,2026-03-27 17:12:00,
O000519,M0035,626b643e-8ab,M0035-C014,fulfilled,823.59,2026-03-15 16:23:00,2026-03-17 05:28:32.311013
O000520,M0035,659e6b01-e70,M0035-C014,fulfilled,1310.33,2026-03-10 13:32:00,2026-03-17 13:46:12.672791
O000521,M0035,32040410-024,M0035-C014,placed,542.37,2026-03-21 20:38:00,
O000522,M0035,0a16fa3c-d7a,M0035-C015,fulfilled,752.21,2026-03-13 12:45:00,2026-03-14 14:37:02.836201
O000523,M0035,35c452f2-b85,M0035-C015,fulfilled,631.74,2026-03-11 19:05:00,2026-03-14 20:57:10.931299
O000524,M0035,0d276432-072,M0035-C016,fulfilled,426.34,2026-03-18 15:43:00,2026-03-18 17:58:08.668334
O000525,M0035,0237ba0a-afc,M0035-C017,placed,349.81,2026-03-08 20:14:00,
O000526,M0035,62642d52-95e,M0035-C017,fulfilled,309.85,2026-03-17 18:00:00,2026-03-20 03:24:59.675191
O000527,M0035,871dfeba-8b8,M0035-C017,placed,813.4,2026-03-21 20:17:00,
O000528,M0035,7d7404d0-723,M0035-C019,fulfilled,1001.37,2026-03-19 22:36:00,2026-03-21 07:57:51.547598
O000529,M0035,9e33c3f3-ad8,M0035-C019,placed,211.84,2026-03-25 21:32:00,
O000530,M0035,0fa0d1f8-e23,M0035-C020,fulfilled,422.95,2026-03-20 14:40:00,2026-03-22 07:01:15.595034
O000531,M0035,45441196-a92,M0035-C021,fulfilled,753.77,2026-03-28 08:25:00,2026-03-29 10:35:52.843616
O000532,M0035,90bf6861-b94,M0035-C021,fulfilled,944.1,2026-03-29 14:13:00,2026-03-30 02:08:46.175338
O000533,M0035,0b6c4902-bf3,M0035-C022,fulfilled,659.77,2026-03-28 20:46:00,2026-03-28 23:45:37.368292
O000534,M0037,2752e91f-bdd,M0037-C001,fulfilled,398.1,2026-05-09 13:21:00,2026-05-11 08:15:13.202044
O000535,M0038,f5a6270f-0f0,M0038-C000,fulfilled,802.19,2026-03-22 16:25:00,2026-03-23 22:18:08.799450
O000536,M0038,84767550-8a3,M0038-C000,fulfilled,428.91,2026-03-10 11:48:00,2026-03-15 09:34:46.839073
O000537,M0038,f3628b36-e10,M0038-C001,fulfilled,237.06,2026-03-17 19:59:00,2026-03-18 11:00:15.605339
O000538,M0038,f3628b36-e10,M0038-C001,fulfilled,237.06,2026-03-17 19:59:00,2026-03-18 11:00:15.605339
O000539,M0038,1e4144d5-05f,M0038-C003,fulfilled,506.79,2026-03-12 18:34:00,2026-03-16 17:08:02.980349
O000540,M0038,c12b2e1b-0eb,M0038-C003,fulfilled,416.03,2026-03-16 21:00:00,2026-03-17 06:30:04.424988
O000541,M0038,89eb4871-1f4,M0038-C003,fulfilled,274.96,2026-03-13 20:44:00,2026-03-13 23:06:47.915614
O000542,M0038,6a46269f-6c1,M0038-C003,fulfilled,785.22,2026-03-10 10:54:00,2026-03-11 19:30:04.130729
O000543,M0038,89acf332-eb3,M0038-C004,fulfilled,442.87,2026-03-23 12:48:00,2026-03-24 01:46:39.752870
O000544,M0038,5b451bb4-7cf,M0038-C006,fulfilled,615.13,2026-03-16 18:52:00,2026-03-17 19:59:28.952329
O000545,M0038,c0042fad-2ec,M0038-C006,fulfilled,591.68,2026-03-29 19:34:00,2026-03-31 23:58:48.856590
O000546,M0038,6bd67829-06e,M0038-C006,fulfilled,732.95,2026-03-14 16:27:00,2026-03-14 22:23:24.291638
O000547,M0038,00195852-e9e,M0038-C007,fulfilled,196.58,2026-03-18 16:01:00,2026-03-19 18:33:59.324465
O000548,M0038,15155e96-9c1,M0038-C007,fulfilled,1057.72,2026-03-10 08:43:00,2026-03-11 08:55:03.241680
O000549,M0038,fd636d04-51e,M0038-C007,fulfilled,281.77,2026-03-11 18:38:00,2026-03-13 05:40:37.202987
O000550,M0038,b5fc9d8b-3e8,M0038-C007,fulfilled,728.86,2026-03-16 11:22:00,2026-03-16 14:13:41.546288
O000551,M0038,7aad899c-64d,M0038-C008,fulfilled,526.52,2026-03-11 09:59:00,2026-03-11 19:32:08.347940
O000552,M0038,421c3efa-be4,M0038-C010,fulfilled,351.61,2026-03-09 14:26:00,2026-03-10 04:43:36.664046
O000553,M0038,fc3c1140-0c3,M0038-C013,fulfilled,840.66,2026-03-29 14:28:00,2026-03-31 03:51:50.634294
O000554,M0038,69928956-187,M0038-C014,fulfilled,536.53,2026-03-23 09:48:00,2026-03-23 10:48:06.337949
O000555,M0038,76a8e935-54d,M0038-C014,fulfilled,650.5,2026-03-25 21:36:00,2026-04-02 16:02:11.822191
O000556,M0038,edf2ac4f-b1b,M0038-C014,fulfilled,831.39,2026-03-17 18:30:00,2026-03-21 03:45:11.382285
O000557,M0038,9cd3a622-6f7,M0038-C015,placed,1266.96,2026-03-17 19:36:00,
O000558,M0038,82eca348-7a5,M0038-C015,fulfilled,507.13,2026-03-22 19:14:00,2026-03-22 23:52:58.674377
O000559,M0038,716524e4-c09,M0038-C015,fulfilled,370.74,2026-03-14 08:54:00,2026-03-14 16:26:05.710639
O000560,M0038,81557e8a-2b5,M0038-C015,cancelled,750.05,2026-03-28 12:46:00,
O000561,M0038,a1690927-056,M0038-C015,fulfilled,817.09,2026-03-08 08:32:00,2026-03-11 17:58:36.082077
O000562,M0038,4023230d-177,M0038-C016,fulfilled,1214.52,2026-03-09 14:24:00,2026-03-10 07:40:16.312753
O000563,M0038,a6c92048-458,M0038-C016,placed,422.94,2026-03-22 19:00:00,
O000564,M0038,c922b453-b2e,M0038-C017,fulfilled,813.62,2026-03-09 19:10:00,2026-03-10 08:43:58.598088
O000565,M0038,3f849622-085,M0038-C017,fulfilled,1069.16,2026-03-09 11:49:00,2026-03-10 00:43:48.019856
O000566,M0038,f1f7261a-d43,M0038-C017,fulfilled,796.02,2026-03-08 10:50:00,2026-03-18 23:23:10.644652
O000567,M0038,2a39075b-304,M0038-C018,fulfilled,1323.91,2026-03-26 09:56:00,2026-03-27 22:10:34.085188
O000568,M0038,7d9214aa-966,M0038-C019,fulfilled,491.79,2026-03-15 10:05:00,2026-03-15 17:48:12.010630
O000569,M0038,103493fc-ed4,M0038-C021,fulfilled,914.86,2026-03-18 21:52:00,2026-03-22 18:45:24.721165
O000570,M0038,df649449-56a,M0038-C022,fulfilled,702.01,2026-03-13 19:29:00,2026-03-16 19:27:09.663774
O000571,M0038,6d6d80b2-672,M0038-C023,fulfilled,755.38,2026-03-27 14:50:00,2026-03-28 04:58:09.355955
O000572,M0038,aeb7a249-4fe,M0038-C023,fulfilled,728.46,2026-03-23 19:13:00,2026-03-28 23:47:46.062084
O000573,M0038,50106fdd-186,M0038-C026,fulfilled,822.41,2026-03-29 11:24:00,2026-03-29 13:02:18.437751
O000574,M0038,3fed2208-59c,M0038-C026,fulfilled,447.53,2026-03-29 22:14:00,2026-03-31 00:33:40.278637
O000575,M0038,ff6e2f6e-70d,M0038-C026,fulfilled,597.65,2026-03-17 11:38:00,2026-03-17 13:03:39.412346
O000576,M0038,d128b301-af7,M0038-C027,fulfilled,466.13,2026-03-09 10:05:00,2026-03-09 11:01:27.406826
O000577,M0039,ab265838-188,M0039-C001,fulfilled,291.7,2026-01-30 11:57:00,2026-02-01 23:43:24.702845
O000578,M0039,3f2323d7-515,M0039-C001,fulfilled,110.41,2026-01-23 11:54:00,2026-02-02 13:27:25.226726
O000579,M0039,04b7ac1f-60f,M0039-C001,fulfilled,274.77,2026-02-01 22:30:00,2026-02-03 17:35:31.885908
O000580,M0039,29b02296-3cc,M0039-C001,fulfilled,1227.36,2026-02-07 15:08:00,2026-02-07 17:21:04.630213
O000581,M0039,0ca19c35-81b,M0039-C002,cancelled,287.9,2026-02-03 19:24:00,
O000582,M0039,6200f042-d89,M0039-C002,fulfilled,387.52,2026-01-28 11:23:00,2026-01-29 05:47:39.574063
O000583,M0039,f6ce8903-fe4,M0039-C002,fulfilled,544.08,2026-02-07 08:21:00,2026-02-07 17:32:42.362947
O000584,M0039,783f779c-2e8,M0039-C002,fulfilled,398.31,2026-02-03 15:37:00,2026-02-04 08:48:18.786781
O000585,M0039,cc62d09f-ac4,M0039-C003,fulfilled,944.1,2026-01-27 22:24:00,2026-01-29 08:54:26.096680
O000586,M0039,405d1d9c-381,M0039-C003,fulfilled,244.3,2026-02-09 18:16:00,2026-02-09 19:15:00.628870
O000587,M0039,98b3ce15-9ea,M0039-C003,cancelled,741.17,2026-02-02 21:52:00,
O000588,M0039,67234ea8-76a,M0039-C004,fulfilled,354.96,2026-01-20 19:35:00,2026-01-21 05:18:41.721991
O000589,M0039,dd57f65f-fa1,M0039-C004,fulfilled,834.15,2026-01-24 22:50:00,2026-01-25 02:19:16.732616
O000590,M0039,0fbe8704-ee2,M0039-C005,cancelled,1788.3,2026-01-20 19:53:00,
O000591,M0039,a8a933ca-1fc,M0039-C006,fulfilled,242.61,2026-02-10 12:25:00,2026-02-10 20:15:01.869876
O000592,M0039,9627eb49-fd9,M0039-C007,fulfilled,650.93,2026-02-07 19:52:00,2026-02-08 20:58:17.350746
O000593,M0039,aeb0dbc1-ff8,M0039-C010,fulfilled,517.84,2026-02-09 17:03:00,2026-02-10 10:21:29.064878
O000594,M0039,dbbe2446-8d4,M0039-C011,fulfilled,278.05,2026-02-07 21:52:00,2026-02-08 20:55:49.622373
O000595,M0039,6fea650d-f90,M0039-C012,fulfilled,367.18,2026-01-23 16:03:00,2026-01-26 14:24:24.840080
O000596,M0039,05b884fd-84c,M0039-C014,fulfilled,408.35,2026-02-05 18:19:00,2026-02-05 19:08:10.409894
O000597,M0039,19317541-085,M0039-C016,fulfilled,143.9,2026-01-27 21:44:00,2026-01-28 03:14:11.901341
O000598,M0039,4bea833e-405,M0039-C018,fulfilled,138.29,2026-01-24 13:24:00,2026-01-27 18:38:14.106720
O000599,M0039,1d8b0355-e3f,M0039-C018,fulfilled,731.5,2026-02-06 12:16:00,2026-02-07 10:36:34.636517
O000600,M0039,cbda9c7e-962,M0039-C019,fulfilled,183.03,2026-01-28 13:29:00,2026-01-29 12:45:49.871696
O000601,M0039,3c8cea56-5e4,M0039-C019,fulfilled,292.72,2026-01-21 18:25:00,2026-01-23 18:19:59.921854
O000602,M0039,ec788452-68b,M0039-C020,fulfilled,183.68,2026-02-04 22:20:00,2026-02-05 18:16:50.492566
O000603,M0039,429514fd-02b,M0039-C020,fulfilled,396.26,2026-01-23 12:21:00,2026-01-23 18:50:54.685800
O000604,M0041,7f215aac-afb,M0041-C003,fulfilled,429.46,2026-02-07 09:19:00,2026-02-08 00:52:48.557936
O000605,M0041,cb56c77a-2ba,M0041-C003,fulfilled,341.48,2026-01-21 08:35:00,2026-01-25 22:01:16.993168
O000606,M0041,b1b551f3-10b,M0041-C003,fulfilled,902.08,2026-02-01 10:54:00,2026-02-05 05:07:09.137614
O000607,M0042,23354c3b-f5b,M0042-C000,fulfilled,513.82,2026-02-14 08:55:00,2026-02-15 23:40:06.569324
O000608,M0042,66b1e1e0-c53,M0042-C002,fulfilled,262.44,2026-03-18 20:04:00,2026-03-20 15:11:43.803066
O000609,M0042,6316c117-5f2,M0042-C004,cancelled,685.46,2026-03-11 19:00:00,
O000610,M0042,14ceb996-54a,M0042-C004,fulfilled,357.76,2026-02-23 12:36:00,2026-02-23 12:51:08.131809
O000611,M0042,e0e75898-bd9,M0042-C004,fulfilled,839.68,2026-02-07 16:30:00,2026-02-09 11:27:47.396255
O000612,M0042,6020990b-f97,M0042-C004,fulfilled,761.16,2026-02-20 18:56:00,2026-02-20 22:26:56.141894
O000613,M0042,bcfb4f75-535,M0042-C004,fulfilled,646.25,2026-01-29 16:42:00,2026-02-06 11:51:29.996822
O000614,M0042,32861aeb-407,M0042-C005,fulfilled,1182.14,2026-03-22 12:11:00,2026-03-23 17:13:30.313693
O000615,M0043,d8f5449e-593,M0043-C001,fulfilled,706.03,2026-03-19 08:55:00,2026-03-23 11:06:39.740654
O000616,M0043,5378cce0-7f6,M0043-C001,fulfilled,630.64,2026-03-08 21:52:00,2026-03-10 02:57:27.017515
O000617,M0043,86f88e7a-9a0,M0043-C003,fulfilled,246.03,2026-03-02 21:01:00,2026-03-03 09:38:49.328881
O000618,M0043,7e91df08-8d9,M0043-C003,fulfilled,339.82,2026-03-03 15:09:00,2026-03-13 03:19:50.641932
O000619,M0043,981d2821-754,M0043-C004,fulfilled,811.86,2026-03-04 12:46:00,2026-03-05 04:17:51.509965
O000620,M0043,29dcb60c-dd1,M0043-C005,cancelled,1295.65,2026-03-22 14:44:00,
O000621,M0043,fba1b8d8-1e1,M0043-C005,fulfilled,692.57,2026-03-14 14:11:00,2026-03-16 22:52:38.237805
O000622,M0044,7162ac18-28a,M0044-C000,fulfilled,723.87,2026-06-11 20:33:00,2026-06-13 01:30:32.771713
O000623,M0044,7a5ffde8-65b,M0044-C000,fulfilled,675.51,2026-05-20 15:17:00,2026-05-22 00:25:03.381292
O000624,M0044,201d1183-093,M0044-C001,fulfilled,754.91,2026-06-06 18:02:00,2026-06-07 05:18:18.379922
O000625,M0044,5de38730-3df,M0044-C002,fulfilled,692.32,2026-04-30 09:34:00,2026-05-01 01:34:11.216466
O000626,M0044,457fd9d9-e81,M0044-C003,cancelled,471.59,2026-04-24 12:09:00,
O000627,M0044,736d2200-205,M0044-C003,fulfilled,144.78,2026-05-14 21:04:00,2026-05-17 16:01:34.890118
O000628,M0044,4b40b85f-a1f,M0044-C003,fulfilled,600.69,2026-05-13 21:03:00,2026-05-15 06:40:26.888723
O000629,M0044,50e149d4-ec0,M0044-C003,fulfilled,625.2,2026-05-24 15:55:00,2026-05-25 10:16:32.780371
O000630,M0044,df0b5b2f-bce,M0044-C006,fulfilled,736.49,2026-05-04 12:58:00,2026-05-05 07:45:42.266328
O000631,M0044,13b8f040-ab6,M0044-C007,fulfilled,658.88,2026-06-03 23:11:00,2026-06-04 09:48:36.736632
O000632,M0044,6d196bc2-f1f,M0044-C008,fulfilled,838.02,2026-06-05 14:09:00,2026-06-05 14:11:39.795818
O000633,M0044,c5dc6de3-535,M0044-C008,fulfilled,266.67,2026-06-19 19:01:00,2026-06-22 20:37:31.133812
O000634,M0044,9a1466b1-6eb,M0044-C009,fulfilled,587.07,2026-06-10 14:21:00,2026-06-15 16:14:07.780410
O000635,M0044,e9fb6746-0a1,M0044-C012,fulfilled,408.88,2026-05-22 14:18:00,2026-05-24 09:57:03.486675
O000636,M0044,97c8e69a-c11,M0044-C013,fulfilled,1728.12,2026-05-24 14:30:00,2026-05-24 20:21:29.918501
O000637,M0044,7cfc399a-0ff,M0044-C013,fulfilled,618.18,2026-05-10 12:00:00,2026-05-12 22:41:11.771131
O000638,M0044,f0d42332-c38,M0044-C014,fulfilled,495.64,2026-05-18 09:22:00,2026-05-18 20:23:04.137093
O000639,M0044,b3aef7cc-01f,M0044-C014,fulfilled,1487.47,2026-06-16 13:16:00,2026-06-17 14:33:41.966606
O000640,M0044,41157eef-567,M0044-C014,fulfilled,853.95,2026-06-20 17:06:00,2026-06-23 17:20:19.204681
O000641,M0044,f1280c66-62c,M0044-C014,fulfilled,407.31,2026-04-11 19:31:00,2026-04-16 18:43:32.410204
O000642,M0044,4a2d6ffc-342,M0044-C015,fulfilled,1080.87,2026-04-21 19:54:00,2026-04-23 18:13:19.946544
O000643,M0044,b2bc2e1c-e46,M0044-C015,fulfilled,276.33,2026-06-11 17:02:00,2026-06-12 17:40:12.670423
O000644,M0044,4e8adadd-212,M0044-C017,fulfilled,481.45,2026-04-20 19:58:00,2026-04-22 16:33:48.113780
O000645,M0044,bfc2b07e-e25,M0044-C019,fulfilled,445.51,2026-05-19 22:00:00,2026-05-20 00:08:20.360547
O000646,M0044,d4e3107d-012,M0044-C019,fulfilled,624.3,2026-05-31 12:58:00,2026-05-31 17:04:32.326251
O000647,M0044,1f1c773a-5a7,M0044-C020,fulfilled,312.64,2026-05-30 11:14:00,2026-05-30 22:34:04.176735
O000648,M0044,0e56b8be-ce9,M0044-C021,fulfilled,651.61,2026-04-26 08:34:00,2026-04-26 11:19:49.249665
O000649,M0044,c0665a9d-b2c,M0044-C021,fulfilled,596.56,2026-06-10 20:04:00,2026-06-14 11:27:01.131110
O000650,M0044,bca20c06-d65,M0044-C022,fulfilled,865.67,2026-05-31 22:26:00,2026-06-05 04:15:33.249069
O000651,M0044,10dbc3eb-085,M0044-C023,fulfilled,333.0,2026-06-12 22:26:00,2026-06-13 11:12:26.379667
O000652,M0044,4122c76f-300,M0044-C023,cancelled,105.07,2026-05-09 17:18:00,
O000653,M0044,6ab63284-dd1,M0044-C024,fulfilled,655.89,2026-06-22 19:32:00,2026-06-23 16:38:36.495779
O000654,M0044,8954be1c-a03,M0044-C024,fulfilled,380.65,2026-05-01 11:31:00,2026-05-02 05:32:06.553974
O000655,M0044,6d2a4847-f9e,M0044-C028,fulfilled,696.16,2026-05-09 12:45:00,2026-05-13 01:09:42.446645
O000656,M0045,7bed72c8-f76,M0045-C001,fulfilled,143.17,2026-02-07 12:15:00,2026-02-07 22:31:46.279811
O000657,M0045,8d7e1784-682,M0045-C002,fulfilled,729.54,2026-02-01 22:11:00,2026-02-02 05:21:19.674372
O000658,M0045,c0bba5a9-a59,M0045-C003,fulfilled,730.34,2026-04-07 15:02:00,2026-04-08 03:12:55.965298
O000659,M0045,b7cb2c60-032,M0045-C004,fulfilled,493.22,2026-04-20 17:02:00,2026-04-20 22:19:31.623402
O000660,M0045,9f8e3ec7-ded,M0045-C005,cancelled,465.28,2026-04-04 08:54:00,
O000661,M0045,72944fa4-b6c,M0045-C005,fulfilled,270.51,2026-01-23 08:35:00,2026-01-23 13:33:48.782471
O000662,M0045,c747a1c3-4e9,M0045-C005,fulfilled,883.87,2026-02-15 17:11:00,2026-02-16 20:39:24.225482
O000663,M0045,ed1b9d64-43b,M0045-C006,fulfilled,755.35,2026-01-23 12:30:00,2026-01-26 14:49:20.744993
O000664,M0045,55387b50-aa5,M0045-C007,fulfilled,803.54,2026-01-17 15:18:00,2026-01-18 21:14:51.325001
O000665,M0045,6d1340b8-0cb,M0045-C008,fulfilled,275.94,2026-01-27 17:24:00,2026-01-28 02:55:39.451974
O000666,M0045,88b7ada5-c36,M0045-C008,fulfilled,259.34,2026-03-02 21:14:00,2026-03-03 13:00:50.455119
O000667,M0045,415c031d-d78,M0045-C016,fulfilled,924.33,2026-02-11 23:16:00,2026-02-12 15:27:54.491216
O000668,M0045,2a92b2b4-865,M0045-C016,fulfilled,377.12,2026-04-10 16:06:00,2026-04-12 06:04:08.249739
O000669,M0045,56ae46a1-5a0,M0045-C018,fulfilled,129.88,2026-01-10 15:31:00,2026-01-12 11:48:26.607081
O000670,M0045,e6dd2b64-c69,M0045-C019,fulfilled,522.7,2026-01-11 15:40:00,2026-01-12 10:10:04.100814
O000671,M0045,b7b6cf8d-f77,M0045-C019,cancelled,770.33,2026-03-09 15:36:00,
O000672,M0045,4f257bb9-276,M0045-C019,fulfilled,467.35,2026-01-21 13:15:00,2026-01-21 20:44:16.517029
O000673,M0045,c8c531f4-4af,M0045-C019,fulfilled,747.28,2026-01-06 16:55:00,2026-01-07 17:38:07.473230
O000674,M0045,1309a6ad-75d,M0045-C020,fulfilled,508.95,2026-04-14 15:54:00,2026-04-15 14:23:11.801312
O000675,M0045,5385e94b-96c,M0045-C020,fulfilled,645.14,2026-01-09 12:47:00,2026-01-10 17:48:44.586462
O000676,M0045,053486ef-371,M0045-C022,fulfilled,229.98,2026-03-31 15:38:00,2026-04-03 06:58:01.824318
O000677,M0045,b18ebbfe-2f2,M0045-C024,fulfilled,809.0,2026-01-08 21:26:00,2026-01-09 01:57:04.496419
O000678,M0045,6e972d7e-87b,M0045-C024,fulfilled,403.31,2026-04-12 18:19:00,2026-04-15 09:06:17.292560
O000679,M0045,6f721cb6-5c8,M0045-C026,fulfilled,428.61,2026-04-19 22:39:00,2026-04-20 04:34:55.428419
O000680,M0045,cb16db4f-a23,M0045-C026,fulfilled,813.66,2026-01-22 13:54:00,2026-01-23 11:17:20.750957
O000681,M0045,381613a4-5cd,M0045-C026,fulfilled,698.21,2026-03-12 11:44:00,2026-03-12 13:50:25.709335
O000682,M0047,7204e9bd-cfb,M0047-C000,fulfilled,727.29,2026-05-01 10:00:00,2026-05-02 03:32:21.844932
O000683,M0047,bb11a4cf-b20,M0047-C000,fulfilled,1027.74,2026-03-31 14:43:00,2026-04-01 07:20:21.472990
O000684,M0048,38ebcdb0-dce,M0048-C002,fulfilled,283.4,2026-06-28 08:37:00,2026-06-30 09:45:20.275729
O000685,M0048,34aa61ff-1cc,M0048-C002,fulfilled,645.24,2026-05-19 09:48:00,2026-05-20 12:32:26.503129
O000686,M0048,c32f6e7a-5cc,M0048-C003,fulfilled,657.83,2026-03-20 20:14:00,2026-03-22 01:14:44.461295
O000687,M0048,ed3956ca-a27,M0048-C003,cancelled,535.5,2026-05-01 23:02:00,
O000688,M0048,61c8e092-a7f,M0048-C003,placed,1405.4,2026-03-22 09:56:00,
O000689,M0048,ef261dac-c88,M0048-C004,fulfilled,761.58,2026-02-04 14:13:00,2026-02-04 22:04:18.320410
O000690,M0048,e161c302-d21,M0048-C004,fulfilled,158.4,2026-06-05 16:04:00,2026-06-06 02:05:53.938054
O000691,M0048,3dc6758e-937,M0048-C004,fulfilled,607.23,2026-05-06 19:56:00,2026-05-07 04:01:50.573247
O000692,M0048,e82c6ec1-702,M0048-C004,fulfilled,1038.4,2026-04-21 09:09:00,2026-04-22 20:13:17.772851
O000693,M0048,c454942d-351,M0048-C005,fulfilled,361.33,2026-03-23 09:59:00,2026-03-28 16:56:08.156800
O000694,M0048,1b1dd72c-929,M0048-C005,fulfilled,549.12,2026-03-12 18:33:00,2026-03-13 00:40:19.434213
O000695,M0048,b5b5ef89-48b,M0048-C006,fulfilled,278.54,2026-04-19 17:55:00,2026-04-20 13:56:37.722964
O000696,M0049,2b0606fd-9fe,M0049-C000,fulfilled,240.89,2026-01-12 16:18:00,2026-01-15 04:28:47.213096
O000697,M0049,421a6d98-da8,M0049-C000,fulfilled,825.49,2026-01-17 09:43:00,2026-01-20 04:13:23.722742
O000698,M0049,b1a80265-89c,M0049-C001,fulfilled,468.57,2026-01-07 13:02:00,2026-01-09 09:54:31.418917
O000699,M0049,6022824e-483,M0049-C001,fulfilled,305.12,2026-01-12 22:53:00,2026-01-14 02:31:42.891457
O000700,M0049,aa026367-f92,M0049-C001,fulfilled,445.13,2026-01-06 22:31:00,2026-01-07 17:54:23.300852
O000701,M0050,ad8e1a0f-c48,M0050-C000,fulfilled,626.22,2026-01-25 20:50:00,2026-01-29 15:46:43.067384
O000702,M0050,ad8e1a0f-c48,M0050-C000,fulfilled,626.22,2026-01-25 20:50:00,2026-01-29 15:46:43.067384
O000703,M0050,1b200ff8-2aa,M0050-C000,fulfilled,515.65,2026-01-15 12:47:00,2026-01-17 03:11:15.126598
O000704,M0050,22d89ff1-388,M0050-C000,fulfilled,206.17,2026-02-01 10:17:00,2026-02-03 02:53:24.861328
O000705,M0050,456d89fb-27f,M0050-C001,fulfilled,809.26,2026-01-05 08:34:00,2026-01-09 01:11:28.417064
O000706,M0050,d2245143-7f8,M0050-C001,cancelled,190.76,2026-01-12 10:54:00,
O000707,M0050,e8f9e8ad-2c4,M0050-C002,fulfilled,552.05,2026-02-02 12:23:00,2026-02-04 18:59:42.220466
O000708,M0050,7720b973-2f3,M0050-C004,fulfilled,501.16,2026-01-20 19:44:00,2026-01-24 11:01:53.197033
O000709,M0050,127bc3f6-329,M0050-C004,fulfilled,202.05,2026-01-08 10:52:00,2026-01-08 18:25:52.167082
O000710,M0050,b9dd8d35-3ff,M0050-C004,cancelled,234.61,2026-01-30 14:57:00,
O000711,M0050,bf60dc29-476,M0050-C006,fulfilled,135.1,2026-01-28 22:43:00,2026-01-29 07:46:39.407138
O000712,M0050,a36be661-484,M0050-C007,fulfilled,870.55,2026-01-25 08:29:00,2026-01-25 18:23:09.647083
O000713,M0050,84e00db6-c5c,M0050-C007,fulfilled,755.9,2026-01-22 15:03:00,2026-01-23 18:31:53.733953
O000714,M0050,cdf22546-778,M0050-C008,fulfilled,1173.56,2026-01-11 22:53:00,2026-01-12 20:50:06.544970
O000715,M0050,4c660bd3-2b7,M0050-C009,cancelled,249.27,2026-01-27 15:59:00,
O000716,M0050,9b7e7c85-cd0,M0050-C013,fulfilled,269.24,2026-01-14 22:04:00,2026-01-15 04:53:20.011631
O000717,M0050,237052ea-1e9,M0050-C014,fulfilled,235.52,2026-01-15 15:21:00,2026-01-15 20:32:22.062940
O000718,M0050,45c541c4-506,M0050-C014,fulfilled,251.15,2026-01-27 17:48:00,2026-01-28 00:24:00.934422
O000719,M0050,e8a0a76a-6cb,M0050-C015,fulfilled,743.87,2026-02-02 19:31:00,2026-02-03 22:32:54.538563
O000720,M0050,8016967b-eb7,M0050-C015,fulfilled,669.99,2026-01-31 11:02:00,2026-02-01 11:44:26.684974
O000721,M0050,b93753d0-27c,M0050-C017,fulfilled,303.2,2026-01-11 20:39:00,2026-01-16 15:16:34.315870
O000722,M0051,35cf869c-dc8,M0051-C000,fulfilled,89.53,2026-01-17 09:38:00,2026-01-22 03:48:35.593090
O000723,M0052,62d08b8b-1b9,M0052-C000,fulfilled,1126.53,2026-05-04 18:44:00,2026-05-06 03:01:08.524863
O000724,M0052,2a8eeb2d-2ff,M0052-C001,fulfilled,292.23,2026-04-28 16:17:00,2026-04-29 06:38:45.075703
O000725,M0052,c5ef6b0a-eff,M0052-C001,fulfilled,202.55,2026-04-27 16:59:00,2026-05-08 14:58:21.271640
O000726,M0052,9cc06359-f5f,M0052-C002,fulfilled,127.69,2026-04-20 11:58:00,2026-04-20 14:34:07.205755
O000727,M0052,b19d194b-0ce,M0052-C003,fulfilled,434.85,2026-04-21 19:05:00,2026-04-24 02:19:17.467731
O000728,M0052,e44a3c8e-550,M0052-C005,fulfilled,329.32,2026-04-23 08:45:00,2026-04-24 02:16:20.337884
O000729,M0052,36ada074-f38,M0052-C005,fulfilled,559.3,2026-04-18 19:16:00,2026-04-20 04:38:53.956685
O000730,M0052,d875429e-948,M0052-C005,fulfilled,1091.37,2026-04-28 12:26:00,2026-04-28 15:21:38.018415
O000731,M0052,34311374-dd9,M0052-C006,fulfilled,511.88,2026-04-19 13:43:00,2026-04-27 12:23:30.393777
O000732,M0052,407c154d-d20,M0052-C008,fulfilled,295.38,2026-04-21 11:53:00,2026-04-22 04:05:11.738923
O000733,M0052,055ccaa0-4b7,M0052-C008,placed,729.94,2026-04-27 17:29:00,
O000734,M0052,52f816b6-c62,M0052-C008,fulfilled,893.63,2026-05-08 16:25:00,2026-05-09 18:33:03.786398
O000735,M0052,82f17c09-9b3,M0052-C009,fulfilled,502.36,2026-04-26 17:29:00,2026-05-01 20:16:08.694647
O000736,M0052,60fedffc-012,M0052-C010,fulfilled,314.72,2026-04-29 21:59:00,2026-04-30 00:18:10.848459
O000737,M0052,0eb5bca7-152,M0052-C010,fulfilled,821.82,2026-05-05 17:07:00,2026-05-09 14:38:53.967601
O000738,M0052,96390c73-718,M0052-C010,fulfilled,329.06,2026-04-28 18:31:00,2026-04-30 12:59:32.068186
O000739,M0052,fc4ceb10-dfe,M0052-C011,fulfilled,129.81,2026-04-28 09:03:00,2026-04-28 13:17:49.434633
O000740,M0052,eaf23aea-1fa,M0052-C011,fulfilled,595.68,2026-05-08 22:16:00,2026-05-11 00:48:29.571026
O000741,M0052,425ef1d5-e84,M0052-C012,fulfilled,872.34,2026-05-08 09:49:00,2026-05-16 09:32:12.295781
O000742,M0052,c06a73aa-621,M0052-C013,fulfilled,310.92,2026-04-18 09:36:00,2026-04-20 15:19:19.229645
O000743,M0053,5df7f007-ab8,M0053-C000,fulfilled,488.83,2026-05-17 08:15:00,2026-05-18 10:38:34.567323
O000744,M0053,19e47176-9d1,M0053-C001,cancelled,1325.72,2026-02-21 21:34:00,
O000745,M0053,65c7ceb6-9df,M0053-C002,fulfilled,397.43,2026-06-17 10:09:00,2026-06-21 20:40:57.044883
O000746,M0053,1f4ac22a-e57,M0053-C003,fulfilled,508.37,2026-01-29 20:03:00,2026-01-29 21:39:48.304517
O000747,M0053,3831c85b-cb8,M0053-C003,fulfilled,117.85,2026-01-24 14:43:00,2026-01-24 20:14:05.778127
O000748,M0053,5b78a12a-d44,M0053-C004,fulfilled,618.18,2026-05-23 15:25:00,2026-05-23 20:34:37.396540
O000749,M0053,1ab42b75-241,M0053-C004,fulfilled,1073.58,2026-06-09 15:33:00,2026-06-11 13:26:58.269314
O000750,M0053,fc1282da-311,M0053-C004,fulfilled,818.32,2026-03-22 19:35:00,2026-03-25 03:11:09.145819
O000751,M0053,6d892ae2-d9d,M0053-C004,fulfilled,571.33,2026-03-15 10:24:00,2026-03-15 10:53:00.404549
O000752,M0053,29720da6-882,M0053-C005,fulfilled,1050.89,2026-02-08 22:13:00,2026-02-09 12:21:32.410555
O000753,M0054,46e49b56-f7d,M0054-C000,fulfilled,263.44,2026-01-21 21:28:00,2026-01-24 11:48:25.174722
O000754,M0054,ad9a8322-715,M0054-C000,fulfilled,946.21,2026-01-31 20:46:00,2026-02-01 04:21:54.692091
O000755,M0054,df3683e0-41a,M0054-C001,fulfilled,235.13,2026-02-01 19:05:00,2026-02-03 05:14:13.218774
O000756,M0054,2a0da790-5e1,M0054-C001,fulfilled,129.31,2026-01-28 13:41:00,2026-01-29 10:03:57.155313
O000757,M0054,2db09a54-60a,M0054-C002,fulfilled,327.83,2026-01-14 18:09:00,2026-01-15 02:46:24.137776
O000758,M0054,f3b70342-4ab,M0054-C002,fulfilled,204.61,2026-01-16 18:44:00,2026-01-17 16:28:40.347538
O000759,M0054,99cf59b5-849,M0054-C004,fulfilled,510.09,2026-01-25 16:51:00,2026-01-28 01:19:17.369303
O000760,M0054,f68974be-87a,M0054-C004,fulfilled,401.08,2026-01-30 22:39:00,2026-01-31 07:50:09.135392
O000761,M0054,0cf5bf33-3f4,M0054-C005,fulfilled,310.44,2026-01-30 18:45:00,2026-02-02 06:06:24.691836
O000762,M0054,d001759d-d2c,M0054-C005,fulfilled,332.83,2026-01-19 16:54:00,2026-01-19 21:35:22.271318
O000763,M0054,ba44b628-302,M0054-C007,fulfilled,591.77,2026-02-01 11:59:00,2026-02-01 12:12:30.832469
O000764,M0054,6188f629-593,M0054-C007,fulfilled,1221.64,2026-01-31 11:26:00,2026-02-01 05:31:17.822474
O000765,M0054,21efe947-c72,M0054-C008,fulfilled,594.07,2026-02-01 18:00:00,2026-02-03 07:39:30.201931
O000766,M0054,16993e87-a1d,M0054-C008,fulfilled,1568.48,2026-01-17 14:02:00,2026-01-18 16:54:56.733723
O000767,M0054,25d39ccf-f1a,M0054-C008,fulfilled,701.29,2026-01-17 11:10:00,2026-01-22 15:18:05.221067
O000768,M0054,e418ee71-f51,M0054-C008,fulfilled,541.72,2026-01-15 08:58:00,2026-01-15 13:49:51.910051
O000769,M0054,0dfc3316-7f2,M0054-C008,placed,493.79,2026-01-22 22:28:00,
O000770,M0054,7598cbc8-04f,M0054-C009,fulfilled,553.56,2026-01-25 22:49:00,2026-02-06 17:19:40.362107
O000771,M0054,e1a37405-809,M0054-C009,fulfilled,327.96,2026-02-01 12:18:00,2026-02-02 22:13:50.452621
O000772,M0054,588280b4-5a4,M0054-C010,fulfilled,858.06,2026-01-13 18:55:00,2026-01-19 23:07:46.490960
O000773,M0054,1212a624-53d,M0054-C010,fulfilled,567.16,2026-01-18 19:25:00,2026-01-20 08:17:59.470143
O000774,M0054,713aa44b-232,M0054-C011,fulfilled,379.25,2026-01-27 16:40:00,2026-01-28 06:10:47.916140
O000775,M0054,fb62a6a8-e2d,M0054-C011,fulfilled,514.88,2026-01-24 19:00:00,2026-02-01 03:42:08.123882
O000776,M0054,61676206-9d2,M0054-C013,fulfilled,732.34,2026-01-18 12:46:00,2026-01-18 16:45:55.085345
O000777,M0054,d41b5125-44e,M0054-C014,fulfilled,496.46,2026-01-25 14:02:00,2026-01-26 09:59:37.188196
O000778,M0054,afc0e01e-051,M0054-C015,fulfilled,519.85,2026-01-21 21:50:00,2026-01-26 13:22:46.150537
O000779,M0054,d8d4ea96-863,M0054-C015,fulfilled,494.81,2026-02-01 09:58:00,2026-02-04 20:02:09.476878
O000780,M0054,611eaa46-640,M0054-C015,fulfilled,288.94,2026-01-15 09:06:00,2026-01-15 14:55:50.741337
O000781,M0054,36bf0fda-9e3,M0054-C015,fulfilled,292.11,2026-01-29 11:32:00,2026-01-29 23:59:12.417731
O000782,M0054,5353b82d-a21,M0054-C015,fulfilled,855.22,2026-01-20 12:56:00,2026-01-21 17:59:31.424851
O000783,M0055,1c6be7cd-39a,M0055-C000,fulfilled,241.56,2026-01-25 13:05:00,2026-01-28 21:53:45.231101
O000784,M0055,c627088d-a59,M0055-C000,fulfilled,767.36,2026-01-28 21:38:00,2026-02-01 10:59:05.689699
O000785,M0055,9e96bb70-daf,M0055-C000,fulfilled,123.63,2026-01-28 11:21:00,2026-01-29 21:36:38.888668
O000786,M0055,534f71b2-5a7,M0055-C003,placed,1121.18,2026-01-20 10:41:00,
O000787,M0055,44b2a41d-54c,M0055-C004,fulfilled,752.68,2026-01-28 11:43:00,2026-01-30 00:31:08.767692
O000788,M0056,ab63321e-0ad,M0056-C001,fulfilled,1249.68,2026-05-02 22:00:00,2026-05-03 19:38:24.797464
O000789,M0056,941033f5-c04,M0056-C002,fulfilled,237.2,2026-05-14 12:45:00,2026-05-15 03:03:20.296649
O000790,M0056,53ba1de8-d23,M0056-C003,fulfilled,570.44,2026-05-08 21:27:00,2026-05-09 04:08:17.859397
O000791,M0058,605aa736-90a,M0058-C000,fulfilled,842.34,2026-04-05 15:18:00,2026-04-06 10:55:31.151050
O000792,M0058,423bb5ef-7d6,M0058-C000,fulfilled,159.74,2026-03-19 15:24:00,2026-03-20 03:47:53.410519
O000793,M0058,03d6839d-e78,M0058-C000,fulfilled,959.81,2026-03-22 16:37:00,2026-03-24 05:36:58.680640
O000794,M0058,490b54dc-db0,M0058-C001,fulfilled,521.48,2026-03-26 20:03:00,2026-03-27 01:46:54.198456
O000795,M0058,4be2dab0-e2f,M0058-C002,fulfilled,782.19,2026-04-02 09:27:00,2026-04-02 23:23:39.973281
O000796,M0058,20428a1b-a11,M0058-C002,fulfilled,404.66,2026-03-23 22:50:00,2026-03-24 06:01:39.460896
O000797,M0059,8a55a69a-4ed,M0059-C000,fulfilled,470.36,2026-06-01 21:14:00,2026-06-01 22:24:03.111868
O000798,M0059,9ebd1e7c-d72,M0059-C000,fulfilled,693.69,2026-04-12 12:22:00,2026-04-13 14:42:54.454760
O000799,M0059,625144e4-4bf,M0059-C000,fulfilled,1105.67,2026-06-06 10:36:00,2026-06-12 07:12:37.145685
O000800,M0059,2b9716ff-245,M0059-C001,fulfilled,255.61,2026-04-12 18:32:00,2026-04-14 01:46:57.801987
O000801,M0061,9aa9256e-1ae,M0061-C000,fulfilled,389.32,2026-01-18 08:24:00,2026-01-27 09:38:13.379684
O000802,M0062,0f4cae83-095,M0062-C000,cancelled,335.19,2026-02-09 22:12:00,
O000803,M0062,cb1ac192-f4a,M0062-C000,fulfilled,309.71,2026-02-07 22:48:00,2026-02-08 02:39:55.650100
O000804,M0062,72dc178a-012,M0062-C002,fulfilled,563.91,2026-02-09 10:02:00,2026-02-09 11:52:46.698917
O000805,M0062,5c883a3d-0b1,M0062-C002,fulfilled,848.57,2026-02-28 08:18:00,2026-02-28 18:07:32.260535
O000806,M0062,ca04360b-92c,M0062-C003,fulfilled,469.43,2026-01-25 19:40:00,2026-01-26 22:53:36.166891
O000807,M0062,5c91a38a-50e,M0062-C005,fulfilled,607.27,2026-03-17 17:53:00,2026-03-17 21:46:32.865681
O000808,M0062,60e8e845-839,M0062-C006,fulfilled,787.33,2026-01-22 08:24:00,2026-01-23 19:31:16.653854
O000809,M0062,8a49a7e7-2b2,M0062-C007,fulfilled,496.2,2026-01-29 12:22:00,2026-01-31 02:57:05.760211
O000810,M0062,d299948c-f70,M0062-C008,placed,472.48,2026-02-12 20:51:00,
O000811,M0062,cb4d620d-6ed,M0062-C008,fulfilled,854.03,2026-03-15 09:17:00,2026-03-15 13:46:34.431381
O000812,M0062,437ac0b6-e57,M0062-C008,fulfilled,1635.57,2026-02-07 10:24:00,2026-02-07 13:13:25.588467
O000813,M0062,38e4c3d6-920,M0062-C009,fulfilled,539.02,2026-03-12 12:17:00,2026-03-15 08:49:29.221859
O000814,M0062,11263a56-7c9,M0062-C010,fulfilled,495.76,2026-02-12 12:33:00,2026-02-12 20:35:21.226561
O000815,M0062,719b2c6f-614,M0062-C011,fulfilled,530.88,2026-02-02 15:45:00,2026-02-07 01:26:28.610028
O000816,M0062,9f5b19b0-438,M0062-C011,fulfilled,202.39,2026-03-08 20:10:00,2026-03-09 06:25:29.656049
O000817,M0062,4458bdd0-eae,M0062-C012,fulfilled,509.22,2026-02-19 17:40:00,2026-02-20 16:59:05.507057
O000818,M0062,7fa016d4-227,M0062-C013,fulfilled,169.88,2026-03-14 09:37:00,2026-03-15 10:11:07.574710
O000819,M0062,bf52629a-953,M0062-C013,fulfilled,976.33,2026-02-06 10:59:00,2026-02-08 11:29:08.502918
O000820,M0062,998db3df-da3,M0062-C013,fulfilled,206.03,2026-02-28 15:38:00,2026-03-01 20:33:55.510936
O000821,M0062,7faf3b05-528,M0062-C016,fulfilled,811.92,2026-02-27 18:46:00,2026-02-28 16:30:37.104103
O000822,M0062,a3f21864-fdd,M0062-C017,fulfilled,629.28,2026-01-30 12:43:00,2026-01-31 13:28:36.778305
O000823,M0062,3e851cd9-6d8,M0062-C017,fulfilled,481.18,2026-02-13 11:44:00,2026-02-13 13:29:05.924719
O000824,M0062,42a63894-ad2,M0062-C017,fulfilled,752.5,2026-03-02 14:48:00,2026-03-05 08:50:26.554572
O000825,M0063,0f145f7d-b96,M0063-C001,fulfilled,367.0,2026-06-25 20:31:00,2026-06-29 23:02:47.824087
O000826,M0063,4271763b-c4c,M0063-C001,fulfilled,1398.52,2026-04-08 21:35:00,2026-04-09 18:37:13.433040
O000827,M0063,6e37e956-ada,M0063-C002,fulfilled,456.27,2026-04-10 19:24:00,2026-04-11 17:50:09.963782
O000828,M0063,e2e8ba2c-860,M0063-C003,fulfilled,396.5,2026-05-29 21:20:00,2026-05-30 18:33:57.214872
O000829,M0063,605c2492-06d,M0063-C005,fulfilled,1007.51,2026-06-11 17:54:00,2026-06-16 18:40:47.688991
O000830,M0063,7a6398c8-36b,M0063-C006,fulfilled,636.86,2026-05-05 17:49:00,2026-05-05 23:53:27.970137
O000831,M0064,c0c8b62e-0d7,M0064-C000,fulfilled,698.79,2026-03-29 14:04:00,2026-03-30 13:33:45.579718
O000832,M0064,f60341b8-310,M0064-C002,fulfilled,565.91,2026-04-13 19:54:00,2026-04-19 02:49:50.446445
O000833,M0064,e7ba0982-149,M0064-C002,fulfilled,251.27,2026-03-05 13:44:00,2026-03-06 07:43:50.165802
O000834,M0064,93f4db22-6f9,M0064-C002,fulfilled,788.34,2026-06-12 14:06:00,2026-06-14 08:20:08.388456
O000835,M0064,a026cdf1-821,M0064-C004,fulfilled,518.33,2026-06-05 12:02:00,2026-06-05 20:20:50.992203
O000836,M0064,4443c4c9-d3e,M0064-C004,fulfilled,523.31,2026-05-21 21:44:00,2026-05-22 06:57:09.647333
O000837,M0064,d0720098-f90,M0064-C004,fulfilled,452.0,2026-01-30 15:50:00,2026-01-31 09:24:37.356328
O000838,M0064,b8afb356-f81,M0064-C005,fulfilled,395.03,2026-06-29 09:07:00,2026-06-29 17:23:15.474971
O000839,M0064,5baf68a1-150,M0064-C008,fulfilled,373.71,2026-05-28 21:02:00,2026-06-01 05:20:15.659861
O000840,M0064,885dcc30-4cf,M0064-C008,fulfilled,301.22,2026-04-22 20:23:00,2026-04-23 15:49:56.634605
O000841,M0064,f3142882-53c,M0064-C010,fulfilled,229.33,2026-06-23 23:07:00,2026-06-26 17:12:54.635109
O000842,M0064,be994125-ba4,M0064-C011,fulfilled,446.67,2026-02-07 21:34:00,2026-02-12 07:23:51.109582
O000843,M0064,f38097cb-59d,M0064-C012,fulfilled,491.73,2026-03-16 19:35:00,2026-03-18 04:30:39.603024
O000844,M0064,e0f504bf-334,M0064-C013,fulfilled,1387.13,2026-02-27 19:53:00,2026-03-01 04:26:18.283591
O000845,M0064,a773d2c2-6da,M0064-C013,fulfilled,482.54,2026-05-05 19:31:00,2026-05-07 02:02:30.339623
O000846,M0064,155be8d4-dc8,M0064-C013,fulfilled,321.0,2026-04-11 14:14:00,2026-04-12 22:29:44.454669
O000847,M0064,42d71a9b-5e9,M0064-C016,fulfilled,651.64,2026-04-07 14:45:00,2026-04-10 18:38:31.688231
O000848,M0064,4e35e84a-186,M0064-C017,fulfilled,949.59,2026-01-14 09:43:00,2026-01-14 22:08:41.075306
O000849,M0064,6f5472f8-328,M0064-C017,fulfilled,176.97,2026-04-14 11:10:00,2026-04-15 18:36:32.798355
O000850,M0064,8fec4da2-7d3,M0064-C018,fulfilled,313.61,2026-06-02 10:54:00,2026-06-03 20:48:18.380578
O000851,M0064,98081a71-16d,M0064-C018,fulfilled,1432.45,2026-06-27 20:45:00,2026-06-28 11:56:27.706195
O000852,M0064,3ceb7f7a-45e,M0064-C021,fulfilled,1035.39,2026-06-29 14:24:00,2026-07-01 14:05:03.163873
O000853,M0064,7ac39286-aaa,M0064-C021,fulfilled,749.08,2026-01-26 13:22:00,2026-01-26 22:14:07.500565
O000854,M0064,810dab25-450,M0064-C022,fulfilled,838.65,2026-05-16 15:23:00,2026-05-17 19:15:30.350712
O000855,M0064,d7ccf9a3-09a,M0064-C022,fulfilled,406.64,2026-05-23 15:53:00,2026-05-25 00:15:21.811468
O000856,M0064,cbd05dc9-c11,M0064-C024,cancelled,255.85,2026-06-18 08:17:00,
O000857,M0064,a3c0bfed-261,M0064-C024,fulfilled,1275.98,2026-06-18 16:47:00,2026-06-19 14:47:24.824592
O000858,M0064,b5c638c9-b16,M0064-C025,fulfilled,777.29,2026-02-04 17:54:00,2026-02-05 10:19:49.474527
O000859,M0064,5bfce65c-f3e,M0064-C026,fulfilled,725.79,2026-04-27 09:30:00,2026-04-27 18:45:35.912998
O000860,M0066,51f7bdd8-a7c,M0066-C001,fulfilled,1262.21,2026-01-15 22:00:00,2026-01-16 02:37:32.600540
O000861,M0066,88d165e7-301,M0066-C001,fulfilled,464.04,2026-01-06 09:37:00,2026-01-11 22:40:12.323467
O000862,M0066,610674d0-a66,M0066-C003,fulfilled,181.88,2026-03-02 12:55:00,2026-03-03 06:26:49.067012
O000863,M0066,d3508d6a-f7b,M0066-C003,fulfilled,1476.53,2026-01-26 20:36:00,2026-01-27 00:27:58.006829
O000864,M0066,055f33c0-507,M0066-C004,fulfilled,455.59,2026-02-05 17:09:00,2026-02-06 13:13:05.314725
O000865,M0066,46f734bd-888,M0066-C005,fulfilled,186.67,2026-02-18 16:50:00,2026-02-18 19:49:44.975578
O000866,M0066,dbeb7f79-783,M0066-C005,fulfilled,751.0,2026-01-15 14:45:00,2026-01-15 23:52:48.506741
O000867,M0066,1ec86147-d23,M0066-C006,fulfilled,1361.95,2026-02-07 12:34:00,2026-02-07 13:14:25.272243
O000868,M0066,bee6cb9d-60b,M0066-C007,fulfilled,557.32,2026-02-01 20:23:00,2026-02-07 23:10:38.507868
O000869,M0066,04143d67-2b8,M0066-C008,fulfilled,443.1,2026-02-22 12:36:00,2026-02-22 15:52:26.901297
O000870,M0066,5639fe2b-7e3,M0066-C008,fulfilled,666.67,2026-03-07 14:48:00,2026-03-09 03:40:49.435532
O000871,M0066,e9d57dc6-af6,M0066-C008,fulfilled,613.36,2026-02-05 15:50:00,2026-02-07 11:17:17.094505
O000872,M0066,cf634dd1-4ca,M0066-C009,fulfilled,1288.73,2026-02-19 09:45:00,2026-02-20 20:21:31.243252
O000873,M0066,e8c82520-ad9,M0066-C009,fulfilled,479.98,2026-01-06 19:45:00,2026-01-07 12:38:05.090968
O000874,M0066,9a16ae0d-4fe,M0066-C011,fulfilled,808.73,2026-02-18 17:17:00,2026-02-18 20:59:59.051226
O000875,M0066,a304fc8e-cac,M0066-C011,fulfilled,276.48,2026-01-16 19:07:00,2026-01-16 23:06:15.092755
O000876,M0066,e10b0049-511,M0066-C011,fulfilled,314.88,2026-01-17 09:40:00,2026-01-18 20:11:24.750628
O000877,M0066,08190ffc-1a6,M0066-C011,fulfilled,309.81,2026-01-28 08:40:00,2026-01-28 10:31:14.547509
O000878,M0066,e98a65b1-2b0,M0066-C012,fulfilled,711.73,2026-03-05 18:19:00,2026-03-06 20:56:20.337883
O000879,M0066,03f06da2-943,M0066-C013,fulfilled,587.0,2026-02-07 22:12:00,2026-02-09 07:27:44.317044
O000880,M0066,839acd92-53a,M0066-C016,fulfilled,607.64,2026-02-01 09:59:00,2026-02-01 21:30:38.564720
O000881,M0066,391ad1a7-802,M0066-C016,fulfilled,563.65,2026-01-15 20:50:00,2026-01-17 04:59:46.268443
O000882,M0066,5a3dfa9a-277,M0066-C018,fulfilled,393.08,2026-02-22 14:03:00,2026-02-23 08:54:17.944538
O000883,M0066,e0c47a20-46e,M0066-C019,fulfilled,428.74,2026-02-17 11:39:00,2026-02-17 19:41:46.705922
O000884,M0067,02149471-e28,M0067-C001,fulfilled,609.34,2026-06-08 12:21:00,2026-06-10 04:20:06.093429
O000885,M0067,80514110-5fd,M0067-C001,fulfilled,1289.48,2026-05-24 12:58:00,2026-05-24 20:05:41.363043
O000886,M0067,80514110-5fd,M0067-C001,fulfilled,1289.48,2026-05-24 12:58:00,2026-05-24 20:05:41.363043
O000887,M0067,8670c3e6-888,M0067-C002,fulfilled,1526.04,2026-06-22 19:38:00,2026-06-23 09:15:38.245128
O000888,M0067,27b797ed-869,M0067-C003,fulfilled,422.99,2026-05-21 21:42:00,2026-05-22 18:06:35.595768
O000889,M0067,f6cec544-9b1,M0067-C003,cancelled,805.83,2026-05-23 09:10:00,
O000890,M0067,44e36996-9a3,M0067-C004,fulfilled,732.45,2026-05-14 21:17:00,2026-05-14 21:53:28.782088
O000891,M0067,05fae4a9-efc,M0067-C006,fulfilled,212.26,2026-05-12 18:54:00,2026-05-15 11:59:42.723890
O000892,M0067,8fc711a2-61f,M0067-C008,fulfilled,418.38,2026-06-27 17:45:00,2026-06-27 21:53:20.524782
O000893,M0067,da8f13e0-726,M0067-C008,fulfilled,660.63,2026-05-24 18:36:00,2026-05-25 09:54:55.669214
O000894,M0067,2bf2a97d-314,M0067-C008,fulfilled,548.35,2026-06-12 17:37:00,2026-06-14 01:36:11.963263
O000895,M0067,a44c4ef5-c6b,M0067-C009,fulfilled,488.46,2026-06-04 17:03:00,2026-06-10 13:10:23.026260
O000896,M0067,a9e1894e-335,M0067-C009,fulfilled,594.91,2026-05-31 22:27:00,2026-06-02 02:04:22.521659
O000897,M0067,f3405a42-c84,M0067-C010,fulfilled,280.4,2026-06-11 22:38:00,2026-06-12 01:56:57.909644
O000898,M0067,4bb3ca58-84b,M0067-C010,cancelled,126.08,2026-06-16 12:54:00,
O000899,M0067,378e294b-fd6,M0067-C011,fulfilled,569.82,2026-05-21 20:08:00,2026-05-21 21:04:19.508555
O000900,M0067,fd107763-013,M0067-C011,fulfilled,326.92,2026-06-21 16:58:00,2026-06-22 01:28:25.362013
O000901,M0067,a450c618-bcd,M0067-C013,fulfilled,691.16,2026-05-22 18:01:00,2026-05-29 08:41:12.272774
O000902,M0067,126c6a8d-ff9,M0067-C013,fulfilled,301.62,2026-06-11 12:29:00,2026-06-12 22:35:20.927171
O000903,M0067,683c6436-1cb,M0067-C014,cancelled,485.87,2026-06-19 12:10:00,
O000904,M0067,836d8457-407,M0067-C014,fulfilled,296.18,2026-06-18 17:26:00,2026-06-23 21:44:14.591260
O000905,M0067,aa466c5f-dc4,M0067-C014,fulfilled,1077.82,2026-06-23 22:40:00,2026-06-28 21:02:28.135919
O000906,M0068,56029da5-14a,M0068-C000,fulfilled,1338.61,2026-02-06 10:12:00,2026-02-06 21:01:49.800156
O000907,M0068,6738d38c-9df,M0068-C000,fulfilled,1132.58,2026-02-17 20:10:00,2026-02-25 08:54:26.589535
O000908,M0068,bc5371d9-6fb,M0068-C001,fulfilled,453.59,2026-03-14 17:04:00,2026-03-18 09:12:18.362529
O000909,M0068,21cbe500-227,M0068-C001,fulfilled,1155.77,2026-03-08 19:55:00,2026-03-09 03:53:06.328762
O000910,M0068,28649fe4-ddb,M0068-C002,fulfilled,321.93,2026-02-14 10:45:00,2026-02-14 16:39:40.248206
O000911,M0069,98c8b682-305,M0069-C000,fulfilled,781.67,2026-04-19 12:44:00,2026-04-19 21:23:52.856121
O000912,M0069,6546b4c4-2a6,M0069-C002,fulfilled,777.73,2026-03-07 18:31:00,2026-03-08 00:54:34.934974
O000913,M0069,8cd44e9a-b4d,M0069-C002,fulfilled,460.48,2026-03-24 10:11:00,2026-03-24 20:00:25.822910
O000914,M0069,a69e4261-114,M0069-C003,fulfilled,314.46,2026-01-26 17:23:00,2026-01-28 03:22:54.988288
O000915,M0069,92c6fa97-f81,M0069-C003,fulfilled,394.67,2026-05-04 22:46:00,2026-05-07 17:07:58.785527
O000916,M0069,4ebcbecc-90f,M0069-C005,fulfilled,519.92,2026-02-06 11:01:00,2026-02-07 02:24:37.917376
O000917,M0069,3d6503e8-47c,M0069-C005,cancelled,164.27,2026-03-02 15:41:00,
O000918,M0069,7cc214fd-070,M0069-C007,fulfilled,473.23,2026-03-08 08:25:00,2026-03-09 15:02:42.170605
O000919,M0069,f61c1bb8-339,M0069-C008,fulfilled,475.71,2026-03-15 11:15:00,2026-03-23 10:28:05.709045
O000920,M0069,1cc7ad96-b64,M0069-C008,fulfilled,548.54,2026-04-26 10:12:00,2026-04-26 14:01:22.130103
O000921,M0069,616b56e9-d64,M0069-C008,fulfilled,640.27,2026-02-03 18:53:00,2026-02-04 15:06:56.761208
O000922,M0069,19509ab4-ec2,M0069-C008,fulfilled,641.29,2026-02-08 13:17:00,2026-02-12 03:46:49.215229
O000923,M0069,423de98a-fae,M0069-C009,fulfilled,1300.17,2026-02-09 20:16:00,2026-02-11 01:44:24.979362
O000924,M0069,fe49f81e-10b,M0069-C010,fulfilled,324.89,2026-03-22 15:01:00,2026-03-25 09:17:38.767142
O000925,M0069,7fce8197-f29,M0069-C012,cancelled,197.79,2026-04-13 08:55:00,
O000926,M0069,b5b2a0f0-7ce,M0069-C012,fulfilled,639.05,2026-04-18 22:38:00,2026-04-27 00:34:35.731756
O000927,M0069,d41f0c1b-03d,M0069-C014,fulfilled,194.69,2026-04-26 16:53:00,2026-05-03 16:49:36.865811
O000928,M0069,e3952136-b14,M0069-C016,fulfilled,503.22,2026-01-24 11:36:00,2026-01-28 11:38:59.455346
O000929,M0069,d82e3ca8-290,M0069-C020,fulfilled,807.74,2026-04-29 19:27:00,2026-04-29 23:25:05.039186
O000930,M0069,1986b057-96a,M0069-C022,fulfilled,1125.07,2026-02-02 20:10:00,2026-02-04 22:50:27.414247
O000931,M0069,bb94c39d-f46,M0069-C022,fulfilled,49.41,2026-03-25 09:35:00,2026-03-28 21:08:53.333207
O000932,M0069,7a506f77-115,M0069-C023,fulfilled,274.91,2026-01-30 10:54:00,2026-01-31 15:15:50.344809
O000933,M0069,93cdb208-1f8,M0069-C023,placed,734.12,2026-03-22 12:53:00,
O000934,M0069,0301ecf9-406,M0069-C023,fulfilled,820.52,2026-02-05 17:43:00,2026-02-05 20:09:27.227354
O000935,M0069,d1867991-dbe,M0069-C023,fulfilled,503.05,2026-02-26 14:31:00,2026-03-06 13:56:04.538827
O000936,M0070,533464e7-9f9,M0070-C001,fulfilled,756.03,2026-06-14 08:19:00,2026-06-16 15:28:05.654358
O000937,M0070,26da7417-e19,M0070-C001,fulfilled,248.11,2026-06-09 10:44:00,2026-06-09 13:40:05.510861
O000938,M0070,1477455e-fe9,M0070-C003,fulfilled,456.01,2026-05-31 23:13:00,2026-06-01 05:12:31.235503
O000939,M0070,5a6cb54e-a28,M0070-C003,fulfilled,772.49,2026-06-12 09:19:00,2026-06-13 22:09:54.115042
O000940,M0070,bcbe7d3c-ab9,M0070-C003,fulfilled,347.01,2026-06-14 10:37:00,2026-06-14 15:43:23.765178
O000941,M0070,7fa03311-bf6,M0070-C003,fulfilled,577.67,2026-06-09 09:13:00,2026-06-09 20:53:25.840497
O000942,M0070,7fa03311-bf6,M0070-C003,fulfilled,577.67,2026-06-09 09:13:00,2026-06-09 20:53:25.840497
O000943,M0070,29e74f07-2d3,M0070-C003,fulfilled,251.06,2026-06-12 11:04:00,2026-06-12 12:53:22.336887
O000944,M0070,f087f2bd-75e,M0070-C006,fulfilled,52.45,2026-05-30 23:08:00,2026-05-31 06:41:31.078553
O000945,M0070,4fb875f9-c86,M0070-C006,fulfilled,458.69,2026-06-02 19:46:00,2026-06-04 15:24:18.530114
O000946,M0070,ff5f611e-55b,M0070-C007,cancelled,337.46,2026-06-16 11:23:00,
O000947,M0070,b1cdf8d2-449,M0070-C009,fulfilled,545.15,2026-05-31 20:52:00,2026-06-02 13:19:29.124979
O000948,M0070,48100137-bce,M0070-C011,fulfilled,735.92,2026-06-13 22:11:00,2026-06-14 02:43:55.094902
O000949,M0070,204d9afd-e5b,M0070-C014,fulfilled,773.71,2026-06-16 22:49:00,2026-06-17 23:53:40.990999
O000950,M0070,1b4b5838-556,M0070-C014,fulfilled,540.61,2026-06-13 18:01:00,2026-06-14 09:16:13.672071
O000951,M0070,e99c958f-f74,M0070-C015,fulfilled,463.41,2026-05-31 14:04:00,2026-05-31 16:19:19.129639
O000952,M0070,bb2849f8-1d5,M0070-C016,fulfilled,587.06,2026-06-17 20:03:00,2026-06-18 11:02:38.815683
O000953,M0070,71d98604-1b4,M0070-C017,fulfilled,188.11,2026-06-08 22:12:00,2026-06-08 23:22:46.599790
O000954,M0070,6bded298-9d5,M0070-C018,fulfilled,331.3,2026-06-17 15:12:00,2026-06-20 12:07:44.459307
O000955,M0070,e7c0c69d-7bc,M0070-C019,fulfilled,632.86,2026-05-31 20:08:00,2026-06-02 01:55:07.488931
O000956,M0070,71e1c927-62e,M0070-C019,fulfilled,125.4,2026-05-28 14:19:00,2026-05-28 23:53:58.291511
O000957,M0070,273cada5-bfe,M0070-C020,fulfilled,311.08,2026-06-06 11:47:00,2026-06-10 06:45:07.881503
O000958,M0070,421b1f13-02a,M0070-C023,fulfilled,896.62,2026-06-09 22:35:00,2026-06-11 00:00:22.306759
O000959,M0070,62138a7c-4c5,M0070-C023,fulfilled,325.44,2026-06-02 10:25:00,2026-06-03 11:10:01.615828
O000960,M0070,4b10a50a-0d0,M0070-C023,fulfilled,703.62,2026-06-18 17:42:00,2026-06-20 08:48:18.774338
O000961,M0070,31c2994e-ffb,M0070-C025,fulfilled,993.6,2026-05-28 13:11:00,2026-05-30 10:32:53.514842
O000962,M0071,1dbd45a9-855,M0071-C003,fulfilled,252.16,2026-02-08 15:27:00,2026-02-08 21:21:30.762760
O000963,M0072,679f120f-84d,M0072-C000,cancelled,529.73,2026-01-16 19:36:00,
O000964,M0072,0048eb3a-ab2,M0072-C000,fulfilled,511.22,2026-02-03 20:38:00,2026-02-04 05:11:08.055791
O000965,M0072,e423b029-8b2,M0072-C001,fulfilled,328.32,2026-01-18 14:25:00,2026-01-25 21:36:45.192589
O000966,M0072,423d425f-94e,M0072-C003,fulfilled,536.19,2026-01-28 11:46:00,2026-01-29 06:00:05.014994
O000967,M0074,960d2171-418,M0074-C000,fulfilled,662.41,2026-01-03 18:51:00,2026-01-05 04:46:45.688350
O000968,M0074,b306c079-240,M0074-C000,fulfilled,342.34,2026-01-12 12:33:00,2026-01-12 14:14:05.347016
O000969,M0074,d37d02af-1a2,M0074-C001,fulfilled,688.9,2026-01-18 17:13:00,2026-01-20 04:49:44.854846
O000970,M0074,e05d5359-a26,M0074-C001,fulfilled,381.43,2026-01-17 15:58:00,2026-01-19 02:10:17.022764
O000971,M0074,6ae8ca99-4de,M0074-C001,fulfilled,286.24,2026-01-10 08:57:00,2026-01-11 13:49:16.943337
O000972,M0074,5645f4a0-631,M0074-C002,fulfilled,877.94,2026-01-06 14:09:00,2026-01-06 19:21:16.923266
O000973,M0074,a754a65c-b1b,M0074-C002,fulfilled,491.34,2026-01-10 10:17:00,2026-01-12 15:22:39.833402
O000974,M0074,52d32ba6-1d5,M0074-C002,cancelled,225.03,2026-01-04 13:00:00,
O000975,M0074,e0390bb5-455,M0074-C003,fulfilled,1157.46,2026-01-21 23:09:00,2026-01-23 05:40:12.636501
O000976,M0074,b4151fad-b46,M0074-C003,fulfilled,319.66,2026-01-24 09:41:00,2026-01-25 02:00:49.406951
O000977,M0074,6fc99f3e-3fa,M0074-C004,fulfilled,454.73,2026-01-21 15:51:00,2026-01-25 10:33:11.966095
O000978,M0074,be1b6af2-ed0,M0074-C005,placed,168.52,2026-01-10 09:19:00,
O000979,M0074,9c1f0ca2-e3e,M0074-C005,fulfilled,754.54,2026-01-14 17:00:00,2026-01-14 22:44:28.535870
O000980,M0074,f3691fa3-0f1,M0074-C005,fulfilled,382.86,2026-01-17 21:40:00,2026-01-22 08:53:19.350634
O000981,M0074,3547cbe4-ba1,M0074-C007,fulfilled,325.17,2026-01-15 16:12:00,2026-01-18 07:49:16.319049
O000982,M0074,70d9967f-579,M0074-C008,fulfilled,747.78,2026-01-06 10:33:00,2026-01-07 07:47:48.218709
O000983,M0074,017d1006-76e,M0074-C011,fulfilled,487.05,2026-01-16 11:31:00,2026-01-16 19:56:08.152877
O000984,M0074,2b0049eb-767,M0074-C011,fulfilled,710.78,2026-01-22 15:37:00,2026-01-23 09:44:00.600107
O000985,M0074,f56f4110-1ba,M0074-C012,fulfilled,427.29,2026-01-10 22:52:00,2026-01-12 13:55:32.828370
O000986,M0074,8f0c6910-415,M0074-C013,fulfilled,466.79,2026-01-22 15:55:00,2026-01-24 09:23:09.636353
O000987,M0074,5ba89983-4b0,M0074-C014,fulfilled,653.14,2026-01-08 10:26:00,2026-01-10 07:31:30.091998
O000988,M0074,718d7945-25c,M0074-C014,fulfilled,472.01,2026-01-03 18:41:00,2026-01-05 23:36:07.467785
O000989,M0074,0dce5b2b-c2e,M0074-C015,fulfilled,382.6,2026-01-22 13:31:00,2026-01-23 01:48:59.695626
O000990,M0074,ccf4aa2c-144,M0074-C015,fulfilled,1040.65,2026-01-18 21:19:00,2026-01-20 08:23:45.605454
O000991,M0074,ac396649-010,M0074-C015,fulfilled,406.54,2026-01-04 21:11:00,2026-01-05 14:28:12.004466
O000992,M0074,d4726b20-d65,M0074-C018,placed,567.41,2026-01-24 22:11:00,
O000993,M0074,ab407258-d76,M0074-C019,fulfilled,887.95,2026-01-05 12:02:00,2026-01-07 07:01:07.930563
O000994,M0074,b387a111-36a,M0074-C020,fulfilled,620.33,2026-01-13 21:53:00,2026-01-14 07:06:44.101367
O000995,M0074,89e2c426-0c5,M0074-C021,fulfilled,182.09,2026-01-24 10:34:00,2026-01-25 03:35:11.999492
O000996,M0074,fc2d9a89-bc7,M0074-C022,fulfilled,302.54,2026-01-24 10:29:00,2026-01-24 23:36:25.836823
O000997,M0074,9a9f4a10-619,M0074-C022,fulfilled,1150.85,2026-01-17 08:32:00,2026-01-18 03:48:51.067649
O000998,M0074,218dedda-1f9,M0074-C022,fulfilled,165.43,2026-01-06 08:32:00,2026-01-09 04:04:48.569218
O000999,M0075,96c94ec8-b24,M0075-C000,fulfilled,627.75,2026-04-19 12:18:00,2026-04-21 10:35:48.742160
O001000,M0075,43e63aba-bc6,M0075-C000,fulfilled,359.91,2026-04-27 11:14:00,2026-04-28 04:52:49.814191
O001001,M0075,8e18b01e-8bf,M0075-C001,fulfilled,935.27,2026-05-06 10:52:00,2026-05-06 22:03:53.156722
O001002,M0075,431c1fc1-984,M0075-C001,fulfilled,851.26,2026-04-22 14:45:00,2026-04-24 09:27:21.886194
O001003,M0075,dc761ca0-d39,M0075-C001,fulfilled,468.89,2026-04-27 09:34:00,2026-04-28 19:30:37.397532
O001004,M0075,99b1a89f-8e4,M0075-C001,fulfilled,164.65,2026-05-05 10:28:00,2026-05-05 16:35:39.764957
O001005,M0075,1a200671-873,M0075-C003,fulfilled,218.89,2026-04-29 14:43:00,2026-04-30 02:04:20.285084
O001006,M0075,96bd6b23-431,M0075-C004,fulfilled,146.19,2026-04-25 17:37:00,2026-04-29 00:02:34.280838
O001007,M0075,ccb42a63-eee,M0075-C004,fulfilled,312.16,2026-04-22 14:57:00,2026-04-23 01:21:34.377000
O001008,M0075,2a2cfc4d-00d,M0075-C005,fulfilled,293.1,2026-04-20 08:21:00,2026-04-25 17:50:50.318181
O001009,M0075,d31c2b8d-3b1,M0075-C005,fulfilled,304.65,2026-04-28 17:25:00,2026-04-29 06:46:54.985113
O001010,M0075,a02a7f6c-660,M0075-C006,fulfilled,634.12,2026-05-08 21:19:00,2026-05-08 22:07:42.169780
O001011,M0075,a5edb917-321,M0075-C007,placed,382.93,2026-04-24 09:09:00,
O001012,M0075,f7ea4a88-e76,M0075-C010,fulfilled,276.49,2026-05-02 21:46:00,2026-05-07 08:59:59.750169
O001013,M0075,68b85360-239,M0075-C011,fulfilled,531.53,2026-05-03 13:55:00,2026-05-04 20:33:21.792127
O001014,M0075,b7fae296-f1d,M0075-C012,fulfilled,648.42,2026-05-02 14:57:00,2026-05-05 05:16:38.798785
O001015,M0075,ce639235-ef3,M0075-C012,fulfilled,373.24,2026-04-18 12:48:00,2026-04-19 16:38:36.292523
O001016,M0075,4c426577-f0b,M0075-C013,fulfilled,288.83,2026-04-24 14:14:00,2026-04-26 16:08:48.571887
O001017,M0075,f0fe193c-d5a,M0075-C014,fulfilled,801.12,2026-05-08 10:41:00,2026-05-10 04:38:14.932926
O001018,M0075,f6bed276-c9d,M0075-C014,fulfilled,605.93,2026-04-28 15:54:00,2026-05-08 05:32:08.115627
O001019,M0075,98ac4c7f-981,M0075-C014,fulfilled,180.22,2026-04-20 23:09:00,2026-04-21 05:26:15.319611
O001020,M0075,7961d71e-fcc,M0075-C016,fulfilled,849.81,2026-04-20 08:07:00,2026-04-20 13:57:09.582575
O001021,M0075,a9ff4917-a23,M0075-C016,fulfilled,352.04,2026-05-03 22:54:00,2026-05-04 13:11:25.009715
O001022,M0075,ac1cb14f-16d,M0075-C018,fulfilled,1062.09,2026-05-08 21:12:00,2026-05-09 17:45:34.237426
O001023,M0075,1146b03b-f5b,M0075-C019,fulfilled,559.82,2026-04-24 11:31:00,2026-04-24 18:32:57.062908
O001024,M0075,ac1b5b3e-8af,M0075-C022,fulfilled,992.19,2026-05-05 21:10:00,2026-05-08 14:33:49.953375
O001025,M0075,73cc802e-952,M0075-C022,fulfilled,711.17,2026-05-09 20:15:00,2026-05-10 02:53:25.880724
O001026,M0075,67d3f5ab-3ed,M0075-C023,fulfilled,250.46,2026-05-06 21:42:00,2026-05-11 08:38:32.318568
O001027,M0075,f17a1f9b-472,M0075-C024,fulfilled,525.5,2026-04-22 20:18:00,2026-04-23 05:47:59.147413
O001028,M0075,4ae04d59-2c3,M0075-C024,fulfilled,549.5,2026-05-08 15:14:00,2026-05-09 03:52:07.567444
O001029,M0075,5a5f45ac-2d7,M0075-C024,fulfilled,877.15,2026-04-20 11:00:00,2026-04-27 00:37:07.593923
O001030,M0076,0a3ec38b-685,M0076-C001,fulfilled,664.29,2026-03-10 21:50:00,2026-03-10 23:11:24.198868
O001031,M0076,fb65e115-d98,M0076-C001,fulfilled,277.11,2026-03-15 11:26:00,2026-03-15 12:33:35.084788
O001032,M0076,a0de1045-cc7,M0076-C002,cancelled,432.58,2026-03-01 17:03:00,
O001033,M0076,9cde14bd-fdd,M0076-C003,fulfilled,642.45,2026-04-28 15:21:00,2026-04-29 12:05:33.258976
O001034,M0076,fcd4faa8-655,M0076-C003,fulfilled,220.04,2026-01-12 16:43:00,2026-01-12 19:54:04.795113
O001035,M0076,09e7ae49-696,M0076-C004,fulfilled,885.52,2026-04-08 11:23:00,2026-04-09 08:16:53.397205
O001036,M0076,52891f9a-735,M0076-C008,fulfilled,308.1,2026-05-10 18:10:00,2026-05-11 00:08:50.805807
O001037,M0076,6de5f47c-535,M0076-C008,fulfilled,950.24,2026-04-11 20:43:00,2026-04-12 00:39:29.954312
O001038,M0076,e29cb64c-907,M0076-C009,placed,382.62,2026-05-26 16:18:00,
O001039,M0076,3967243f-5d3,M0076-C009,fulfilled,1489.59,2026-04-23 19:48:00,2026-04-25 10:42:53.349080
O001040,M0076,7bfa8790-ccf,M0076-C010,fulfilled,413.12,2026-02-06 08:40:00,2026-02-12 13:53:00.719324
O001041,M0076,6910aeb0-787,M0076-C011,fulfilled,461.51,2026-03-20 17:27:00,2026-03-20 19:51:11.668936
O001042,M0076,9794481c-d3c,M0076-C012,fulfilled,277.27,2026-01-23 13:07:00,2026-01-25 11:09:44.209136
O001043,M0076,f4a4d3a3-e3a,M0076-C012,placed,410.74,2026-03-01 14:25:00,
O001044,M0076,2a46dc3f-d77,M0076-C013,fulfilled,141.78,2026-06-12 21:06:00,2026-06-14 09:36:03.626010
O001045,M0076,57f1842a-a7c,M0076-C013,cancelled,169.03,2026-06-08 11:59:00,
O001046,M0076,21c63bf8-74d,M0076-C015,fulfilled,242.65,2026-05-20 12:25:00,2026-05-20 18:44:18.737796
O001047,M0076,ec614025-448,M0076-C015,fulfilled,943.59,2026-03-09 11:07:00,2026-03-09 13:15:16.860799
O001048,M0076,755ef80d-e9a,M0076-C016,fulfilled,636.84,2026-03-24 13:38:00,2026-03-24 22:13:04.123092
O001049,M0076,cee7e446-92c,M0076-C019,fulfilled,1114.37,2026-01-17 10:58:00,2026-01-23 00:04:36.088882
O001050,M0076,7c48c9f2-6b3,M0076-C019,cancelled,959.88,2026-03-07 08:54:00,
O001051,M0076,135770d4-40a,M0076-C020,fulfilled,87.98,2026-03-09 13:23:00,2026-03-11 16:51:29.643282
O001052,M0077,27d03eda-093,M0077-C001,fulfilled,1007.33,2026-06-26 09:51:00,2026-07-03 21:10:26.678639
O001053,M0077,0a8276a2-db6,M0077-C001,fulfilled,312.43,2026-06-22 08:32:00,2026-06-22 09:20:44.851975
O001054,M0077,e6ca957c-154,M0077-C001,fulfilled,355.01,2026-06-25 15:09:00,2026-06-26 08:53:14.175994
O001055,M0077,f7c34153-868,M0077-C002,placed,502.65,2026-06-27 12:45:00,
O001056,M0079,589e9039-10c,M0079-C000,fulfilled,222.99,2026-03-02 21:42:00,2026-03-05 11:35:47.351893
O001057,M0079,0e88219b-5ec,M0079-C001,fulfilled,438.72,2026-03-02 20:44:00,2026-03-05 23:56:49.600131
O001058,M0079,c353d7fa-c9e,M0079-C001,fulfilled,1122.13,2026-02-10 17:50:00,2026-02-17 16:26:45.303251
O001059,M0079,94277ffb-4e3,M0079-C003,fulfilled,816.24,2026-01-27 19:29:00,2026-01-28 13:53:35.573773
O001060,M0079,1860485c-07a,M0079-C003,fulfilled,339.79,2026-03-18 10:14:00,2026-03-18 22:01:27.549033
O001061,M0079,3e4de2d5-fc0,M0079-C005,fulfilled,296.65,2026-02-22 09:19:00,2026-02-22 13:56:18.630832
O001062,M0079,2a329fd7-40e,M0079-C005,placed,394.66,2026-03-18 10:43:00,
O001063,M0079,df445003-941,M0079-C006,fulfilled,703.04,2026-03-24 20:03:00,2026-03-29 01:37:10.510333
O001064,M0079,61589610-d46,M0079-C006,fulfilled,495.55,2026-01-16 19:15:00,2026-01-19 06:37:58.227812
O001065,M0079,e7194b34-f23,M0079-C006,cancelled,481.67,2026-03-19 21:47:00,
O001066,M0079,519c8234-84d,M0079-C009,fulfilled,671.55,2026-03-29 22:55:00,2026-03-31 08:03:37.272991
O001067,M0079,45f9be49-282,M0079-C011,fulfilled,545.32,2026-02-20 15:40:00,2026-03-01 09:09:00.089206
O001068,M0079,dd44955a-7bb,M0079-C011,fulfilled,602.0,2026-03-19 22:09:00,2026-03-26 01:57:05.364647
O001069,M0079,7a3264b0-8db,M0079-C012,fulfilled,1054.33,2026-02-08 14:52:00,2026-02-08 16:39:12.324970
O001070,M0079,b4ea83ca-b6c,M0079-C013,cancelled,1529.43,2026-04-01 13:16:00,
O001071,M0079,26b104cf-389,M0079-C013,fulfilled,574.71,2026-02-03 09:34:00,2026-02-05 09:34:53.552854
O001072,M0079,e26640b9-48b,M0079-C015,fulfilled,741.3,2026-03-16 22:04:00,2026-03-17 05:17:46.756467
O001073,M0079,55a3d6b5-fb2,M0079-C016,fulfilled,397.21,2026-03-12 18:50:00,2026-03-16 06:46:14.842856
O001074,M0079,fdc5e5cb-c8a,M0079-C017,placed,313.88,2026-04-13 19:24:00,
O001075,M0079,3b713f51-e42,M0079-C018,fulfilled,659.66,2026-03-02 21:21:00,2026-03-03 08:26:11.497635
O001076,M0079,a863d66d-c24,M0079-C019,fulfilled,761.59,2026-03-20 21:53:00,2026-03-21 13:28:42.464661
O001077,M0079,059459b7-bfa,M0079-C019,fulfilled,933.85,2026-01-13 14:22:00,2026-01-14 01:44:17.697700
O001078,M0079,c77fd737-40c,M0079-C020,fulfilled,995.95,2026-04-01 14:48:00,2026-04-03 18:13:23.298036
O001079,M0079,c77fd737-40c,M0079-C020,fulfilled,995.95,2026-04-01 14:48:00,2026-04-03 18:13:23.298036
O001080,M0079,2707f097-81b,M0079-C020,placed,320.19,2026-04-04 13:36:00,
O001081,M0079,85b1912d-629,M0079-C021,fulfilled,1051.41,2026-03-15 12:10:00,2026-03-22 07:23:43.867000
O001082,M0079,b22f03cf-89a,M0079-C022,fulfilled,379.31,2026-04-13 11:05:00,2026-04-15 01:10:14.910726
O001083,M0080,2eed8918-f8d,M0080-C001,fulfilled,625.13,2026-04-17 19:02:00,2026-04-20 08:52:08.876807
O001084,M0080,68cd87c2-8dd,M0080-C001,fulfilled,311.18,2026-05-15 14:20:00,2026-05-16 03:05:28.575282
O001085,M0080,68cd87c2-8dd,M0080-C001,fulfilled,311.18,2026-05-15 14:20:00,2026-05-16 03:05:28.575282
O001086,M0080,12ad6683-ef3,M0080-C002,fulfilled,1001.93,2026-01-26 20:35:00,2026-01-28 21:53:59.826944
O001087,M0080,f9bd96ee-89c,M0080-C002,fulfilled,524.61,2026-03-15 13:40:00,2026-03-16 12:11:30.049755
O001088,M0080,32413d0f-754,M0080-C002,fulfilled,941.97,2026-06-07 15:03:00,2026-06-07 18:52:44.012589
O001089,M0080,bb37b8d6-bcb,M0080-C003,fulfilled,515.87,2026-04-05 20:21:00,2026-04-12 06:01:04.257774
O001090,M0080,32319ca7-963,M0080-C003,fulfilled,632.68,2026-05-06 11:43:00,2026-05-06 17:37:22.457614
O001091,M0080,27f61c48-c04,M0080-C004,fulfilled,638.14,2026-01-24 09:11:00,2026-01-25 18:54:27.667304
O001092,M0080,a51da2fc-08b,M0080-C004,fulfilled,557.05,2026-02-16 16:27:00,2026-02-17 05:29:35.050590
O001093,M0080,b021e246-2ef,M0080-C005,fulfilled,567.27,2026-03-20 18:57:00,2026-03-22 03:57:16.642597
O001094,M0080,7d211db5-176,M0080-C006,cancelled,330.55,2026-03-29 18:49:00,
O001095,M0080,e3822545-fe7,M0080-C006,fulfilled,499.0,2026-04-05 14:19:00,2026-04-07 07:13:14.564651
O001096,M0080,023b693d-650,M0080-C007,fulfilled,754.75,2026-06-13 12:48:00,2026-06-14 20:40:54.310805
O001097,M0080,bed51117-a08,M0080-C007,cancelled,380.88,2026-05-30 11:40:00,
O001098,M0080,e9149f4e-84b,M0080-C010,fulfilled,664.97,2026-05-24 16:38:00,2026-05-26 08:05:53.266682
O001099,M0080,50a814a2-99d,M0080-C010,fulfilled,746.98,2026-04-27 10:54:00,2026-04-28 14:42:16.936012
O001100,M0080,8c58e67f-aae,M0080-C011,fulfilled,230.39,2026-01-30 22:33:00,2026-02-02 06:39:38.463130
O001101,M0080,edef98a8-99c,M0080-C012,fulfilled,284.11,2026-04-06 09:36:00,2026-04-06 19:27:38.922742
O001102,M0080,a78710c0-cd2,M0080-C013,fulfilled,580.49,2026-06-14 18:20:00,2026-06-17 07:55:16.958897
O001103,M0080,00055897-d7c,M0080-C013,fulfilled,427.26,2026-06-03 18:25:00,2026-06-04 03:27:50.855500
O001104,M0080,adf84f75-894,M0080-C014,fulfilled,361.9,2026-02-24 10:49:00,2026-02-24 15:13:41.502950
O001105,M0080,67939089-84e,M0080-C015,fulfilled,162.93,2026-02-14 08:59:00,2026-02-14 18:31:29.086863
O001106,M0080,7dc8cdce-d1a,M0080-C016,fulfilled,274.23,2026-06-13 22:15:00,2026-06-16 20:41:55.101128
O001107,M0080,0b60a405-7b2,M0080-C016,fulfilled,688.87,2026-03-11 12:37:00,2026-03-12 01:22:15.172882
O001108,M0080,75850574-70c,M0080-C016,fulfilled,380.57,2026-03-27 16:41:00,2026-03-28 09:55:51.937759
O001109,M0080,36e647db-99c,M0080-C016,cancelled,774.93,2026-02-09 17:16:00,
O001110,M0080,fac4ae97-61c,M0080-C017,fulfilled,537.13,2026-02-16 11:10:00,2026-02-18 04:22:29.080158
O001111,M0080,1df554eb-40c,M0080-C020,fulfilled,186.8,2026-04-10 21:50:00,2026-04-18 07:43:37.171154
O001112,M0080,8f948797-ee1,M0080-C021,cancelled,307.65,2026-03-04 18:58:00,
O001113,M0080,9115e122-f1c,M0080-C021,fulfilled,493.08,2026-05-12 16:37:00,2026-05-13 06:52:31.796463
O001114,M0080,a3f6ee81-d06,M0080-C022,fulfilled,612.55,2026-02-20 17:09:00,2026-02-21 01:52:02.790139
O001115,M0080,947f425d-052,M0080-C023,fulfilled,289.13,2026-05-20 20:56:00,2026-05-22 02:47:29.435851
O001116,M0080,43b1c9ee-df9,M0080-C023,fulfilled,407.92,2026-01-23 11:45:00,2026-01-24 02:33:27.361170
O001117,M0080,7a165e19-89f,M0080-C024,fulfilled,313.62,2026-04-15 10:07:00,2026-04-16 03:26:29.863802
O001118,M0080,7a165e19-89f,M0080-C024,fulfilled,313.62,2026-04-15 10:07:00,2026-04-16 03:26:29.863802
O001119,M0080,a266c051-d55,M0080-C024,fulfilled,497.13,2026-05-29 22:09:00,2026-05-31 19:37:13.116567
O001120,M0080,b5450931-a45,M0080-C024,fulfilled,849.02,2026-01-29 18:33:00,2026-02-07 07:39:31.661872
O001121,M0080,f53a1caa-cdb,M0080-C025,fulfilled,536.03,2026-03-26 12:59:00,2026-03-27 04:15:54.509510
O001122,M0080,0712a8fd-8ce,M0080-C025,fulfilled,445.36,2026-01-28 22:05:00,2026-02-01 03:28:00.740406
O001123,M0080,463d4314-441,M0080-C026,fulfilled,682.66,2026-02-23 09:28:00,2026-02-23 16:58:43.868631
O001124,M0080,8f4ae1c6-49a,M0080-C026,fulfilled,681.73,2026-05-14 18:56:00,2026-05-15 12:09:09.177892
O001125,M0080,9560e5b5-8a7,M0080-C027,fulfilled,172.94,2026-01-24 18:27:00,2026-01-25 22:35:53.581445
O001126,M0080,0db99323-346,M0080-C027,fulfilled,716.43,2026-02-27 19:23:00,2026-02-28 01:02:04.627563
O001127,M0080,d2e01655-4ee,M0080-C030,fulfilled,385.57,2026-04-12 17:46:00,2026-04-13 03:19:30.974818
O001128,M0080,7ca00f00-505,M0080-C030,cancelled,777.96,2026-05-18 10:04:00,
O001129,M0080,5409a235-d06,M0080-C030,fulfilled,214.4,2026-04-09 21:50:00,2026-04-17 21:34:43.324681
O001130,M0080,3ed81846-5c6,M0080-C032,fulfilled,1440.09,2026-03-13 10:33:00,2026-03-16 09:27:20.695794
O001131,M0080,a02302af-19f,M0080-C032,fulfilled,565.49,2026-06-03 15:59:00,2026-06-03 19:19:02.091060
O001132,M0080,0886fa5f-392,M0080-C033,fulfilled,316.86,2026-03-01 16:50:00,2026-03-02 06:32:37.403137
O001133,M0080,0f8a675f-f06,M0080-C033,fulfilled,445.61,2026-03-30 09:41:00,2026-04-01 23:31:19.826712
O001134,M0081,0334c63c-165,M0081-C002,fulfilled,954.54,2026-03-30 19:03:00,2026-03-31 10:46:17.053477
O001135,M0081,4d407669-6b4,M0081-C002,fulfilled,769.32,2026-04-25 11:03:00,2026-04-27 01:31:19.231941
O001136,M0081,ffd906b6-11a,M0081-C003,fulfilled,135.82,2026-03-21 17:26:00,2026-03-25 13:19:16.014826
O001137,M0081,33b2c971-1bf,M0081-C003,fulfilled,691.14,2026-04-23 11:41:00,2026-04-23 16:19:26.580852
O001138,M0081,a9545710-de0,M0081-C005,fulfilled,1348.89,2026-03-05 12:06:00,2026-03-05 14:30:44.730172
O001139,M0081,66b47f59-d27,M0081-C008,fulfilled,235.09,2026-04-10 17:28:00,2026-04-11 04:34:58.551050
O001140,M0081,bb864c68-405,M0081-C013,fulfilled,584.0,2026-03-01 18:08:00,2026-03-01 22:45:08.252044
O001141,M0081,d8962d90-02d,M0081-C013,fulfilled,144.37,2026-03-01 20:29:00,2026-03-01 20:35:34.615685
O001142,M0081,0b298e24-f0c,M0081-C016,fulfilled,345.53,2026-04-25 12:23:00,2026-04-27 11:15:43.951055
O001143,M0081,bf81b3d7-6d6,M0081-C016,fulfilled,927.49,2026-04-24 19:31:00,2026-04-26 01:56:06.580869
O001144,M0081,d8f804df-e8a,M0081-C016,placed,467.44,2026-02-25 16:11:00,
O001145,M0081,e601994a-923,M0081-C017,fulfilled,432.68,2026-03-31 15:52:00,2026-03-31 16:15:52.916656
O001146,M0081,b161b81d-8c1,M0081-C017,placed,566.77,2026-04-23 17:32:00,
O001147,M0081,8d6274b5-27e,M0081-C018,fulfilled,732.12,2026-03-10 19:19:00,2026-03-15 00:09:30.616876
O001148,M0081,ce307153-0d1,M0081-C019,fulfilled,408.22,2026-03-14 21:08:00,2026-03-16 17:32:37.373871
O001149,M0081,c040bcbe-e2c,M0081-C020,fulfilled,309.07,2026-03-13 08:55:00,2026-03-15 07:04:16.722588
O001150,M0081,7c21e4ff-f7f,M0081-C020,cancelled,272.34,2026-03-27 09:15:00,
O001151,M0081,2da55a2d-6f8,M0081-C021,fulfilled,477.59,2026-04-14 17:46:00,2026-04-15 04:11:42.427162
O001152,M0081,0abfd7bc-83b,M0081-C022,fulfilled,397.28,2026-03-27 13:57:00,2026-03-30 16:14:29.534622
O001153,M0082,3c834ee1-184,M0082-C001,fulfilled,70.39,2026-03-31 20:35:00,2026-04-03 03:51:37.535874
O001154,M0082,6794061e-ec6,M0082-C002,fulfilled,366.8,2026-04-19 08:28:00,2026-04-21 09:52:05.149067
O001155,M0082,019aa09b-c09,M0082-C003,fulfilled,355.72,2026-01-28 13:21:00,2026-01-31 15:24:05.979841
O001156,M0082,a2432bd2-416,M0082-C003,fulfilled,690.51,2026-04-14 16:38:00,2026-04-14 16:48:01.007609
O001157,M0082,e0c4cd8d-2c3,M0082-C004,fulfilled,157.47,2026-03-30 22:06:00,2026-04-02 07:31:02.413679
O001158,M0082,4ac8dfc8-3ac,M0082-C006,fulfilled,445.36,2026-01-11 15:32:00,2026-01-12 04:17:07.191147
O001159,M0082,b1b79f5b-c4b,M0082-C007,fulfilled,388.78,2026-02-02 19:24:00,2026-02-03 08:25:38.950879
O001160,M0082,b72131ab-756,M0082-C008,fulfilled,781.25,2026-05-08 11:27:00,2026-05-09 03:12:28.091471
O001161,M0082,c75d43d5-53c,M0082-C008,fulfilled,314.84,2026-01-23 16:13:00,2026-01-24 00:37:40.747473
O001162,M0082,5afaffb9-9cd,M0082-C008,fulfilled,1235.06,2026-03-08 20:26:00,2026-03-16 05:48:37.505057
O001163,M0082,f061690a-5cc,M0082-C009,fulfilled,427.86,2026-03-12 17:19:00,2026-03-14 06:26:52.170365
O001164,M0082,952ff56b-bd3,M0082-C011,fulfilled,425.36,2026-03-21 10:52:00,2026-03-21 16:29:31.528878
O001165,M0082,2de93f96-41e,M0082-C012,fulfilled,360.23,2026-05-09 18:26:00,2026-05-12 03:50:49.497505
O001166,M0082,b14b9b92-525,M0082-C012,fulfilled,1098.7,2026-01-08 18:12:00,2026-01-09 06:07:54.992688
O001167,M0082,4c41765b-a0f,M0082-C013,fulfilled,686.87,2026-03-25 11:23:00,2026-03-27 11:02:42.153531
O001168,M0082,95bbf5ac-d54,M0082-C013,fulfilled,391.78,2026-01-08 21:55:00,2026-01-10 04:56:29.135363
O001169,M0082,6130d3a0-500,M0082-C013,fulfilled,460.27,2026-02-25 13:55:00,2026-02-26 15:43:59.812945
O001170,M0082,a177447c-0dc,M0082-C014,cancelled,754.45,2026-01-30 13:41:00,
O001171,M0082,517fba06-f4e,M0082-C014,cancelled,542.05,2026-01-25 20:22:00,
O001172,M0082,9766846b-171,M0082-C015,fulfilled,180.52,2026-03-09 11:22:00,2026-03-09 16:21:23.403829
O001173,M0082,80d1adae-f3a,M0082-C015,fulfilled,478.58,2026-03-08 11:59:00,2026-03-09 21:36:20.001932
O001174,M0082,c2c9457f-b50,M0082-C015,fulfilled,479.8,2026-02-19 08:56:00,2026-02-19 14:51:18.341109
O001175,M0082,62571b90-d6c,M0082-C015,fulfilled,541.99,2026-01-21 23:14:00,2026-01-23 16:48:49.754219
O001176,M0082,227be74f-41a,M0082-C016,fulfilled,240.73,2026-03-23 08:21:00,2026-03-25 19:15:52.886413
O001177,M0082,420625f5-095,M0082-C016,fulfilled,712.63,2026-05-07 15:08:00,2026-05-08 02:56:09.164256
O001178,M0082,449ab823-dd3,M0082-C017,fulfilled,354.9,2026-03-01 17:50:00,2026-03-05 04:54:07.660101
O001179,M0082,f7142556-767,M0082-C017,placed,450.71,2026-04-28 21:00:00,
O001180,M0082,c4cd7f6f-a09,M0082-C018,fulfilled,549.22,2026-05-01 08:36:00,2026-05-01 13:13:39.412368
O001181,M0082,d9ae0855-0b0,M0082-C018,fulfilled,827.42,2026-05-05 15:13:00,2026-05-05 19:53:30.663490
O001182,M0082,b844ddd4-2b7,M0082-C019,placed,488.13,2026-04-25 18:34:00,
O001183,M0082,0f992fb2-fce,M0082-C020,fulfilled,180.98,2026-05-05 10:03:00,2026-05-08 11:28:37.610679
O001184,M0082,10276a76-2d4,M0082-C023,fulfilled,305.09,2026-04-05 22:02:00,2026-04-13 11:29:04.035123
O001185,M0083,b1ef48ab-8cb,M0083-C001,fulfilled,230.44,2026-01-27 09:33:00,2026-01-27 23:08:18.536209
O001186,M0083,ba964b3a-388,M0083-C002,fulfilled,292.71,2026-02-08 12:45:00,2026-02-08 22:44:46.701175
O001187,M0083,0f024443-a7e,M0083-C005,fulfilled,1002.04,2026-01-24 18:54:00,2026-01-30 04:36:53.935102
O001188,M0083,12e642e6-886,M0083-C005,fulfilled,369.28,2026-02-06 20:04:00,2026-02-10 18:36:42.177671
O001189,M0083,3bd97f38-bfe,M0083-C006,fulfilled,621.4,2026-02-02 20:05:00,2026-02-02 20:39:47.996346
O001190,M0083,7ee2b2df-f60,M0083-C007,fulfilled,816.49,2026-02-03 13:15:00,2026-02-05 18:27:33.455634
O001191,M0083,ac4f523b-426,M0083-C007,cancelled,285.51,2026-02-02 12:39:00,
O001192,M0083,5c0e4a16-edf,M0083-C007,fulfilled,631.86,2026-01-20 17:09:00,2026-01-21 02:35:30.777893
O001193,M0083,4263a026-588,M0083-C008,fulfilled,926.1,2026-01-31 21:32:00,2026-02-01 05:48:04.269754
O001194,M0083,c6538b94-531,M0083-C010,fulfilled,567.53,2026-01-24 21:04:00,2026-01-25 18:03:49.783737
O001195,M0083,c6538b94-531,M0083-C010,fulfilled,567.53,2026-01-24 21:04:00,2026-01-25 18:03:49.783737
O001196,M0083,f54809f2-a70,M0083-C010,fulfilled,412.02,2026-01-24 12:12:00,2026-01-24 16:39:24.355506
O001197,M0083,52192286-fed,M0083-C010,fulfilled,604.77,2026-02-04 17:59:00,2026-02-05 00:27:30.110350
O001198,M0083,51080096-41a,M0083-C010,fulfilled,598.45,2026-01-28 22:21:00,2026-01-29 00:44:58.720890
O001199,M0083,faac5da1-158,M0083-C012,fulfilled,400.56,2026-02-01 21:54:00,2026-02-02 11:13:09.365372
O001200,M0083,54de731c-418,M0083-C013,fulfilled,506.1,2026-02-05 21:13:00,2026-02-07 15:41:50.827884
O001201,M0083,3213678e-3b2,M0083-C013,fulfilled,477.78,2026-01-24 09:51:00,2026-01-25 07:39:22.069136
O001202,M0083,ac7f3b47-c61,M0083-C015,fulfilled,1033.33,2026-01-21 15:14:00,2026-01-21 23:45:39.992669
O001203,M0083,fb3e9b51-072,M0083-C016,fulfilled,714.5,2026-01-31 21:49:00,2026-02-01 04:40:24.879615
O001204,M0083,99f8d5b0-38a,M0083-C017,cancelled,358.77,2026-02-02 08:28:00,
O001205,M0083,0194f9af-471,M0083-C018,fulfilled,304.2,2026-02-03 10:24:00,2026-02-04 14:34:08.360784
O001206,M0083,e2427046-c3b,M0083-C019,fulfilled,489.56,2026-01-22 19:57:00,2026-01-23 16:48:04.096002
O001207,M0083,c1a6ae93-e9c,M0083-C021,fulfilled,1126.6,2026-01-27 14:49:00,2026-01-31 08:08:07.126152
O001208,M0083,5230371d-ea3,M0083-C021,fulfilled,796.62,2026-01-31 08:54:00,2026-02-01 04:19:45.821064
O001209,M0083,417abf27-fec,M0083-C023,fulfilled,594.25,2026-02-02 23:02:00,2026-02-03 06:35:23.221743
O001210,M0083,3476c8f5-19c,M0083-C024,fulfilled,753.8,2026-01-28 18:54:00,2026-01-29 06:58:26.973690
O001211,M0083,1eb423f3-5ea,M0083-C024,placed,303.3,2026-02-08 19:22:00,
O001212,M0083,17c0c31e-76e,M0083-C024,fulfilled,610.02,2026-02-05 11:25:00,2026-02-11 16:04:04.085249
O001213,M0083,4767c522-bd9,M0083-C024,fulfilled,558.74,2026-02-08 10:00:00,2026-02-13 03:00:37.291205
O001214,M0084,75e15774-eb2,M0084-C000,fulfilled,428.97,2026-03-15 22:47:00,2026-03-16 16:06:34.742485
O001215,M0084,aed499eb-28e,M0084-C000,fulfilled,470.65,2026-06-19 12:36:00,2026-06-20 12:25:25.848301
O001216,M0084,1654d131-515,M0084-C000,fulfilled,522.17,2026-06-22 17:52:00,2026-06-24 03:33:18.810440
O001217,M0084,9cf98964-f4d,M0084-C002,fulfilled,583.57,2026-02-19 19:08:00,2026-02-21 21:31:50.044408
O001218,M0084,808e61e4-fd7,M0084-C003,fulfilled,937.62,2026-03-30 21:13:00,2026-04-03 12:54:47.413421
O001219,M0084,6619ae4c-2b8,M0084-C004,fulfilled,510.75,2026-01-18 20:24:00,2026-01-20 23:26:24.448603
O001220,M0084,0dfd911f-281,M0084-C004,fulfilled,453.18,2026-05-21 10:21:00,2026-05-26 00:16:17.301321
O001221,M0084,c25b2f7f-c5d,M0084-C005,fulfilled,525.21,2026-03-18 11:05:00,2026-03-20 02:50:21.180758
O001222,M0084,8ab3b6e3-95f,M0084-C005,fulfilled,493.9,2026-05-11 10:32:00,2026-05-11 17:04:09.887810
O001223,M0085,f6fda5f4-4e2,M0085-C000,fulfilled,1154.91,2026-03-03 16:57:00,2026-03-05 21:25:27.479453
O001224,M0086,203cf98b-f8f,M0086-C000,fulfilled,306.92,2026-02-18 10:27:00,2026-02-18 22:42:07.714835
O001225,M0086,a44f3d9f-bb5,M0086-C000,fulfilled,216.64,2026-02-23 11:00:00,2026-02-23 14:48:32.901370
O001226,M0086,af23e358-3ad,M0086-C000,fulfilled,305.84,2026-02-09 22:04:00,2026-02-10 00:53:53.359765
O001227,M0086,af23e358-3ad,M0086-C000,fulfilled,305.84,2026-02-09 22:04:00,2026-02-10 00:53:53.359765
O001228,M0086,6c2aa429-ee8,M0086-C000,fulfilled,561.8,2026-02-19 17:36:00,2026-02-20 23:49:10.729429
O001229,M0086,4953cedd-279,M0086-C000,placed,772.79,2026-02-03 14:35:00,
O001230,M0086,03110745-71b,M0086-C003,placed,377.62,2026-02-21 17:18:00,
O001231,M0086,9b6a0f96-c6f,M0086-C003,fulfilled,534.33,2026-02-06 10:38:00,2026-02-06 14:31:27.718240
O001232,M0086,b7169034-7ee,M0086-C003,fulfilled,89.66,2026-02-14 20:24:00,2026-02-18 01:30:12.380823
O001233,M0086,8768d4ee-3d7,M0086-C003,fulfilled,553.71,2026-02-14 17:24:00,2026-02-14 20:13:51.832887
O001234,M0086,3e5151d0-3c7,M0086-C004,fulfilled,621.32,2026-02-04 11:30:00,2026-02-05 00:32:25.667780
O001235,M0086,9733661f-17b,M0086-C004,fulfilled,662.84,2026-02-05 19:52:00,2026-02-06 07:34:42.226885
O001236,M0086,b31f67a8-275,M0086-C005,fulfilled,646.36,2026-02-08 15:18:00,2026-02-09 13:17:00.428212
O001237,M0086,cf06638c-19c,M0086-C005,fulfilled,368.78,2026-02-12 08:57:00,2026-02-16 07:36:59.403909
O001238,M0086,5026ec20-015,M0086-C005,fulfilled,158.7,2026-02-11 16:26:00,2026-02-17 10:08:24.504783
O001239,M0086,58647849-76b,M0086-C007,fulfilled,379.39,2026-02-21 18:03:00,2026-03-02 00:10:16.542403
O001240,M0086,35f6cc45-88a,M0086-C008,fulfilled,276.53,2026-02-15 14:07:00,2026-02-16 10:54:01.863280
O001241,M0086,b0054b4f-198,M0086-C008,cancelled,796.37,2026-02-10 21:55:00,
O001242,M0086,384f8d87-de0,M0086-C010,fulfilled,669.31,2026-02-20 15:28:00,2026-02-20 19:33:01.412664
O001243,M0086,33056e86-310,M0086-C011,fulfilled,215.05,2026-02-17 16:51:00,2026-02-19 16:33:42.471348
O001244,M0086,41a29cc5-832,M0086-C012,fulfilled,198.97,2026-02-05 17:14:00,2026-02-08 20:49:15.613102
O001245,M0086,d9e76f36-b38,M0086-C012,fulfilled,177.64,2026-02-13 18:03:00,2026-02-14 03:38:24.367882
O001246,M0086,d42ad10c-5dc,M0086-C013,placed,490.43,2026-02-14 22:05:00,
O001247,M0086,e7fbab86-5d0,M0086-C014,fulfilled,1027.59,2026-02-16 19:46:00,2026-02-17 13:37:19.647648
O001248,M0086,6d11e824-512,M0086-C014,fulfilled,290.15,2026-02-08 17:00:00,2026-02-12 14:57:28.305924
O001249,M0086,76b1fb52-185,M0086-C016,fulfilled,146.87,2026-02-05 22:59:00,2026-02-07 12:18:38.252754
O001250,M0086,8546d8dd-d7a,M0086-C017,fulfilled,1496.62,2026-02-07 10:24:00,2026-02-07 16:05:06.040940
O001251,M0086,701e01f6-f0e,M0086-C018,fulfilled,1201.48,2026-02-04 11:25:00,2026-02-05 19:08:02.013143
O001252,M0086,0b07a26b-300,M0086-C021,fulfilled,303.46,2026-02-10 08:39:00,2026-02-11 17:42:54.987589
O001253,M0086,02691763-7a6,M0086-C021,fulfilled,1095.49,2026-02-09 22:21:00,2026-02-11 09:19:59.292470
O001254,M0086,da2b021b-d43,M0086-C021,fulfilled,172.93,2026-02-16 14:54:00,2026-02-19 13:27:15.596423
O001255,M0086,4896bf47-481,M0086-C022,fulfilled,249.53,2026-02-10 14:31:00,2026-02-10 15:49:42.849363
O001256,M0086,9ed855ae-e33,M0086-C023,fulfilled,610.62,2026-02-06 14:03:00,2026-02-08 05:20:14.071083
O001257,M0086,1dcab64c-646,M0086-C024,cancelled,160.96,2026-02-19 17:25:00,
O001258,M0086,b7dd685f-595,M0086-C024,fulfilled,2287.12,2026-02-17 16:40:00,2026-02-17 18:23:35.959705
O001259,M0087,452f5aac-a3c,M0087-C000,fulfilled,1895.33,2026-03-06 14:05:00,2026-03-06 19:22:58.914636
O001260,M0087,d00df08c-1b0,M0087-C000,fulfilled,184.18,2026-02-17 22:27:00,2026-02-18 08:44:03.217738
O001261,M0087,44ec6e3a-02d,M0087-C000,fulfilled,1441.85,2026-02-18 18:31:00,2026-02-19 05:43:50.931331
O001262,M0087,f9dbdc5d-862,M0087-C001,fulfilled,331.11,2026-02-16 19:52:00,2026-02-25 08:18:04.423679
O001263,M0087,45fec0c6-143,M0087-C002,fulfilled,142.4,2026-03-06 21:10:00,2026-03-08 03:13:50.151829
O001264,M0087,6e490720-e4b,M0087-C002,fulfilled,879.07,2026-02-20 20:53:00,2026-02-20 21:14:05.694368
O001265,M0087,120842a8-57e,M0087-C002,fulfilled,371.57,2026-02-17 20:07:00,2026-03-01 18:22:17.524708
O001266,M0087,ce7f4c2b-59d,M0087-C002,cancelled,563.14,2026-02-21 19:32:00,
O001267,M0087,ba04b01c-895,M0087-C003,fulfilled,1594.34,2026-02-19 13:18:00,2026-02-19 15:42:22.686798
O001268,M0087,0fa6e753-2c8,M0087-C003,fulfilled,703.41,2026-03-06 19:57:00,2026-03-07 23:26:38.408756
O001269,M0087,22bbdddb-2d3,M0087-C003,fulfilled,665.51,2026-02-21 09:25:00,2026-02-24 21:21:11.359493
O001270,M0087,2bc86d0a-0ae,M0087-C003,placed,641.31,2026-03-01 22:19:00,
O001271,M0087,8c38cd88-4f4,M0087-C004,fulfilled,517.83,2026-02-18 13:45:00,2026-02-22 15:53:56.497784
O001272,M0087,d73d7734-775,M0087-C007,fulfilled,578.8,2026-02-21 17:37:00,2026-02-21 19:21:57.121818
O001273,M0087,64034f3c-ad1,M0087-C008,fulfilled,320.35,2026-03-09 17:08:00,2026-03-10 23:09:32.331365
O001274,M0087,c5a93ec4-8d8,M0087-C008,placed,588.37,2026-02-23 21:44:00,
O001275,M0087,1cec9db5-e24,M0087-C010,fulfilled,234.35,2026-03-04 14:55:00,2026-03-04 22:36:01.284797
O001276,M0087,bd1705e4-83f,M0087-C010,fulfilled,447.12,2026-02-25 13:15:00,2026-02-26 01:06:03.735589
O001277,M0087,06855e35-622,M0087-C011,fulfilled,1650.64,2026-02-16 15:24:00,2026-02-17 06:17:51.406084
O001278,M0087,09cb36e0-7d4,M0087-C012,fulfilled,208.26,2026-02-17 11:24:00,2026-02-17 18:12:09.495987
O001279,M0087,ff233fa0-e5f,M0087-C012,fulfilled,616.16,2026-02-16 08:26:00,2026-02-18 19:52:55.852840
O001280,M0087,54bcd698-711,M0087-C013,fulfilled,569.55,2026-03-04 13:45:00,2026-03-19 07:26:57.575385
O001281,M0087,59335084-570,M0087-C013,fulfilled,423.62,2026-02-22 09:37:00,2026-02-22 13:18:03.780998
O001282,M0087,6a8a8887-358,M0087-C013,fulfilled,1139.93,2026-03-03 11:56:00,2026-03-05 00:07:03.408628
O001283,M0087,1aa8ac92-987,M0087-C014,fulfilled,222.84,2026-02-16 09:06:00,2026-02-24 15:15:04.005141
O001284,M0087,394c07be-eb2,M0087-C014,cancelled,676.61,2026-02-19 22:26:00,
O001285,M0087,d564a163-7f8,M0087-C014,fulfilled,452.75,2026-03-09 22:11:00,2026-03-13 21:51:08.315118
O001286,M0087,6547989a-759,M0087-C014,fulfilled,183.56,2026-02-23 14:00:00,2026-02-25 03:12:11.101586
O001287,M0087,6900f6a7-fbf,M0087-C014,fulfilled,760.5,2026-02-20 10:58:00,2026-02-20 21:27:33.532722
O001288,M0087,ba32ac78-88e,M0087-C015,fulfilled,190.01,2026-03-09 17:55:00,2026-03-12 13:58:44.794291
O001289,M0087,a2e0121b-1a3,M0087-C015,fulfilled,827.21,2026-03-01 21:35:00,2026-03-02 20:27:11.169121
O001290,M0087,1b0344e0-890,M0087-C015,fulfilled,642.84,2026-02-22 21:58:00,2026-03-01 13:51:40.470004
O001291,M0087,c0d9da32-583,M0087-C016,fulfilled,411.78,2026-02-20 18:47:00,2026-02-21 22:50:48.481309
O001292,M0087,19831784-890,M0087-C016,fulfilled,708.55,2026-03-08 09:23:00,2026-03-17 03:17:02.793693
O001293,M0087,641be93d-ff7,M0087-C017,fulfilled,243.18,2026-02-28 12:44:00,2026-03-01 03:03:51.590425
O001294,M0087,f1d5c7c4-ffd,M0087-C017,fulfilled,261.5,2026-03-06 12:19:00,2026-03-07 10:13:47.098283
O001295,M0087,38a9ecc8-2d6,M0087-C017,fulfilled,264.79,2026-02-22 09:42:00,2026-02-23 14:09:59.847114
O001296,M0087,d36fc292-7ba,M0087-C018,fulfilled,445.14,2026-03-03 09:09:00,2026-03-04 05:38:32.977178
O001297,M0087,740d8a6a-768,M0087-C018,fulfilled,451.6,2026-02-20 15:55:00,2026-02-21 09:20:52.113696
O001298,M0088,4a2dc1b8-573,M0088-C001,fulfilled,559.23,2026-04-10 18:27:00,2026-04-11 19:30:33.266495
O001299,M0088,e566383f-89c,M0088-C001,fulfilled,753.83,2026-02-28 21:48:00,2026-03-01 20:11:39.098941
O001300,M0088,122a84d4-c01,M0088-C002,fulfilled,498.41,2026-03-10 14:39:00,2026-03-18 09:59:21.197869
O001301,M0088,fe302db9-b10,M0088-C003,fulfilled,684.68,2026-03-24 21:16:00,2026-03-24 21:30:23.415960
O001302,M0088,2d7edd7e-d11,M0088-C004,fulfilled,353.61,2026-06-18 17:04:00,2026-06-19 11:38:19.633840
O001303,M0088,a6c6087e-252,M0088-C004,fulfilled,316.11,2026-03-30 12:46:00,2026-03-30 23:55:30.684117
O001304,M0088,45053379-8ca,M0088-C004,fulfilled,592.18,2026-05-27 19:11:00,2026-05-31 18:12:51.118603
O001305,M0088,4bfc42ff-055,M0088-C005,fulfilled,443.89,2026-03-30 08:47:00,2026-04-04 21:54:11.040997
O001306,M0088,ba461255-5be,M0088-C006,fulfilled,116.14,2026-04-11 17:32:00,2026-04-13 13:59:39.717506
O001307,M0088,bcd98b26-134,M0088-C007,fulfilled,1150.9,2026-05-26 22:39:00,2026-05-26 23:47:48.587727
O001308,M0088,0104bbc5-d34,M0088-C007,fulfilled,1168.84,2026-03-21 16:51:00,2026-03-27 01:36:06.363124
O001309,M0088,ba60f1ca-6fd,M0088-C007,fulfilled,1192.22,2026-06-07 08:23:00,2026-06-08 06:55:17.381128
O001310,M0088,eb0aae5d-8cd,M0088-C011,fulfilled,477.18,2026-05-17 21:17:00,2026-05-18 03:46:36.998902
O001311,M0088,e2774d96-940,M0088-C012,fulfilled,331.28,2026-04-03 23:02:00,2026-04-05 00:13:31.284381
O001312,M0088,6c83e10b-f05,M0088-C014,fulfilled,1152.91,2026-06-22 19:25:00,2026-06-23 22:09:17.582718
O001313,M0089,d5a43306-2ff,M0089-C001,fulfilled,194.45,2026-05-10 10:52:00,2026-05-12 06:54:54.776266
O001314,M0089,46b1c122-a9c,M0089-C002,fulfilled,278.9,2026-05-11 18:23:00,2026-05-14 02:35:46.347253
O001315,M0089,7ad2101e-514,M0089-C004,fulfilled,380.1,2026-05-06 18:25:00,2026-05-07 00:57:05.989143
O001316,M0089,94ca2d03-4e0,M0089-C005,fulfilled,921.6,2026-05-06 13:02:00,2026-05-06 20:01:55.357378
O001317,M0089,0f8b11e0-d53,M0089-C005,fulfilled,581.26,2026-05-06 10:56:00,2026-05-06 13:51:15.831744
O001318,M0090,945bda9b-b3b,M0090-C000,fulfilled,669.93,2026-02-09 22:24:00,2026-02-12 11:14:04.418023
O001319,M0090,2e5d64c7-b89,M0090-C001,fulfilled,933.44,2026-01-19 20:16:00,2026-01-22 00:27:54.921195
O001320,M0090,badacd33-ec4,M0090-C001,fulfilled,437.42,2026-01-21 10:28:00,2026-01-25 15:46:08.900863
O001321,M0090,75c3c441-07a,M0090-C002,fulfilled,186.33,2026-01-29 22:01:00,2026-01-30 14:30:28.149291
O001322,M0090,dbbb5a57-15e,M0090-C002,fulfilled,478.07,2026-01-29 21:02:00,2026-01-29 21:14:21.011237
O001323,M0090,f13b48bf-68a,M0090-C002,fulfilled,409.38,2026-01-22 08:52:00,2026-01-22 19:44:36.074439
O001324,M0090,ae3dda91-aeb,M0090-C004,fulfilled,254.18,2026-02-03 18:01:00,2026-02-05 13:08:45.502931
O001325,M0090,a0b63b1f-2e4,M0090-C005,fulfilled,251.6,2026-01-24 16:06:00,2026-01-25 14:41:44.201310
O001326,M0090,1c537bf5-138,M0090-C005,fulfilled,1407.73,2026-01-25 12:28:00,2026-01-25 16:45:58.909265
O001327,M0090,35469a38-9b7,M0090-C006,fulfilled,290.51,2026-02-01 13:00:00,2026-02-02 07:17:10.773313
O001328,M0090,6e208fd6-008,M0090-C008,fulfilled,577.76,2026-02-07 20:55:00,2026-02-10 19:07:35.472510
O001329,M0090,f9cd8081-5b5,M0090-C010,fulfilled,727.22,2026-01-26 17:22:00,2026-01-27 13:32:49.091794
O001330,M0090,76972292-9c2,M0090-C011,fulfilled,562.14,2026-01-29 15:00:00,2026-01-29 17:53:33.701919
O001331,M0090,1f6e7836-7de,M0090-C012,fulfilled,450.84,2026-01-27 13:28:00,2026-01-27 17:53:21.408266
O001332,M0090,3dd27399-107,M0090-C012,fulfilled,103.69,2026-01-31 10:28:00,2026-02-01 18:37:09.487448
O001333,M0090,36b9fd8c-ef0,M0090-C013,fulfilled,439.61,2026-02-03 18:07:00,2026-02-03 23:50:38.919554
O001334,M0090,297bf366-383,M0090-C015,fulfilled,441.51,2026-02-04 12:33:00,2026-02-04 17:52:07.390462
O001335,M0090,700f36aa-a89,M0090-C016,fulfilled,385.89,2026-02-01 11:21:00,2026-02-02 00:44:00.304188
O001336,M0090,34c8bc29-679,M0090-C017,fulfilled,854.86,2026-01-29 19:23:00,2026-01-29 21:12:24.506580
O001337,M0090,455ab763-264,M0090-C019,fulfilled,50.58,2026-02-04 15:38:00,2026-02-05 20:26:46.275149
O001338,M0090,3a0ed721-4c0,M0090-C020,fulfilled,1153.19,2026-01-27 19:11:00,2026-02-02 10:05:21.519285
O001339,M0090,72a34365-b9f,M0090-C020,fulfilled,247.59,2026-02-03 11:15:00,2026-02-03 16:20:03.910983
O001340,M0090,ce666001-163,M0090-C020,fulfilled,736.9,2026-01-29 14:08:00,2026-01-30 00:36:06.804264
O001341,M0092,b0497d3c-219,M0092-C000,fulfilled,414.86,2026-03-27 12:04:00,2026-03-28 06:52:48.030585
O001342,M0092,dbf3f55d-7a4,M0092-C000,fulfilled,371.26,2026-02-19 12:15:00,2026-02-21 21:34:28.639846
O001343,M0092,9978ca5e-e63,M0092-C002,fulfilled,933.73,2026-05-10 12:32:00,2026-05-11 17:31:09.368187
O001344,M0092,0ee0e63f-777,M0092-C002,cancelled,475.85,2026-01-27 21:36:00,
O001345,M0092,1d73ea93-342,M0092-C003,fulfilled,1115.11,2026-05-05 18:26:00,2026-05-05 20:39:52.728368
O001346,M0092,4772eee0-d5b,M0092-C003,placed,106.75,2026-04-07 18:03:00,
O001347,M0092,98752a57-725,M0092-C005,fulfilled,713.36,2026-04-29 14:04:00,2026-05-06 02:55:23.680462
O001348,M0092,7e7d70f8-00b,M0092-C006,fulfilled,585.98,2026-04-30 18:55:00,2026-04-30 22:45:04.980957
O001349,M0092,f4ac9919-ba5,M0092-C007,fulfilled,445.18,2026-01-24 08:19:00,2026-01-25 17:58:26.538715
O001350,M0092,3c4882db-b0f,M0092-C008,fulfilled,114.46,2026-04-25 08:48:00,2026-04-26 16:30:46.854833
O001351,M0092,a666b954-a5a,M0092-C009,placed,308.88,2026-06-22 12:29:00,
O001352,M0092,0c306b85-151,M0092-C009,fulfilled,315.9,2026-04-07 22:20:00,2026-04-07 23:01:23.981575
O001353,M0092,3bbb1bad-066,M0092-C009,fulfilled,394.77,2026-06-29 12:43:00,2026-06-29 21:58:59.357369
O001354,M0092,6aac3745-1f6,M0092-C011,cancelled,564.12,2026-06-23 11:43:00,
O001355,M0092,b23a8cab-82a,M0092-C011,fulfilled,773.97,2026-05-24 08:26:00,2026-05-25 02:49:10.733063
O001356,M0092,e65b8f66-f0a,M0092-C011,placed,791.65,2026-03-01 21:34:00,
O001357,M0092,fd2af6d5-93f,M0092-C012,fulfilled,189.19,2026-04-07 15:31:00,2026-04-14 02:03:19.368329
O001358,M0092,9fc22f20-901,M0092-C013,fulfilled,452.34,2026-02-23 09:10:00,2026-03-01 17:19:53.362355
O001359,M0092,5fdfc54d-aba,M0092-C014,fulfilled,503.66,2026-06-28 11:39:00,2026-07-08 03:01:37.494692
O001360,M0092,be895037-867,M0092-C014,fulfilled,497.1,2026-02-13 12:24:00,2026-02-16 00:03:30.247491
O001361,M0092,5e5da901-e2f,M0092-C015,fulfilled,246.16,2026-01-21 23:05:00,2026-01-22 10:54:07.083495
O001362,M0093,e11f7207-ae8,M0093-C000,fulfilled,621.56,2026-06-14 10:26:00,2026-06-15 00:43:38.188034
O001363,M0093,cf786751-8b3,M0093-C000,fulfilled,489.08,2026-06-12 14:17:00,2026-06-17 18:44:06.079687
O001364,M0093,f7ab76b4-510,M0093-C000,fulfilled,1240.95,2026-06-10 09:59:00,2026-06-15 08:31:51.800888
O001365,M0093,0c46dbf3-77f,M0093-C001,fulfilled,178.68,2026-03-21 18:25:00,2026-03-21 21:50:42.492653
O001366,M0093,f72b40fb-433,M0093-C002,fulfilled,317.06,2026-06-15 15:52:00,2026-06-17 18:23:29.143559
O001367,M0093,05244f95-81e,M0093-C004,fulfilled,368.41,2026-04-09 17:40:00,2026-04-10 14:03:34.174388
O001368,M0093,4c0d235e-587,M0093-C004,fulfilled,553.24,2026-06-30 19:06:00,2026-07-01 01:57:15.861198
O001369,M0093,22ab33e0-31f,M0093-C005,fulfilled,391.76,2026-06-22 17:01:00,2026-06-22 19:19:47.067755
O001370,M0093,87ba19cd-cc9,M0093-C006,fulfilled,991.27,2026-03-23 13:37:00,2026-03-24 19:51:47.761647
O001371,M0093,98bab252-fef,M0093-C006,cancelled,360.61,2026-04-04 22:03:00,
O001372,M0094,de16f5bd-1e1,M0094-C000,fulfilled,679.38,2026-02-21 08:22:00,2026-02-21 18:25:49.577601
O001373,M0094,be350a43-810,M0094-C000,fulfilled,455.19,2026-02-10 19:01:00,2026-02-10 20:04:39.400480
O001374,M0094,567e5609-868,M0094-C001,fulfilled,502.6,2026-02-20 22:38:00,2026-02-21 10:22:38.417771
O001375,M0094,3beaf49e-6ee,M0094-C001,fulfilled,767.77,2026-02-16 19:56:00,2026-02-17 12:46:11.380552
O001376,M0094,bb13198d-2b7,M0094-C002,fulfilled,1070.06,2026-02-09 19:04:00,2026-02-10 03:46:32.298641
O001377,M0094,b38c0f71-7aa,M0094-C003,fulfilled,232.33,2026-02-12 21:17:00,2026-02-12 23:11:19.937246
O001378,M0094,9f20df40-e60,M0094-C003,placed,1429.27,2026-02-12 09:16:00,
O001379,M0094,1672b4b7-136,M0094-C003,fulfilled,852.99,2026-02-05 12:42:00,2026-02-05 16:38:10.682713
O001380,M0094,be3e7b65-981,M0094-C004,cancelled,280.17,2026-02-22 12:33:00,
O001381,M0094,737128c8-4bb,M0094-C005,fulfilled,309.36,2026-02-20 20:25:00,2026-02-21 00:52:00.663263
O001382,M0094,3741e04a-271,M0094-C005,fulfilled,312.17,2026-02-22 22:38:00,2026-02-24 01:55:49.838481
O001383,M0094,7c0080c5-929,M0094-C008,fulfilled,474.16,2026-02-19 15:10:00,2026-02-20 16:47:09.992473
O001384,M0094,8323d5eb-cb4,M0094-C008,fulfilled,298.39,2026-02-17 12:46:00,2026-02-18 08:47:39.261168
O001385,M0094,aeeca8db-890,M0094-C008,fulfilled,670.2,2026-02-11 17:24:00,2026-02-11 22:50:19.256397
O001386,M0094,16d7c41e-308,M0094-C008,placed,214.31,2026-02-18 11:07:00,
O001387,M0094,b0465b6c-cd0,M0094-C009,fulfilled,1647.34,2026-02-08 08:29:00,2026-02-08 12:11:07.771017
O001388,M0094,9f10ddcd-de2,M0094-C012,fulfilled,467.03,2026-02-13 21:59:00,2026-02-14 09:49:00.824706
O001389,M0094,fc20f031-c78,M0094-C012,fulfilled,439.93,2026-02-10 19:32:00,2026-02-11 20:49:46.553675
O001390,M0094,3f442976-83a,M0094-C013,fulfilled,265.82,2026-02-18 14:04:00,2026-02-18 17:07:16.328429
O001391,M0094,2b4ad0e1-d89,M0094-C014,fulfilled,435.8,2026-02-03 19:45:00,2026-02-03 21:43:39.179705
O001392,M0094,1faebbb1-6af,M0094-C014,fulfilled,586.04,2026-02-23 16:22:00,2026-02-24 19:30:15.739242
O001393,M0094,626fc6dd-8af,M0094-C014,fulfilled,327.61,2026-02-04 12:41:00,2026-02-05 07:01:08.319655
O001394,M0094,a0dcbd9e-214,M0094-C014,fulfilled,944.8,2026-02-05 09:17:00,2026-02-06 07:33:00.779359
O001395,M0094,ad5ab10b-d6f,M0094-C015,fulfilled,465.99,2026-02-05 21:01:00,2026-02-06 01:35:18.450439
O001396,M0094,d5ba2c89-873,M0094-C015,fulfilled,380.49,2026-02-16 09:43:00,2026-02-16 19:33:37.696628
O001397,M0094,1379d793-a43,M0094-C015,fulfilled,314.38,2026-02-15 08:40:00,2026-02-16 15:08:25.567722
O001398,M0094,0aa33e56-a23,M0094-C016,fulfilled,940.12,2026-02-12 23:02:00,2026-02-15 07:43:43.900173
O001399,M0094,d89b8b11-87e,M0094-C016,fulfilled,224.8,2026-02-18 11:19:00,2026-02-19 05:53:50.523047
O001400,M0094,a00dc740-8e4,M0094-C017,fulfilled,966.46,2026-02-05 10:59:00,2026-02-05 15:36:36.602796
O001401,M0094,e1b43031-171,M0094-C017,fulfilled,1045.26,2026-02-23 20:38:00,2026-02-26 07:30:28.546567
O001402,M0094,da7997d4-382,M0094-C019,fulfilled,1466.92,2026-02-14 14:36:00,2026-02-15 01:54:19.165452
O001403,M0094,6c4ad559-dea,M0094-C019,fulfilled,277.04,2026-02-07 15:53:00,2026-02-08 07:32:53.537519
O001404,M0095,22817608-0a5,M0095-C000,fulfilled,70.92,2026-03-01 17:04:00,2026-03-01 23:48:31.783707
O001405,M0095,bfa1f3e6-a09,M0095-C002,fulfilled,276.95,2026-01-22 15:37:00,2026-01-22 19:25:10.697942
O001406,M0095,5e05280e-9b3,M0095-C002,fulfilled,652.59,2026-02-10 17:43:00,2026-02-13 03:01:30.748895
O001407,M0095,36acb2c4-fcc,M0095-C002,fulfilled,1211.19,2026-02-16 16:52:00,2026-02-18 03:34:17.091475
O001408,M0095,4ba7bbb7-653,M0095-C002,fulfilled,477.28,2026-02-07 17:34:00,2026-02-09 01:49:12.333017
O001409,M0095,4ba7bbb7-653,M0095-C002,fulfilled,477.28,2026-02-07 17:34:00,2026-02-09 01:49:12.333017
O001410,M0095,4d06632f-7a4,M0095-C003,fulfilled,773.91,2026-01-22 20:59:00,2026-01-23 16:30:10.955443
O001411,M0095,cf328967-22c,M0095-C003,fulfilled,583.84,2026-01-29 19:01:00,2026-02-02 14:31:06.187234
O001412,M0095,ee941137-d35,M0095-C004,fulfilled,314.68,2026-03-22 20:46:00,2026-03-25 11:57:02.947239
O001413,M0095,bed2884a-4ee,M0095-C004,fulfilled,212.12,2026-03-09 13:31:00,2026-03-09 20:13:17.606527
O001414,M0095,3bb3d3fd-5c8,M0095-C005,fulfilled,488.47,2026-02-22 21:36:00,2026-02-28 00:58:45.249183
O001415,M0095,c825623b-84c,M0095-C005,fulfilled,339.34,2026-01-13 12:07:00,2026-01-13 22:18:22.525827
O001416,M0095,a0d0389d-2e3,M0095-C005,fulfilled,575.53,2026-03-04 22:44:00,2026-03-05 15:29:41.506328
O001417,M0095,16116286-e77,M0095-C006,fulfilled,859.59,2026-03-08 17:20:00,2026-03-09 21:59:11.558538
O001418,M0095,181ab378-53b,M0095-C006,fulfilled,973.24,2026-02-23 13:13:00,2026-02-23 14:17:31.362420
O001419,M0095,f630398d-439,M0095-C006,fulfilled,946.55,2026-01-10 21:08:00,2026-01-11 06:56:31.594881
O001420,M0095,49155b7d-db1,M0095-C006,fulfilled,251.33,2026-03-16 16:21:00,2026-03-16 22:53:04.406365
O001421,M0095,365b2c5e-9bd,M0095-C009,fulfilled,536.65,2026-03-16 17:26:00,2026-03-21 07:41:03.939275
O001422,M0095,f7b438a3-be3,M0095-C009,fulfilled,870.38,2026-02-23 11:35:00,2026-02-23 22:29:01.622987
O001423,M0095,e99ac286-2f9,M0095-C010,fulfilled,260.03,2026-01-25 09:56:00,2026-01-26 07:52:39.285504
O001424,M0095,360d91d1-b07,M0095-C010,cancelled,1078.74,2026-02-08 20:35:00,
O001425,M0095,eef2b632-34b,M0095-C011,fulfilled,192.73,2026-02-04 15:45:00,2026-02-04 17:08:32.579694
O001426,M0095,7e197005-b34,M0095-C011,fulfilled,785.55,2026-02-02 12:14:00,2026-02-03 05:17:21.921777
O001427,M0095,7e197005-b34,M0095-C011,fulfilled,785.55,2026-02-02 12:14:00,2026-02-03 05:17:21.921777
O001428,M0095,494319b5-4c3,M0095-C012,fulfilled,792.04,2026-01-24 20:16:00,2026-01-27 11:38:33.114614
O001429,M0095,eb05a368-158,M0095-C014,fulfilled,696.66,2026-03-23 11:26:00,2026-03-23 21:03:28.601213
O001430,M0095,97b69bed-4dc,M0095-C015,fulfilled,235.64,2026-03-22 21:57:00,2026-03-23 04:13:54.624276
O001431,M0095,c8527433-e76,M0095-C017,fulfilled,1026.34,2026-03-01 12:31:00,2026-03-02 05:39:51.772039
O001432,M0096,7e516750-bb3,M0096-C000,fulfilled,502.57,2026-05-19 22:06:00,2026-05-21 08:53:09.262288
O001433,M0096,d1197203-7bd,M0096-C001,fulfilled,321.2,2026-04-20 17:47:00,2026-04-28 16:55:57.839731
O001434,M0096,130d6c06-8b8,M0096-C001,fulfilled,446.13,2026-06-30 19:08:00,2026-07-01 02:14:28.216242
O001435,M0096,e8127125-f09,M0096-C002,fulfilled,356.75,2026-05-06 10:42:00,2026-05-07 09:30:30.027666
O001436,M0096,49819ff2-7cf,M0096-C002,fulfilled,447.47,2026-06-03 10:26:00,2026-06-08 06:02:31.840314
O001437,M0096,21292a6b-211,M0096-C004,fulfilled,511.7,2026-06-30 20:15:00,2026-07-01 05:22:49.457725
O001438,M0096,972aed72-a92,M0096-C004,fulfilled,182.18,2026-06-20 20:44:00,2026-06-21 05:48:58.505502
O001439,M0096,2e4dacd7-c77,M0096-C005,fulfilled,526.51,2026-06-04 20:30:00,2026-06-11 09:29:09.432259
O001440,M0096,37471fec-16a,M0096-C006,fulfilled,506.34,2026-04-28 18:10:00,2026-04-30 12:53:47.040894
O001441,M0096,b4dead48-cd9,M0096-C006,fulfilled,89.82,2026-06-01 12:34:00,2026-06-02 02:47:19.637577
O001442,M0096,2d33b9ee-311,M0096-C007,fulfilled,178.41,2026-05-11 14:54:00,2026-05-12 11:14:32.339788
O001443,M0096,6a640af4-3ba,M0096-C007,fulfilled,1469.3,2026-06-10 21:42:00,2026-06-16 03:41:17.516695
O001444,M0096,f426920f-baa,M0096-C007,fulfilled,411.41,2026-04-16 22:23:00,2026-04-18 21:00:51.135808
O001445,M0096,d3a6d400-7ec,M0096-C008,fulfilled,385.46,2026-06-12 14:11:00,2026-06-13 01:00:09.469900
O001446,M0096,36b18c13-eaf,M0096-C010,fulfilled,275.29,2026-05-21 13:18:00,2026-05-22 20:08:23.337568
O001447,M0096,8f944023-aa2,M0096-C011,fulfilled,865.08,2026-06-02 22:44:00,2026-06-03 07:12:30.686054
O001448,M0096,4f6753d8-dbf,M0096-C011,fulfilled,592.65,2026-04-22 13:31:00,2026-04-25 06:25:03.114776
O001449,M0096,3ab0c1e1-d25,M0096-C012,fulfilled,366.52,2026-05-02 19:54:00,2026-05-03 23:50:38.101548
O001450,M0096,322685d3-fc9,M0096-C012,fulfilled,152.36,2026-04-21 08:49:00,2026-04-21 08:49:59.303056
O001451,M0096,7767c301-410,M0096-C012,fulfilled,391.56,2026-05-31 08:39:00,2026-06-08 20:19:17.548768
O001452,M0096,eb731fdb-693,M0096-C013,fulfilled,319.89,2026-05-20 13:22:00,2026-05-22 03:29:32.707448
O001453,M0096,3d3fbb53-533,M0096-C013,fulfilled,537.15,2026-06-23 20:04:00,2026-06-24 05:50:22.304081
O001454,M0096,5157f8c3-f91,M0096-C014,fulfilled,517.16,2026-05-22 08:22:00,2026-05-22 13:30:54.527987
O001455,M0096,5b0fb716-727,M0096-C015,cancelled,646.78,2026-04-18 12:49:00,
O001456,M0096,628a1949-b61,M0096-C016,fulfilled,524.89,2026-06-11 21:17:00,2026-06-14 03:17:42.159414
O001457,M0096,26810cb3-ff0,M0096-C016,fulfilled,521.43,2026-05-31 21:49:00,2026-06-01 01:49:50.472646
O001458,M0096,f70e11a5-d01,M0096-C017,fulfilled,1462.68,2026-05-26 18:47:00,2026-05-30 13:05:10.818380
O001459,M0096,3f7f12ae-54d,M0096-C017,fulfilled,179.84,2026-06-28 17:03:00,2026-06-29 04:53:38.525485
O001460,M0098,5c62825e-db5,M0098-C001,fulfilled,843.41,2026-03-23 15:01:00,2026-04-01 10:17:25.025044
O001461,M0098,4efeeb92-edf,M0098-C001,fulfilled,647.48,2026-04-05 13:27:00,2026-04-05 18:56:57.067801
O001462,M0098,d490cf64-39a,M0098-C002,fulfilled,666.37,2026-03-04 20:34:00,2026-03-07 08:19:46.826656
O001463,M0098,e3e1af33-c53,M0098-C003,fulfilled,184.1,2026-03-25 21:41:00,2026-04-03 11:45:54.157069
O001464,M0098,496dd1ad-cb2,M0098-C003,fulfilled,585.59,2026-03-25 17:27:00,2026-03-26 00:01:24.922385
O001465,M0098,27e1491e-521,M0098-C004,fulfilled,446.48,2026-03-15 12:21:00,2026-03-17 05:37:22.079529
O001466,M0098,d9cc03e4-f3b,M0098-C004,cancelled,144.72,2026-03-21 10:57:00,
O001467,M0099,c4b8270e-8a8,M0099-C000,fulfilled,535.11,2026-06-11 22:10:00,2026-06-12 17:59:58.857499
O001468,M0099,f179093d-a41,M0099-C000,fulfilled,338.4,2026-04-15 08:32:00,2026-04-21 13:30:43.947845
O001469,M0099,018c455a-b56,M0099-C001,fulfilled,496.73,2026-05-21 09:05:00,2026-05-21 22:11:45.201037
O001470,M0099,3d790763-42a,M0099-C003,fulfilled,498.35,2026-05-30 15:01:00,2026-06-06 18:30:22.580285
O001471,M0100,a7db1c9b-380,M0100-C002,placed,1288.41,2026-02-26 19:28:00,
O001472,M0100,e721cb55-bcb,M0100-C002,fulfilled,838.56,2026-03-03 14:44:00,2026-03-03 17:55:43.445707
O001473,M0100,fb742453-219,M0100-C002,fulfilled,187.47,2026-02-22 22:32:00,2026-02-25 02:13:15.637536
O001474,M0100,77d0cec6-8c2,M0100-C003,fulfilled,402.62,2026-02-26 10:10:00,2026-02-26 18:06:14.684605
O001475,M0100,7400dff1-24e,M0100-C004,fulfilled,322.41,2026-02-22 19:13:00,2026-02-22 23:58:04.841791
O001476,M0100,b458954a-2b9,M0100-C005,fulfilled,128.94,2026-02-26 08:23:00,2026-02-26 22:16:58.313302
O001477,M0100,6ba87254-f0e,M0100-C005,fulfilled,299.25,2026-02-22 11:26:00,2026-02-22 16:49:01.519523
O001478,M0101,cf628914-f7e,M0101-C000,fulfilled,632.62,2026-01-25 16:44:00,2026-02-04 02:18:55.537379
O001479,M0101,9f2f95da-a28,M0101-C000,fulfilled,844.56,2026-01-10 12:35:00,2026-01-12 13:26:44.358578
O001480,M0101,3e0c6583-5f3,M0101-C002,fulfilled,390.29,2026-01-22 19:06:00,2026-01-22 21:06:13.096114
O001481,M0101,336a7e45-e8f,M0101-C002,fulfilled,335.35,2026-01-23 14:02:00,2026-01-23 23:08:22.786999
O001482,M0101,5033a2ce-5b7,M0101-C003,fulfilled,230.32,2026-01-26 20:20:00,2026-01-29 04:05:22.214723
O001483,M0102,e1e1a662-14f,M0102-C000,fulfilled,1853.8,2026-03-03 11:34:00,2026-03-12 03:35:23.319669
O001484,M0102,110c8d43-96d,M0102-C001,fulfilled,528.7,2026-02-19 10:51:00,2026-02-20 17:32:42.055944
O001485,M0102,493bcd15-309,M0102-C001,fulfilled,481.56,2026-02-17 19:14:00,2026-02-18 01:19:30.819034
O001486,M0102,dc049d76-cab,M0102-C004,fulfilled,632.93,2026-02-16 15:09:00,2026-02-16 17:24:19.063879
O001487,M0102,2f510036-850,M0102-C005,cancelled,392.76,2026-02-28 11:42:00,
O001488,M0102,ad533ee0-d2a,M0102-C005,fulfilled,284.33,2026-02-24 10:04:00,2026-02-25 06:48:26.918348
O001489,M0102,99de5d33-9eb,M0102-C006,fulfilled,224.3,2026-03-03 15:52:00,2026-03-08 08:27:26.795153
O001490,M0102,060954bc-18a,M0102-C007,fulfilled,1270.62,2026-02-21 18:25:00,2026-02-26 18:28:10.421132
O001491,M0102,a42453be-229,M0102-C007,fulfilled,345.53,2026-02-12 15:31:00,2026-02-14 05:15:03.275211
O001492,M0102,0d781e85-001,M0102-C007,fulfilled,412.73,2026-03-03 13:27:00,2026-03-04 02:09:50.662853
O001493,M0102,1745c757-c2c,M0102-C008,fulfilled,966.47,2026-02-15 21:23:00,2026-02-21 20:08:02.687789
O001494,M0102,8048a4d7-b0f,M0102-C009,fulfilled,1175.45,2026-03-02 20:13:00,2026-03-03 11:00:40.808448
O001495,M0102,4edc8efb-cc4,M0102-C010,fulfilled,494.97,2026-02-12 12:51:00,2026-02-13 17:50:16.221273
O001496,M0102,b8ebf05b-428,M0102-C010,fulfilled,639.51,2026-02-23 10:31:00,2026-02-25 07:14:18.880429
O001497,M0102,9f8ff95d-b4b,M0102-C010,cancelled,1106.24,2026-02-13 16:33:00,
O001498,M0103,5b851281-f4a,M0103-C000,fulfilled,203.13,2026-01-25 11:13:00,2026-01-25 11:41:52.282986
O001499,M0103,f319db1d-0be,M0103-C002,fulfilled,109.25,2026-04-18 16:12:00,2026-04-26 19:14:34.288910
O001500,M0104,50624649-293,M0104-C000,fulfilled,324.03,2026-01-05 11:04:00,2026-01-08 07:02:49.063144
O001501,M0104,04316134-742,M0104-C000,fulfilled,512.64,2026-01-08 14:17:00,2026-01-09 05:26:37.259967
O001502,M0104,475b16f3-1e1,M0104-C002,fulfilled,473.38,2026-01-10 13:27:00,2026-01-10 20:12:52.418424
O001503,M0104,88acc5af-4ce,M0104-C005,fulfilled,505.24,2026-01-05 19:10:00,2026-01-06 05:18:49.580658
O001504,M0104,d78b15b3-286,M0104-C005,fulfilled,1356.56,2026-01-13 10:17:00,2026-01-15 05:29:51.194197
O001505,M0104,399b92e7-de7,M0104-C006,fulfilled,1047.91,2026-01-04 21:58:00,2026-01-05 03:03:15.325736
O001506,M0104,ce6721d8-543,M0104-C006,fulfilled,172.96,2026-01-04 13:18:00,2026-01-05 09:36:46.572119
O001507,M0104,3c6bea08-f65,M0104-C008,fulfilled,1452.37,2026-01-05 11:31:00,2026-01-05 19:19:08.551427
O001508,M0104,bff75363-aea,M0104-C009,fulfilled,475.69,2026-01-15 10:18:00,2026-01-20 15:05:59.508663
O001509,M0104,3a7c34d7-9a4,M0104-C009,fulfilled,1413.06,2026-01-03 17:39:00,2026-01-04 05:20:39.199901
O001510,M0104,01929174-545,M0104-C010,fulfilled,340.93,2026-01-09 21:39:00,2026-01-10 04:56:16.919832
O001511,M0104,00b6dee6-52b,M0104-C010,fulfilled,179.19,2026-01-06 15:19:00,2026-01-08 04:14:47.708038
O001512,M0104,5bf64cef-b99,M0104-C012,fulfilled,414.79,2026-01-22 17:04:00,2026-01-23 22:06:48.424190
O001513,M0104,348f3a42-727,M0104-C012,fulfilled,184.54,2026-01-01 09:44:00,2026-01-01 11:16:13.170255
O001514,M0104,d72c0aad-a9e,M0104-C013,fulfilled,347.52,2026-01-22 22:54:00,2026-01-23 04:36:52.223092
O001515,M0104,16a312ad-612,M0104-C013,fulfilled,877.77,2026-01-17 22:27:00,2026-01-19 02:11:38.114727
O001516,M0104,c049a706-cf5,M0104-C013,fulfilled,1317.4,2026-01-14 17:28:00,2026-01-23 03:32:11.194396
O001517,M0104,f98655a3-4e0,M0104-C014,fulfilled,389.22,2026-01-22 21:57:00,2026-01-23 07:36:22.311819
O001518,M0104,df335979-a53,M0104-C014,fulfilled,569.89,2026-01-12 09:44:00,2026-01-13 12:22:32.803814
O001519,M0104,0505b5e3-11c,M0104-C015,fulfilled,292.21,2026-01-02 21:37:00,2026-01-03 16:43:42.732142
O001520,M0104,7aa3b8ca-8e6,M0104-C015,fulfilled,355.15,2026-01-08 16:29:00,2026-01-09 03:33:12.829740
O001521,M0104,7aa3b8ca-8e6,M0104-C015,fulfilled,355.15,2026-01-08 16:29:00,2026-01-09 03:33:12.829740
O001522,M0104,24e7fe02-8c4,M0104-C015,fulfilled,205.68,2026-01-14 16:04:00,2026-01-14 17:41:18.554371
O001523,M0104,95a788cd-c4f,M0104-C016,fulfilled,985.76,2026-01-15 14:37:00,2026-01-16 11:32:04.698729
O001524,M0104,b989b4e4-bf5,M0104-C016,fulfilled,494.99,2026-01-04 18:40:00,2026-01-05 06:54:24.700966
O001525,M0104,02740203-e34,M0104-C018,fulfilled,362.48,2026-01-19 14:26:00,2026-01-20 06:44:17.091516
O001526,M0104,105ab706-def,M0104-C019,fulfilled,527.57,2026-01-20 16:55:00,2026-01-20 19:17:59.173338
O001527,M0104,a89dcb5f-82f,M0104-C019,fulfilled,680.85,2026-01-18 10:43:00,2026-01-18 14:49:20.329174
O001528,M0104,1badb7bd-790,M0104-C019,fulfilled,1146.62,2026-01-16 21:24:00,2026-01-17 05:14:56.509672
O001529,M0105,4abf0828-66f,M0105-C000,fulfilled,649.29,2026-03-02 09:40:00,2026-03-03 21:17:05.901447
O001530,M0105,e12d23c6-e03,M0105-C000,cancelled,465.79,2026-04-17 08:39:00,
O001531,M0105,7665ff12-f84,M0105-C003,fulfilled,1017.69,2026-03-29 13:54:00,2026-04-05 00:55:59.435625
O001532,M0105,a76f4059-a35,M0105-C003,fulfilled,801.69,2026-06-06 14:12:00,2026-06-08 09:28:19.952548
O001533,M0105,e5c4fee0-c07,M0105-C004,fulfilled,1017.56,2026-05-23 09:12:00,2026-05-26 22:48:22.289823
O001534,M0105,c987da59-fa8,M0105-C004,fulfilled,642.16,2026-04-14 19:51:00,2026-04-19 00:23:53.753738
O001535,M0105,96ab3137-396,M0105-C004,fulfilled,274.02,2026-06-20 23:18:00,2026-06-21 21:56:25.156307
O001536,M0105,509e8c7d-66a,M0105-C005,fulfilled,301.43,2026-03-27 14:36:00,2026-03-27 22:35:50.278824
O001537,M0105,438ce939-951,M0105-C006,fulfilled,582.24,2026-02-18 12:05:00,2026-02-21 02:31:58.794719
O001538,M0105,f7a16839-90b,M0105-C010,fulfilled,743.78,2026-02-25 10:00:00,2026-02-25 21:46:45.609023
O001539,M0105,5fed61ca-d60,M0105-C010,fulfilled,504.14,2026-06-14 18:27:00,2026-06-14 18:54:50.926204
O001540,M0105,45034db4-68e,M0105-C011,fulfilled,263.07,2026-04-26 14:47:00,2026-05-03 15:46:22.931807
O001541,M0105,94926c34-54b,M0105-C013,fulfilled,680.67,2026-05-03 09:40:00,2026-05-03 14:50:31.951985
O001542,M0106,09fc6d68-302,M0106-C002,fulfilled,301.67,2026-03-06 22:34:00,2026-03-09 23:22:43.182580
O001543,M0106,a9678ddd-561,M0106-C002,fulfilled,596.01,2026-02-25 18:52:00,2026-02-25 20:57:08.494894
O001544,M0106,bce8db69-5dc,M0106-C004,fulfilled,805.88,2026-03-01 12:18:00,2026-03-02 01:31:04.024127
O001545,M0106,f437026a-e4a,M0106-C004,fulfilled,327.91,2026-02-21 19:35:00,2026-02-23 22:28:10.120963
O001546,M0106,4b8819d6-5df,M0106-C005,fulfilled,517.81,2026-02-21 14:03:00,2026-02-22 17:25:49.729068
O001547,M0106,f77e548f-1d8,M0106-C005,fulfilled,779.41,2026-02-25 09:42:00,2026-02-28 07:08:15.472279
O001548,M0106,6549eccf-b7a,M0106-C007,fulfilled,571.98,2026-02-26 16:53:00,2026-02-28 01:31:17.555548
O001549,M0106,99aa757c-ec4,M0106-C008,fulfilled,333.16,2026-02-26 11:20:00,2026-02-26 19:00:17.095462
O001550,M0106,5749c771-f14,M0106-C009,fulfilled,1086.01,2026-02-20 14:51:00,2026-02-20 23:42:02.064049
O001551,M0106,d10a9e77-898,M0106-C009,fulfilled,347.15,2026-03-03 20:14:00,2026-03-05 04:14:50.857561
O001552,M0106,351fb3b2-b95,M0106-C010,fulfilled,1022.16,2026-03-07 09:47:00,2026-03-10 00:35:54.773446
O001553,M0106,2356e092-c75,M0106-C011,fulfilled,1086.33,2026-03-08 20:43:00,2026-03-09 09:05:24.773725
O001554,M0106,fa6d899c-84e,M0106-C011,fulfilled,516.53,2026-02-17 17:20:00,2026-02-18 00:06:21.554615
O001555,M0106,cad76198-e3c,M0106-C013,fulfilled,310.61,2026-03-05 18:59:00,2026-03-06 06:20:22.129162
O001556,M0106,24ef702f-886,M0106-C014,fulfilled,1058.34,2026-02-20 16:26:00,2026-02-28 03:03:13.345353
O001557,M0106,8f7f6b4b-c1d,M0106-C017,fulfilled,186.99,2026-03-02 21:04:00,2026-03-03 14:50:17.682818
O001558,M0106,50acf3c5-81d,M0106-C018,fulfilled,483.87,2026-02-18 12:12:00,2026-02-25 07:03:56.344136
O001559,M0106,31c59527-4f3,M0106-C018,fulfilled,684.76,2026-02-19 22:08:00,2026-02-20 11:30:18.895112
O001560,M0106,6360f99f-7d5,M0106-C020,fulfilled,226.7,2026-02-26 19:10:00,2026-02-27 03:52:51.289795
O001561,M0106,897cac25-cb4,M0106-C020,fulfilled,303.6,2026-02-26 22:52:00,2026-03-02 10:23:16.268500
O001562,M0106,5c089b12-2ba,M0106-C021,fulfilled,1006.14,2026-02-26 11:48:00,2026-03-01 17:06:40.426415
O001563,M0106,6e678115-4c9,M0106-C023,fulfilled,561.31,2026-02-17 18:09:00,2026-02-18 21:39:48.927188
O001564,M0106,bb3c9307-916,M0106-C023,fulfilled,619.1,2026-02-19 20:37:00,2026-02-20 04:52:31.557339
O001565,M0107,143ec06f-3c9,M0107-C000,fulfilled,1150.9,2026-03-03 22:16:00,2026-03-06 05:52:58.329599
O001566,M0107,9f7e43a8-1b3,M0107-C000,fulfilled,1437.13,2026-03-10 20:57:00,2026-03-11 16:39:39.433671
O001567,M0107,8579b74f-66b,M0107-C001,fulfilled,524.0,2026-02-28 22:38:00,2026-03-02 10:28:01.517011
O001568,M0107,e377b26e-b86,M0107-C001,fulfilled,289.43,2026-03-15 20:36:00,2026-03-16 05:28:39.235709
O001569,M0107,fc0fdc21-f88,M0107-C001,fulfilled,327.28,2026-03-18 17:26:00,2026-03-19 00:12:25.176128
O001570,M0107,2f7a32d7-d63,M0107-C005,fulfilled,429.94,2026-03-09 18:20:00,2026-03-11 14:50:34.910218
O001571,M0107,f56323ef-d3b,M0107-C005,fulfilled,878.29,2026-03-07 21:14:00,2026-03-09 11:39:25.537625
O001572,M0107,594b177c-a09,M0107-C006,fulfilled,422.86,2026-03-15 18:18:00,2026-03-17 11:09:19.418454
O001573,M0107,594b177c-a09,M0107-C006,fulfilled,422.86,2026-03-15 18:18:00,2026-03-17 11:09:19.418454
O001574,M0107,11816f4b-f9e,M0107-C008,fulfilled,356.33,2026-03-14 12:41:00,2026-03-22 07:19:22.671238
O001575,M0107,f8230e6b-c24,M0107-C008,fulfilled,1024.75,2026-03-03 15:49:00,2026-03-03 18:07:23.656437
O001576,M0107,2edb8a7a-507,M0107-C009,fulfilled,637.54,2026-03-04 09:12:00,2026-03-06 15:58:53.521000
O001577,M0107,75bfe09b-fa2,M0107-C010,fulfilled,103.35,2026-03-03 21:47:00,2026-03-05 05:44:45.018851
O001578,M0107,164293e0-d2d,M0107-C010,fulfilled,138.74,2026-03-16 15:46:00,2026-03-20 06:57:32.892967
O001579,M0107,226c7ad4-030,M0107-C013,fulfilled,376.27,2026-03-19 10:50:00,2026-03-21 07:44:11.046871
O001580,M0107,e2971498-976,M0107-C013,fulfilled,339.27,2026-02-26 17:07:00,2026-02-27 10:37:04.227714
O001581,M0107,c98871be-863,M0107-C014,fulfilled,402.72,2026-03-19 16:23:00,2026-03-19 20:47:49.776489
O001582,M0107,f84ed318-868,M0107-C014,fulfilled,321.73,2026-02-28 22:20:00,2026-03-01 18:56:11.744882
O001583,M0107,e49a5fa0-c31,M0107-C015,fulfilled,243.3,2026-03-19 09:11:00,2026-03-20 14:07:57.093695
O001584,M0107,dad51064-887,M0107-C016,fulfilled,1003.98,2026-03-13 16:49:00,2026-03-14 22:28:55.698367
O001585,M0107,1be0de1a-835,M0107-C016,cancelled,228.11,2026-03-01 11:16:00,
O001586,M0107,e8bdd5fa-8c9,M0107-C017,fulfilled,590.22,2026-03-03 21:39:00,2026-03-04 15:04:04.971923
O001587,M0107,33b83b84-a34,M0107-C018,fulfilled,383.01,2026-03-14 09:06:00,2026-03-15 02:13:49.948155
O001588,M0107,33b83b84-a34,M0107-C018,fulfilled,383.01,2026-03-14 09:06:00,2026-03-15 02:13:49.948155
O001589,M0107,61efc936-087,M0107-C019,fulfilled,246.43,2026-03-02 22:45:00,2026-03-03 12:00:00.623634
O001590,M0107,b19fa67f-53b,M0107-C020,fulfilled,106.73,2026-03-01 18:26:00,2026-03-02 07:01:33.724085
O001591,M0107,32cf1bab-9ef,M0107-C022,fulfilled,448.18,2026-03-08 14:09:00,2026-03-13 03:35:35.660669
O001592,M0107,460fe0f5-723,M0107-C022,fulfilled,231.79,2026-02-26 16:09:00,2026-02-26 17:28:04.030267
O001593,M0107,ee7ab3b9-1c2,M0107-C022,fulfilled,904.53,2026-03-15 19:53:00,2026-03-17 13:10:13.934821
O001594,M0107,1c8ab906-efb,M0107-C022,fulfilled,1094.8,2026-03-19 22:23:00,2026-03-20 16:02:39.618994
O001595,M0107,00995a1b-cb5,M0107-C025,fulfilled,1081.86,2026-03-06 14:39:00,2026-03-08 12:41:52.206753
O001596,M0108,a0c78786-e4d,M0108-C000,fulfilled,398.08,2026-02-05 17:27:00,2026-02-06 07:20:10.767804
O001597,M0108,18e54c47-d2d,M0108-C000,fulfilled,509.18,2026-04-29 15:50:00,2026-05-01 03:05:04.949383
O001598,M0108,fdb4013b-bfa,M0108-C000,fulfilled,199.7,2026-06-09 17:43:00,2026-06-11 21:36:27.284235
O001599,M0108,cf9417c3-739,M0108-C002,fulfilled,258.5,2026-03-23 16:23:00,2026-03-25 08:46:16.087247
O001600,M0108,0173fd89-c4d,M0108-C003,fulfilled,347.36,2026-05-29 16:43:00,2026-06-04 17:47:07.983951
O001601,M0108,c393bf69-ed1,M0108-C003,fulfilled,854.16,2026-03-31 13:46:00,2026-04-03 15:28:55.452052
O001602,M0108,b9e51df1-abc,M0108-C003,fulfilled,1520.15,2026-05-27 16:06:00,2026-05-29 00:32:50.339135
O001603,M0108,e3c7739a-302,M0108-C004,fulfilled,280.9,2026-05-16 15:55:00,2026-05-17 00:09:08.987990
O001604,M0108,dc2f7ae9-d65,M0108-C005,fulfilled,538.44,2026-05-09 16:36:00,2026-05-09 23:56:55.203882
O001605,M0109,39396c88-61d,M0109-C000,fulfilled,418.81,2026-05-25 19:54:00,2026-05-25 23:09:34.489261
O001606,M0109,be89a590-850,M0109-C000,cancelled,260.35,2026-05-23 12:33:00,
O001607,M0110,f1e63b85-89f,M0110-C001,fulfilled,303.35,2026-05-23 09:18:00,2026-05-24 12:19:39.680599
O001608,M0110,1bee65d7-253,M0110-C002,fulfilled,221.11,2026-05-29 13:39:00,2026-06-06 12:47:16.346696
O001609,M0110,edd5b220-e9a,M0110-C002,fulfilled,633.59,2026-05-02 21:17:00,2026-05-02 21:57:47.979907
O001610,M0110,51575139-1ed,M0110-C002,fulfilled,488.6,2026-04-08 12:44:00,2026-04-09 12:20:01.444366
O001611,M0110,c605f795-8df,M0110-C002,fulfilled,459.51,2026-06-29 21:40:00,2026-06-30 15:15:17.426516
O001612,M0110,9aea10e7-532,M0110-C003,fulfilled,1077.19,2026-05-14 17:17:00,2026-05-19 05:08:19.332959
O001613,M0110,6bb9b681-c2d,M0110-C004,placed,330.23,2026-05-29 12:15:00,
O001614,M0110,310b00d5-793,M0110-C004,fulfilled,457.24,2026-06-14 09:27:00,2026-06-23 13:31:21.955159
O001615,M0110,be996faa-6e6,M0110-C005,fulfilled,107.51,2026-02-22 17:21:00,2026-02-28 11:01:12.545793
O001616,M0110,3567c267-19f,M0110-C005,fulfilled,1198.31,2026-02-27 20:37:00,2026-02-28 19:07:52.007295
O001617,M0110,28667677-d0c,M0110-C007,fulfilled,933.32,2026-05-31 11:07:00,2026-06-01 15:21:22.612689
O001618,M0110,6552e9e8-212,M0110-C008,fulfilled,360.09,2026-06-27 15:08:00,2026-06-29 08:38:28.723345
O001619,M0110,2fe53c54-0a6,M0110-C009,fulfilled,264.3,2026-05-02 10:42:00,2026-05-03 02:49:21.042541
O001620,M0110,f7b9aed8-a25,M0110-C009,fulfilled,202.71,2026-03-20 09:52:00,2026-03-21 14:36:54.225138
O001621,M0110,2e9c96bc-24d,M0110-C010,fulfilled,574.4,2026-03-24 22:56:00,2026-03-26 17:25:24.986454
O001622,M0110,d6467839-18b,M0110-C012,fulfilled,530.32,2026-04-12 08:36:00,2026-04-12 13:41:30.757617
O001623,M0110,609b20e9-8bf,M0110-C013,fulfilled,840.31,2026-03-15 12:36:00,2026-03-17 15:18:26.337549
O001624,M0110,f32daeb3-029,M0110-C013,fulfilled,242.27,2026-05-27 14:53:00,2026-05-28 20:33:17.905616
O001625,M0110,12a7bd4e-832,M0110-C014,fulfilled,515.68,2026-06-03 10:52:00,2026-06-04 17:35:27.098585
O001626,M0110,70978a7c-fc9,M0110-C015,fulfilled,280.11,2026-04-12 09:39:00,2026-04-13 20:31:30.021667
O001627,M0110,bfee858b-341,M0110-C016,fulfilled,273.65,2026-03-26 22:54:00,2026-04-04 05:32:25.094627
O001628,M0110,ec8333f1-980,M0110-C017,fulfilled,479.55,2026-03-30 12:00:00,2026-04-01 20:24:46.945849
O001629,M0110,ca8a892a-889,M0110-C018,fulfilled,581.39,2026-06-18 14:36:00,2026-06-19 17:55:11.181849
O001630,M0110,839980d7-37c,M0110-C018,cancelled,977.07,2026-05-18 15:38:00,
O001631,M0110,85427b3a-83e,M0110-C020,fulfilled,209.83,2026-06-21 10:43:00,2026-06-25 07:17:06.798599
O001632,M0110,853f26cd-f32,M0110-C020,fulfilled,428.05,2026-02-26 13:12:00,2026-02-26 14:34:52.785033
O001633,M0110,454054ae-8c6,M0110-C022,fulfilled,463.97,2026-04-06 22:10:00,2026-04-08 07:30:51.083061
O001634,M0110,3a37fc88-4f9,M0110-C023,fulfilled,294.79,2026-04-01 13:49:00,2026-04-01 19:12:35.427118
O001635,M0110,45a21429-4a3,M0110-C024,fulfilled,518.57,2026-06-16 19:55:00,2026-06-17 12:32:48.979956
O001636,M0111,867b7db0-2c7,M0111-C000,fulfilled,705.21,2026-05-12 17:49:00,2026-05-15 17:13:01.173481
O001637,M0111,1c63eebc-7aa,M0111-C000,fulfilled,665.86,2026-01-22 10:11:00,2026-01-22 22:19:11.672478
O001638,M0111,22fe70de-dbb,M0111-C000,fulfilled,1479.55,2026-05-19 22:35:00,2026-05-25 19:45:03.983564
O001639,M0111,8a2d5ed7-258,M0111-C002,fulfilled,323.69,2026-05-04 16:51:00,2026-05-12 18:48:22.336943
O001640,M0111,60541fe2-a8e,M0111-C003,fulfilled,279.8,2026-04-27 13:55:00,2026-04-27 15:51:18.095506
O001641,M0111,4819a36d-b0c,M0111-C004,fulfilled,1374.55,2026-03-06 18:36:00,2026-03-08 13:42:19.855404
O001642,M0111,31d7f4ab-11d,M0111-C004,fulfilled,473.19,2026-01-15 11:11:00,2026-01-16 13:23:03.604797
O001643,M0111,5c83dae9-fee,M0111-C005,fulfilled,575.83,2026-04-03 22:02:00,2026-04-05 16:46:28.085084
O001644,M0111,41e02f15-889,M0111-C006,fulfilled,1114.93,2026-02-24 22:14:00,2026-02-25 21:00:06.229829
O001645,M0111,5b6c032a-87c,M0111-C007,cancelled,663.53,2026-06-05 15:09:00,
O001646,M0111,fafe08b1-688,M0111-C007,placed,1454.74,2026-02-27 10:22:00,
O001647,M0111,dcc49045-987,M0111-C007,fulfilled,625.75,2026-04-19 15:53:00,2026-04-21 22:28:29.605836
O001648,M0111,157d8261-8db,M0111-C008,fulfilled,472.27,2026-06-26 09:20:00,2026-06-27 13:31:59.820577
O001649,M0111,68ee65f8-898,M0111-C009,fulfilled,376.19,2026-04-02 19:02:00,2026-04-05 14:42:13.054037
O001650,M0111,97284f0c-954,M0111-C010,fulfilled,555.43,2026-03-09 12:06:00,2026-03-10 05:33:20.530109
O001651,M0111,b4383562-c00,M0111-C010,fulfilled,711.37,2026-04-25 14:39:00,2026-04-29 16:46:52.364675
O001652,M0111,e383b8d1-b81,M0111-C011,fulfilled,402.92,2026-02-19 09:06:00,2026-02-26 23:43:09.243369
O001653,M0111,850dafe3-d47,M0111-C011,fulfilled,483.0,2026-05-19 11:00:00,2026-05-22 03:25:40.979943
O001654,M0111,64e84445-38f,M0111-C012,fulfilled,648.98,2026-06-01 18:25:00,2026-06-02 02:15:01.097039
O001655,M0111,2b3eacbe-71d,M0111-C012,fulfilled,793.58,2026-04-04 19:25:00,2026-04-04 23:23:51.006439
O001656,M0111,28ccfaee-e5c,M0111-C012,fulfilled,607.14,2026-02-28 20:02:00,2026-03-08 20:40:24.040878
O001657,M0111,8b65c01c-55a,M0111-C013,fulfilled,473.53,2026-04-08 14:26:00,2026-04-10 06:47:29.513398
O001658,M0111,462f2260-2be,M0111-C015,fulfilled,488.47,2026-02-16 17:54:00,2026-02-19 22:43:07.813728
O001659,M0111,c92ebcd6-7d1,M0111-C015,fulfilled,212.51,2026-06-20 22:17:00,2026-06-23 05:47:23.916337
O001660,M0111,cb024f32-b6d,M0111-C015,fulfilled,650.9,2026-03-12 21:11:00,2026-03-20 02:55:53.645237
O001661,M0111,144b3d70-e89,M0111-C019,fulfilled,317.19,2026-02-09 22:06:00,2026-02-12 11:29:45.558703
O001662,M0111,ba1b1626-a07,M0111-C020,fulfilled,683.41,2026-04-20 16:27:00,2026-04-23 12:11:09.022662
O001663,M0111,b02c611b-5be,M0111-C020,fulfilled,460.08,2026-05-24 08:45:00,2026-05-24 16:59:28.820189
O001664,M0112,faa65d70-22c,M0112-C000,fulfilled,581.47,2026-01-30 12:38:00,2026-01-31 07:01:09.389037
O001665,M0112,93ed4164-4f3,M0112-C001,cancelled,630.51,2026-01-20 08:15:00,
O001666,M0112,822c96a3-d59,M0112-C001,fulfilled,719.17,2026-01-27 17:23:00,2026-01-28 14:03:41.075506
O001667,M0112,4077bda9-3d4,M0112-C003,fulfilled,371.17,2026-02-01 08:52:00,2026-02-01 17:03:54.685225
O001668,M0112,6b20b384-08f,M0112-C005,fulfilled,367.7,2026-01-14 13:18:00,2026-01-16 11:21:54.599047
O001669,M0112,16d5dab2-540,M0112-C005,fulfilled,481.07,2026-01-24 20:20:00,2026-01-27 21:41:37.951171
O001670,M0112,1c246ed5-b04,M0112-C008,fulfilled,858.05,2026-01-26 17:45:00,2026-01-28 06:03:20.657127
O001671,M0112,b24858db-555,M0112-C008,fulfilled,688.43,2026-01-15 15:39:00,2026-01-17 16:22:15.335616
O001672,M0112,8a7e16cc-369,M0112-C010,fulfilled,563.44,2026-01-18 08:15:00,2026-01-19 15:48:18.711519
O001673,M0112,e56495af-85b,M0112-C011,fulfilled,525.68,2026-01-16 11:43:00,2026-01-26 01:30:56.502213
O001674,M0112,a7761c31-f09,M0112-C012,fulfilled,645.87,2026-01-31 16:50:00,2026-01-31 20:38:29.323725
O001675,M0112,0f2f6a92-76f,M0112-C012,placed,361.74,2026-01-31 10:25:00,
O001676,M0112,ebeb6a31-e11,M0112-C012,fulfilled,190.31,2026-01-22 16:18:00,2026-01-23 09:50:28.939244
O001677,M0112,efb3f3e9-c5f,M0112-C013,cancelled,82.18,2026-01-19 21:31:00,
O001678,M0112,4ca3579e-f11,M0112-C013,fulfilled,266.25,2026-01-29 19:01:00,2026-01-30 20:39:51.151016
O001679,M0112,546721d8-e8a,M0112-C014,fulfilled,1558.66,2026-02-04 18:05:00,2026-02-08 00:40:33.757709
O001680,M0112,f6619974-b92,M0112-C015,fulfilled,495.95,2026-01-27 08:39:00,2026-01-28 06:40:03.125361
O001681,M0112,3e460d42-e51,M0112-C015,fulfilled,561.91,2026-01-31 16:27:00,2026-02-01 10:41:41.203149
O001682,M0112,4b262daf-9f8,M0112-C016,fulfilled,915.92,2026-01-23 18:12:00,2026-01-27 01:42:12.957902
O001683,M0112,b5758a78-2e7,M0112-C017,fulfilled,509.1,2026-01-14 12:38:00,2026-01-15 15:43:40.559062
O001684,M0112,4fa5cd1e-239,M0112-C017,fulfilled,807.46,2026-01-18 09:33:00,2026-01-19 07:59:05.227189
O001685,M0112,7755299a-adc,M0112-C020,fulfilled,811.79,2026-02-02 17:05:00,2026-02-04 16:34:46.258700
O001686,M0112,b1ef1967-5b4,M0112-C020,fulfilled,382.78,2026-02-01 22:56:00,2026-02-02 20:39:10.815113
O001687,M0112,64aeacb5-d7d,M0112-C021,fulfilled,331.85,2026-02-03 21:24:00,2026-02-06 16:10:58.548005
O001688,M0112,9b8bd25e-c98,M0112-C023,fulfilled,975.58,2026-01-26 13:50:00,2026-01-27 12:55:19.560887
O001689,M0112,aa0c83db-89b,M0112-C026,fulfilled,789.39,2026-01-16 20:42:00,2026-01-16 23:45:42.001901
O001690,M0113,4d00d38a-780,M0113-C001,fulfilled,373.39,2026-06-22 17:24:00,2026-06-24 02:28:08.796756
O001691,M0113,294de182-939,M0113-C001,fulfilled,234.67,2026-06-20 16:45:00,2026-06-20 21:22:36.111845
O001692,M0113,29bb79d1-a34,M0113-C003,fulfilled,1064.03,2026-06-16 19:44:00,2026-06-21 06:09:02.120168
O001693,M0113,3fa2a1ac-9b8,M0113-C004,fulfilled,1160.16,2026-06-13 13:23:00,2026-06-13 21:25:52.720137
O001694,M0113,5133c783-069,M0113-C005,fulfilled,24.26,2026-06-24 11:34:00,2026-06-25 01:42:19.054446
O001695,M0113,62f74f48-f2c,M0113-C006,fulfilled,846.42,2026-06-12 18:00:00,2026-06-14 07:57:46.703306
O001696,M0113,17d20ec4-4f9,M0113-C006,fulfilled,286.87,2026-06-21 20:25:00,2026-06-24 21:23:48.781097
O001697,M0113,aa24254f-d79,M0113-C006,placed,666.31,2026-06-30 12:21:00,
O001698,M0113,873b134a-9d4,M0113-C008,fulfilled,504.72,2026-06-25 12:20:00,2026-06-25 21:27:47.185912
O001699,M0113,c4f449f0-fa8,M0113-C010,fulfilled,639.02,2026-06-17 20:36:00,2026-06-19 20:05:59.414637
O001700,M0113,a8f6b77f-7dc,M0113-C010,fulfilled,365.56,2026-06-13 09:36:00,2026-06-14 09:58:36.060003
O001701,M0113,12fe8b82-afd,M0113-C012,fulfilled,248.49,2026-06-25 22:46:00,2026-06-26 15:59:08.839134
O001702,M0113,8dcf87c4-905,M0113-C013,fulfilled,959.14,2026-06-14 14:04:00,2026-06-14 19:21:15.020676
O001703,M0113,d21a10fa-3a1,M0113-C014,fulfilled,516.28,2026-06-17 12:48:00,2026-06-17 21:27:16.384940
O001704,M0113,2ba46eb6-2db,M0113-C015,cancelled,327.73,2026-06-28 14:46:00,
O001705,M0113,522fec05-3ca,M0113-C017,fulfilled,617.49,2026-06-23 19:50:00,2026-06-23 21:33:02.971779
O001706,M0113,8e9596de-6fe,M0113-C020,fulfilled,841.05,2026-06-23 20:50:00,2026-06-25 02:53:32.983609
O001707,M0113,1435645f-606,M0113-C021,fulfilled,884.7,2026-06-15 10:27:00,2026-06-15 11:03:34.141657
O001708,M0113,543c2303-8e3,M0113-C022,fulfilled,525.18,2026-06-17 15:17:00,2026-06-18 10:06:17.549363
O001709,M0114,81cccdeb-899,M0114-C000,fulfilled,823.6,2026-06-19 09:11:00,2026-06-21 17:01:23.994793
O001710,M0114,9d4b7d96-971,M0114-C000,fulfilled,528.8,2026-05-30 12:01:00,2026-05-31 00:46:31.481656
O001711,M0114,800d5321-7ae,M0114-C000,fulfilled,189.96,2026-05-23 19:42:00,2026-05-29 11:31:12.569576
O001712,M0114,1ede723a-792,M0114-C002,fulfilled,604.39,2026-04-19 21:33:00,2026-04-21 13:36:31.789732
O001713,M0114,7c074d9c-c68,M0114-C003,fulfilled,1596.9,2026-05-27 12:18:00,2026-05-28 21:41:17.394448
O001714,M0114,4c67b12e-8ff,M0114-C004,fulfilled,775.64,2026-06-20 09:11:00,2026-06-20 15:23:10.823321
O001715,M0114,ba8df5f0-a85,M0114-C005,fulfilled,441.63,2026-05-30 20:58:00,2026-05-30 23:51:37.219466
O001716,M0114,2fec1a9d-af6,M0114-C005,fulfilled,814.28,2026-06-04 17:38:00,2026-06-04 19:33:24.116620
O001717,M0114,45bd39a5-b79,M0114-C007,fulfilled,405.41,2026-05-09 17:45:00,2026-05-10 18:18:31.289810
O001718,M0114,77f6c9d6-21a,M0114-C009,placed,398.88,2026-06-20 15:07:00,
O001719,M0114,1051af69-f5a,M0114-C009,fulfilled,1056.47,2026-06-22 11:28:00,2026-06-29 22:53:09.733174
O001720,M0114,a3785091-8d6,M0114-C011,fulfilled,405.23,2026-04-14 17:13:00,2026-04-15 03:41:14.338332
O001721,M0114,124ef5f1-4b9,M0114-C011,fulfilled,448.52,2026-06-11 19:25:00,2026-06-12 08:03:57.674697
O001722,M0114,c62f6fef-bb5,M0114-C013,fulfilled,722.76,2026-05-11 22:46:00,2026-05-14 01:57:08.098802
O001723,M0114,72a5cd8e-8b2,M0114-C014,fulfilled,505.37,2026-05-12 18:22:00,2026-05-12 23:09:40.498641
O001724,M0114,0f83b326-6ed,M0114-C015,fulfilled,771.33,2026-06-03 20:53:00,2026-06-04 13:02:15.591548
O001725,M0114,a6f6e9ce-004,M0114-C015,fulfilled,435.37,2026-05-05 13:38:00,2026-05-07 13:36:13.537518
O001726,M0114,72b476d1-455,M0114-C016,fulfilled,460.05,2026-06-06 21:05:00,2026-06-09 08:04:52.505368
O001727,M0114,7875fec9-fe8,M0114-C017,fulfilled,232.49,2026-04-16 14:40:00,2026-04-16 20:57:33.071328
O001728,M0114,f09e6c9c-41c,M0114-C018,fulfilled,662.08,2026-05-28 12:58:00,2026-05-30 09:18:54.725566
O001729,M0114,63e41c1b-3e2,M0114-C019,cancelled,867.33,2026-06-18 19:56:00,
O001730,M0114,60a1ca08-9a2,M0114-C021,fulfilled,624.92,2026-06-12 20:51:00,2026-06-15 03:59:22.037503
O001731,M0114,d118e62b-25d,M0114-C022,fulfilled,815.97,2026-06-26 11:11:00,2026-06-26 13:12:03.852779
O001732,M0115,cb7c019d-715,M0115-C000,fulfilled,657.72,2026-06-29 18:51:00,2026-07-01 22:33:30.326351
O001733,M0115,32b28a30-dba,M0115-C000,fulfilled,1024.2,2026-06-27 21:12:00,2026-06-28 17:29:15.047609
O001734,M0115,e39df110-cec,M0115-C000,fulfilled,341.48,2026-04-20 09:54:00,2026-04-21 04:27:02.092882
O001735,M0115,a06ddb05-75a,M0115-C000,cancelled,864.21,2026-04-29 22:23:00,
O001736,M0115,f91eb9ac-181,M0115-C001,fulfilled,1288.47,2026-03-30 15:38:00,2026-04-05 04:52:31.850863
O001737,M0115,1c66e2ba-479,M0115-C001,fulfilled,334.26,2026-05-21 19:09:00,2026-05-23 15:48:58.406530
O001738,M0115,0563fac4-b78,M0115-C002,fulfilled,674.96,2026-03-31 12:24:00,2026-04-02 17:57:02.732185
O001739,M0116,b4728135-013,M0116-C000,fulfilled,482.28,2026-03-25 10:25:00,2026-03-27 06:25:25.357710
O001740,M0116,5df37d9b-02e,M0116-C001,fulfilled,491.54,2026-04-17 22:26:00,2026-04-19 00:37:15.989921
O001741,M0116,7cd8d814-5a2,M0116-C001,fulfilled,544.66,2026-05-07 18:34:00,2026-05-08 14:45:42.281735
O001742,M0116,804cef87-827,M0116-C004,fulfilled,448.69,2026-06-03 11:19:00,2026-06-04 04:28:57.787547
O001743,M0116,4564a0ff-a53,M0116-C005,placed,562.24,2026-02-23 09:19:00,
O001744,M0116,0a365ed1-69c,M0116-C005,fulfilled,288.93,2026-02-08 17:15:00,2026-02-10 04:42:21.725427
O001745,M0116,5ce3b579-238,M0116-C006,fulfilled,332.01,2026-03-02 13:14:00,2026-03-05 02:51:46.700096
O001746,M0116,d99fce56-bfa,M0116-C006,fulfilled,511.53,2026-05-31 08:57:00,2026-05-31 17:18:16.045326
O001747,M0116,7519638e-4eb,M0116-C007,fulfilled,449.27,2026-06-11 13:00:00,2026-06-11 15:43:16.761600
O001748,M0116,9b7481d3-1b0,M0116-C008,fulfilled,85.04,2026-05-24 22:06:00,2026-05-25 15:49:18.585185
O001749,M0116,eb444d1e-3dc,M0116-C009,fulfilled,231.53,2026-02-26 08:18:00,2026-02-27 05:32:29.434548
O001750,M0116,70deeb8a-265,M0116-C009,fulfilled,1020.67,2026-05-22 11:46:00,2026-05-22 12:11:25.851359
O001751,M0116,6c427224-1ba,M0116-C012,fulfilled,415.03,2026-03-29 16:30:00,2026-04-01 04:19:07.599067
O001752,M0116,4933c370-342,M0116-C012,fulfilled,344.48,2026-04-07 15:08:00,2026-04-10 21:06:08.503406
O001753,M0116,0b17c992-ac3,M0116-C012,fulfilled,268.16,2026-05-22 22:10:00,2026-05-22 22:51:38.611893
O001754,M0116,1552e848-181,M0116-C015,cancelled,470.82,2026-02-15 18:42:00,
O001755,M0116,894001a4-c67,M0116-C018,fulfilled,540.98,2026-02-20 09:31:00,2026-02-28 03:59:56.185586
O001756,M0116,31e6c7a2-362,M0116-C018,fulfilled,406.44,2026-05-05 08:30:00,2026-05-05 10:43:52.077392
O001757,M0116,eb8a45e6-6a4,M0116-C020,fulfilled,708.9,2026-04-04 12:50:00,2026-04-04 15:10:17.195455
O001758,M0116,1c18e5bd-53c,M0116-C020,fulfilled,953.39,2026-03-10 08:22:00,2026-03-11 02:40:08.226281
O001759,M0116,ef805bed-785,M0116-C020,fulfilled,445.21,2026-04-21 09:14:00,2026-04-28 19:26:41.437136
O001760,M0116,4be003b8-af1,M0116-C020,fulfilled,322.3,2026-03-04 12:01:00,2026-03-05 20:25:22.102892
O001761,M0116,ae7a314f-7e3,M0116-C021,fulfilled,391.08,2026-03-24 16:30:00,2026-03-24 18:42:13.652612
O001762,M0116,3194e46c-f73,M0116-C021,fulfilled,366.93,2026-05-14 18:41:00,2026-05-16 09:49:00.062679
O001763,M0116,e76a2f4f-a38,M0116-C021,placed,502.87,2026-02-16 08:45:00,
O001764,M0118,702cd0ac-0a8,M0118-C003,fulfilled,839.99,2026-01-17 15:24:00,2026-01-21 11:23:29.248915
O001765,M0118,702cd0ac-0a8,M0118-C003,fulfilled,839.99,2026-01-17 15:24:00,2026-01-21 11:23:29.248915
O001766,M0118,46c1f741-455,M0118-C003,fulfilled,488.83,2026-01-20 12:24:00,2026-01-20 14:02:07.840075
O001767,M0118,349aaef4-0ad,M0118-C005,fulfilled,1377.08,2026-01-24 13:57:00,2026-01-28 02:05:38.659954
O001768,M0118,727dcc46-6ee,M0118-C006,fulfilled,384.03,2026-02-02 08:43:00,2026-02-03 02:56:10.503607
O001769,M0118,727dcc46-6ee,M0118-C006,fulfilled,384.03,2026-02-02 08:43:00,2026-02-03 02:56:10.503607
O001770,M0118,ffc7c003-d3b,M0118-C006,placed,1262.13,2026-01-26 11:18:00,
O001771,M0118,2148b202-075,M0118-C006,cancelled,1598.15,2026-02-01 22:35:00,
O001772,M0118,980431aa-5d5,M0118-C007,fulfilled,987.62,2026-01-22 08:12:00,2026-01-24 12:37:10.810630
O001773,M0118,07906edf-7fa,M0118-C008,fulfilled,1643.21,2026-01-20 14:10:00,2026-01-22 01:38:40.688217
O001774,M0118,dda5de9e-345,M0118-C010,fulfilled,200.71,2026-01-29 22:21:00,2026-01-31 02:27:44.580136
O001775,M0118,c0444b88-312,M0118-C011,fulfilled,716.92,2026-01-18 09:57:00,2026-01-18 19:28:11.778334
O001776,M0118,c29234e7-b40,M0118-C011,fulfilled,896.68,2026-01-22 19:49:00,2026-01-24 16:08:07.548537
O001777,M0118,1aa43abf-715,M0118-C012,fulfilled,691.08,2026-01-26 23:02:00,2026-01-27 05:09:41.917153
O001778,M0118,0f5aee01-3a0,M0118-C012,fulfilled,384.58,2026-01-31 17:59:00,2026-02-05 11:35:25.789121
O001779,M0118,7b6cfee1-cb6,M0118-C013,fulfilled,563.4,2026-02-05 13:50:00,2026-02-07 20:41:10.689689
O001780,M0118,7e3d7dff-a14,M0118-C013,cancelled,279.37,2026-01-28 11:45:00,
O001781,M0118,c7d9eb4b-6cd,M0118-C014,fulfilled,1073.83,2026-01-29 19:34:00,2026-01-30 01:50:39.674385
O001782,M0118,26deaafe-b44,M0118-C015,fulfilled,767.95,2026-01-22 15:54:00,2026-01-23 23:26:37.217739
O001783,M0118,1d040c34-71e,M0118-C016,placed,213.22,2026-02-03 10:48:00,
O001784,M0118,132d0007-5f3,M0118-C016,fulfilled,325.09,2026-02-05 09:38:00,2026-02-07 20:35:19.269114
O001785,M0118,3d4d94b7-b19,M0118-C017,fulfilled,166.1,2026-01-30 12:46:00,2026-01-31 05:14:29.076793
O001786,M0118,adae4686-5fe,M0118-C018,fulfilled,974.62,2026-01-19 19:41:00,2026-01-21 14:25:51.567659
O001787,M0118,a96ec554-b4a,M0118-C020,fulfilled,553.22,2026-01-19 11:59:00,2026-01-22 15:13:45.528365
O001788,M0118,cf56da4d-a64,M0118-C021,fulfilled,408.61,2026-01-31 09:28:00,2026-01-31 16:35:54.857271
O001789,M0118,d45a9400-4d0,M0118-C022,fulfilled,454.91,2026-02-02 09:47:00,2026-02-02 23:27:25.892541
O001790,M0118,7b046c2c-954,M0118-C022,fulfilled,67.98,2026-01-19 20:05:00,2026-01-19 22:10:23.903768
O001791,M0118,36aca2de-55d,M0118-C022,fulfilled,497.64,2026-01-28 18:59:00,2026-01-29 19:53:50.421805
O001792,M0119,b51061fc-cef,M0119-C000,fulfilled,309.15,2026-03-04 11:16:00,2026-03-06 02:07:40.054415
O001793,M0119,5bc2b9c9-ead,M0119-C000,fulfilled,306.66,2026-02-23 21:56:00,2026-02-25 02:56:17.581859
O001794,M0119,f1cc9c24-13b,M0119-C000,fulfilled,147.73,2026-02-18 17:30:00,2026-02-19 21:47:25.232892
O001795,M0119,a5c14440-3db,M0119-C000,fulfilled,364.82,2026-02-19 14:48:00,2026-02-24 14:29:03.799654
O001796,M0120,e8c1140e-ebd,M0120-C000,fulfilled,757.09,2026-05-31 11:49:00,2026-05-31 14:43:57.738677
O001797,M0120,e2b398d1-7ca,M0120-C000,fulfilled,440.53,2026-05-12 17:44:00,2026-05-13 09:04:16.311338
O001798,M0121,cad5c00d-0fa,M0121-C000,fulfilled,323.19,2026-05-29 20:20:00,2026-05-30 22:08:34.714508
O001799,M0121,4eaa5ad2-9e8,M0121-C001,fulfilled,751.17,2026-06-14 10:38:00,2026-06-16 11:41:27.698561
O001800,M0121,a6b5a8df-3ab,M0121-C001,fulfilled,677.56,2026-06-16 21:12:00,2026-06-18 03:36:56.309899
O001801,M0121,47a085e2-d0a,M0121-C003,fulfilled,679.01,2026-05-31 22:18:00,2026-06-01 08:43:28.400899
O001802,M0121,fc056f39-d07,M0121-C003,placed,132.51,2026-06-07 18:04:00,
O001803,M0121,c0327ef9-797,M0121-C003,fulfilled,376.58,2026-05-31 11:49:00,2026-06-01 03:16:05.503297
O001804,M0121,79fbd2bc-567,M0121-C003,fulfilled,819.66,2026-05-15 12:32:00,2026-05-16 05:23:09.617290
O001805,M0121,fdd7e2c0-39c,M0121-C005,fulfilled,905.51,2026-05-14 16:23:00,2026-05-16 08:07:48.456294
O001806,M0121,fb34b753-4b8,M0121-C005,fulfilled,493.66,2026-05-07 12:00:00,2026-05-08 00:41:21.786737
O001807,M0121,f94b1217-71e,M0121-C007,fulfilled,554.94,2026-05-18 13:45:00,2026-05-19 01:36:52.620891
O001808,M0121,6a8ec6d0-097,M0121-C008,fulfilled,318.97,2026-05-16 15:19:00,2026-05-18 12:50:59.869121
O001809,M0121,a48f33a9-d5a,M0121-C009,fulfilled,656.35,2026-06-18 12:43:00,2026-06-19 15:53:19.033108
O001810,M0121,a5a3fa6f-dd5,M0121-C010,fulfilled,213.88,2026-05-14 20:49:00,2026-05-16 13:06:07.641518
O001811,M0121,6e67fb03-240,M0121-C011,fulfilled,510.69,2026-04-24 18:34:00,2026-04-27 15:13:34.160379
O001812,M0121,59a8042d-9f5,M0121-C012,fulfilled,426.95,2026-05-04 20:06:00,2026-05-04 23:18:20.385152
O001813,M0121,dc68eff1-026,M0121-C016,fulfilled,1065.82,2026-05-07 13:10:00,2026-05-07 14:05:47.234978
O001814,M0121,dc68eff1-026,M0121-C016,fulfilled,1065.82,2026-05-07 13:10:00,2026-05-07 14:05:47.234978
O001815,M0121,3325792f-405,M0121-C017,fulfilled,546.27,2026-06-04 16:31:00,2026-06-05 04:49:00.013113
O001816,M0121,24a2d9e9-c5f,M0121-C017,fulfilled,1302.87,2026-05-19 10:49:00,2026-05-19 15:54:20.648305
O001817,M0121,df88f349-eda,M0121-C018,fulfilled,493.34,2026-05-03 15:09:00,2026-05-06 10:21:44.358000
O001818,M0121,df88f349-eda,M0121-C018,fulfilled,493.34,2026-05-03 15:09:00,2026-05-06 10:21:44.358000
O001819,M0121,10562a23-97f,M0121-C020,fulfilled,396.69,2026-05-21 21:48:00,2026-05-23 08:24:09.220356
O001820,M0121,145b1057-3ea,M0121-C020,fulfilled,353.0,2026-05-10 11:40:00,2026-05-11 07:51:06.240755
O001821,M0122,89e21d9c-ce0,M0122-C000,fulfilled,392.97,2026-03-09 20:43:00,2026-03-10 09:28:31.944374
O001822,M0122,281aaa84-2de,M0122-C000,fulfilled,479.43,2026-01-26 09:32:00,2026-01-26 10:42:44.809096
O001823,M0123,de3b72a1-179,M0123-C001,fulfilled,134.28,2026-03-24 10:28:00,2026-03-25 01:09:23.358415
O001824,M0123,f4ebaa1d-534,M0123-C003,fulfilled,329.53,2026-03-14 14:42:00,2026-03-15 06:42:31.182529
O001825,M0123,90796e29-f34,M0123-C005,fulfilled,220.94,2026-02-17 21:45:00,2026-02-18 05:35:06.218426
O001826,M0123,3b5b67a0-516,M0123-C005,fulfilled,998.74,2026-04-03 17:08:00,2026-04-05 06:38:32.256302
O001827,M0123,d69ada61-e1d,M0123-C006,fulfilled,952.34,2026-02-22 20:47:00,2026-02-23 17:22:26.200025
O001828,M0123,2f890828-e29,M0123-C007,fulfilled,249.08,2026-05-09 08:44:00,2026-05-09 08:53:44.966047
O001829,M0123,728b79a9-266,M0123-C008,fulfilled,708.15,2026-02-07 22:40:00,2026-02-07 23:21:53.286329
O001830,M0123,45479014-051,M0123-C009,fulfilled,299.44,2026-03-25 21:39:00,2026-04-01 03:19:56.839897
O001831,M0123,7a1757aa-82f,M0123-C010,fulfilled,443.53,2026-05-08 11:52:00,2026-05-09 03:07:56.582752
O001832,M0123,06524f96-893,M0123-C012,fulfilled,639.39,2026-01-30 18:02:00,2026-01-30 20:16:10.411119
O001833,M0123,0b7b0041-131,M0123-C016,fulfilled,404.05,2026-03-14 10:41:00,2026-03-17 15:26:39.330078
O001834,M0123,00568132-e63,M0123-C017,fulfilled,622.64,2026-05-27 18:46:00,2026-05-27 22:00:44.141197
O001835,M0123,b95489bb-d38,M0123-C018,fulfilled,283.17,2026-04-15 11:10:00,2026-04-17 15:07:39.621939
O001836,M0123,41e4ff9c-a10,M0123-C019,fulfilled,280.84,2026-03-26 09:15:00,2026-03-28 10:05:10.830770
O001837,M0123,1c6fbecc-537,M0123-C020,fulfilled,478.86,2026-05-24 14:37:00,2026-05-26 06:08:07.546692
O001838,M0123,a9dbd488-588,M0123-C021,fulfilled,475.96,2026-04-15 22:12:00,2026-04-16 09:40:48.627145
O001839,M0123,0719010c-cd2,M0123-C022,cancelled,230.09,2026-02-03 08:38:00,
O001840,M0123,74f1e1bc-232,M0123-C023,fulfilled,208.1,2026-02-23 22:52:00,2026-02-24 00:58:03.667457
O001841,M0123,0cbe1e40-0d8,M0123-C024,fulfilled,324.22,2026-03-02 17:52:00,2026-03-02 23:40:49.487826
O001842,M0124,33abb521-4d3,M0124-C000,fulfilled,382.18,2026-06-22 17:30:00,2026-06-23 08:11:09.714845
O001843,M0124,648d3be7-b92,M0124-C000,fulfilled,977.65,2026-06-14 10:14:00,2026-06-16 19:15:13.746361
O001844,M0124,eb46fe9e-28e,M0124-C001,fulfilled,1165.37,2026-06-20 17:35:00,2026-06-20 23:00:43.720955
O001845,M0124,dbd62a70-301,M0124-C002,fulfilled,684.22,2026-06-06 14:55:00,2026-06-07 15:19:34.829748
O001846,M0124,dbd62a70-301,M0124-C002,fulfilled,684.22,2026-06-06 14:55:00,2026-06-07 15:19:34.829748
O001847,M0124,b321cd59-cc0,M0124-C003,fulfilled,325.7,2026-06-29 20:18:00,2026-06-30 01:54:12.172967
O001848,M0124,67d4bf38-03c,M0124-C003,fulfilled,1348.87,2026-06-05 09:12:00,2026-06-05 16:13:21.594814
O001849,M0124,7e6a673d-153,M0124-C006,fulfilled,599.49,2026-06-20 21:42:00,2026-06-20 22:18:21.390790
O001850,M0124,3740ae11-b08,M0124-C007,fulfilled,284.65,2026-06-24 11:32:00,2026-06-25 07:05:53.869873
O001851,M0124,bc464a23-360,M0124-C007,fulfilled,442.74,2026-06-29 08:38:00,2026-06-29 09:00:03.599643
O001852,M0124,a1c90068-ef5,M0124-C009,fulfilled,315.84,2026-06-07 09:01:00,2026-06-07 23:06:54.288200
O001853,M0124,d21bae51-b89,M0124-C009,placed,1185.76,2026-06-18 15:27:00,
O001854,M0124,2ea745e0-9f4,M0124-C011,fulfilled,231.82,2026-05-31 08:46:00,2026-06-03 00:24:41.083853
O001855,M0124,f02d22bf-6d8,M0124-C013,fulfilled,1136.48,2026-06-08 17:51:00,2026-06-10 14:38:51.318948
O001856,M0124,0787ca5e-21f,M0124-C014,fulfilled,938.16,2026-06-05 11:21:00,2026-06-06 13:44:15.000315
O001857,M0124,994991c8-7e2,M0124-C015,fulfilled,215.71,2026-06-28 15:08:00,2026-06-30 14:13:10.126458
O001858,M0124,51137cd8-25a,M0124-C015,fulfilled,185.43,2026-06-08 20:50:00,2026-06-10 18:10:50.186095
O001859,M0124,c6ca31ea-7c1,M0124-C015,fulfilled,610.92,2026-06-21 21:00:00,2026-06-22 13:29:57.308577
O001860,M0124,772170b7-379,M0124-C016,fulfilled,506.63,2026-06-15 21:39:00,2026-06-19 07:29:37.476431
O001861,M0124,eb671f26-390,M0124-C017,fulfilled,793.85,2026-06-07 08:18:00,2026-06-11 08:25:13.456304
O001862,M0124,eb3825ca-747,M0124-C017,fulfilled,401.45,2026-06-28 09:52:00,2026-07-06 19:08:52.402342
O001863,M0124,ca32b097-08d,M0124-C018,fulfilled,1030.84,2026-06-25 23:11:00,2026-06-27 05:03:06.696871
O001864,M0124,5a0014c9-7ad,M0124-C018,fulfilled,868.38,2026-06-28 20:05:00,2026-06-29 02:55:02.498799
O001865,M0124,b2fc9faf-5fb,M0124-C018,fulfilled,306.84,2026-06-25 09:45:00,2026-06-25 22:01:31.057425
O001866,M0124,5d55b454-b00,M0124-C018,cancelled,263.7,2026-06-08 20:48:00,
O001867,M0124,6c15e81a-419,M0124-C019,cancelled,471.01,2026-06-20 17:01:00,
O001868,M0124,a951540a-e61,M0124-C019,cancelled,512.23,2026-06-17 19:21:00,
O001869,M0124,62d5342a-1ba,M0124-C020,fulfilled,653.23,2026-06-14 15:22:00,2026-06-15 11:12:30.116383
O001870,M0124,23245f2b-529,M0124-C020,fulfilled,1275.15,2026-06-10 09:11:00,2026-06-10 13:15:07.582515
O001871,M0124,2f9b9709-9ab,M0124-C021,fulfilled,132.2,2026-06-02 09:50:00,2026-06-02 14:35:09.349216
O001872,M0125,0a8ed039-c6f,M0125-C001,fulfilled,726.51,2026-02-13 17:13:00,2026-02-16 14:53:13.028208
O001873,M0125,0dea7310-e8a,M0125-C003,fulfilled,532.85,2026-03-20 09:16:00,2026-03-26 01:07:41.507841
O001874,M0125,932cb997-92f,M0125-C004,fulfilled,705.11,2026-02-04 10:13:00,2026-02-04 21:21:27.766423
O001875,M0125,5ce839b5-c4f,M0125-C004,fulfilled,269.55,2026-02-18 18:09:00,2026-02-20 13:33:55.625355
O001876,M0125,69d310e0-b61,M0125-C004,fulfilled,508.61,2026-01-16 19:41:00,2026-01-18 10:49:35.879459
O001877,M0125,9c55707a-c78,M0125-C005,fulfilled,436.4,2026-03-20 16:49:00,2026-03-20 23:03:19.842198
O001878,M0125,59052408-7d4,M0125-C006,fulfilled,641.63,2026-03-05 20:44:00,2026-03-07 05:59:37.435718
O001879,M0126,93c2b981-82e,M0126-C000,fulfilled,1426.67,2026-04-08 20:59:00,2026-04-08 21:21:30.517245
O001880,M0126,640308c9-b9d,M0126-C000,fulfilled,334.88,2026-04-09 11:07:00,2026-04-10 12:56:58.119179
O001881,M0126,640308c9-b9d,M0126-C000,fulfilled,334.88,2026-04-09 11:07:00,2026-04-10 12:56:58.119179
O001882,M0126,e4e65f3b-7c7,M0126-C001,fulfilled,849.58,2026-04-24 22:42:00,2026-04-26 14:27:03.385347
O001883,M0126,e1ece9a7-c3b,M0126-C003,fulfilled,1509.79,2026-04-05 17:29:00,2026-04-05 18:05:16.476310
O001884,M0126,c0d0438b-31b,M0126-C003,fulfilled,656.62,2026-05-03 13:34:00,2026-05-04 05:43:32.456965
O001885,M0126,58c7bb05-aae,M0126-C004,fulfilled,198.76,2026-05-05 19:24:00,2026-05-06 15:16:35.446419
O001886,M0127,bf953bb7-884,M0127-C000,fulfilled,530.88,2026-02-10 08:59:00,2026-02-14 11:09:59.692169
O001887,M0127,7ee3ccac-17b,M0127-C001,fulfilled,478.5,2026-02-12 20:56:00,2026-02-13 09:36:47.558610
O001888,M0127,479f3312-6e7,M0127-C002,fulfilled,598.2,2026-02-26 17:18:00,2026-02-26 18:45:32.426691
O001889,M0127,470fe2b8-ff5,M0127-C003,fulfilled,641.63,2026-01-25 16:47:00,2026-01-27 02:07:13.513899
O001890,M0127,b3c666be-826,M0127-C003,fulfilled,692.48,2026-02-21 08:08:00,2026-02-21 17:11:00.420054
O001891,M0127,82c7542c-b66,M0127-C004,fulfilled,251.11,2026-02-25 12:53:00,2026-03-01 22:44:20.900119
O001892,M0127,25b6a787-22e,M0127-C005,fulfilled,831.11,2026-01-19 17:23:00,2026-01-29 18:38:12.001460
O001893,M0127,ddbcf199-a59,M0127-C005,placed,1242.0,2026-02-10 23:12:00,
O001894,M0127,820de101-45c,M0127-C006,fulfilled,429.39,2026-01-15 18:17:00,2026-01-18 06:57:15.530427
O001895,M0127,61bef931-517,M0127-C007,fulfilled,374.97,2026-01-12 12:10:00,2026-01-12 20:35:44.794249
O001896,M0127,f400ff4d-fea,M0127-C009,cancelled,882.91,2026-02-12 14:13:00,
O001897,M0127,9282f6eb-f87,M0127-C011,fulfilled,1013.51,2026-02-03 16:50:00,2026-02-05 09:57:35.610350
O001898,M0127,1872a2e0-791,M0127-C012,fulfilled,380.9,2026-01-22 23:15:00,2026-01-23 02:02:59.025946
O001899,M0127,beb99bbd-765,M0127-C013,fulfilled,181.57,2026-02-25 09:36:00,2026-03-01 06:11:52.752964
O001900,M0127,c9f73a44-f97,M0127-C013,fulfilled,302.13,2026-01-18 18:39:00,2026-01-25 08:33:47.289210
O001901,M0127,cfae4b39-67a,M0127-C014,fulfilled,1415.57,2026-02-07 19:41:00,2026-02-09 14:13:04.520712
O001902,M0127,f27480db-fbb,M0127-C015,fulfilled,699.39,2026-02-26 19:57:00,2026-02-26 20:35:34.969720
O001903,M0127,f4e6c388-675,M0127-C016,fulfilled,1226.73,2026-02-10 19:26:00,2026-02-11 07:12:26.262791
O001904,M0127,f8d76d54-251,M0127-C017,fulfilled,479.41,2026-02-09 10:48:00,2026-02-17 12:49:38.285210
O001905,M0127,9f09f10c-40f,M0127-C018,fulfilled,535.7,2026-02-23 21:59:00,2026-02-24 09:48:55.176921
O001906,M0127,a9d9a9e7-83c,M0127-C021,fulfilled,280.58,2026-02-18 15:23:00,2026-02-18 15:42:20.055443
O001907,M0127,3471349d-d7e,M0127-C022,placed,519.76,2026-02-10 21:33:00,
O001908,M0127,23cdcbbf-9c8,M0127-C022,fulfilled,198.74,2026-02-07 11:29:00,2026-02-12 22:08:17.758511
O001909,M0127,04a1f05f-855,M0127-C023,fulfilled,514.77,2026-01-22 15:04:00,2026-01-25 15:21:39.624748
O001910,M0127,4f28fb66-d02,M0127-C023,fulfilled,576.18,2026-02-12 09:43:00,2026-02-12 10:10:35.230431
O001911,M0127,df9347a0-ce9,M0127-C024,fulfilled,638.71,2026-02-12 08:27:00,2026-02-12 22:29:30.963431
O001912,M0127,1cf23ba9-c4c,M0127-C025,fulfilled,485.04,2026-01-29 10:13:00,2026-01-29 14:51:13.931689
O001913,M0127,66a95a97-c00,M0127-C026,cancelled,231.31,2026-01-25 13:41:00,
O001914,M0127,c5324c4d-0f8,M0127-C026,fulfilled,273.75,2026-02-25 09:49:00,2026-02-25 13:05:34.882494
O001915,M0127,1f088aea-0df,M0127-C027,fulfilled,203.41,2026-02-01 22:01:00,2026-02-02 00:02:16.430074
O001916,M0129,009ce8b1-023,M0129-C000,fulfilled,139.02,2026-02-21 16:56:00,2026-02-22 05:00:28.703622
O001917,M0129,d9b43937-f6c,M0129-C001,fulfilled,697.43,2026-02-21 17:19:00,2026-02-24 05:28:52.179666
O001918,M0130,713b2b1b-a9e,M0130-C001,fulfilled,440.71,2026-03-15 08:24:00,2026-03-16 07:21:52.988860
O001919,M0130,73c7f35f-f62,M0130-C002,fulfilled,455.44,2026-03-13 14:18:00,2026-03-17 17:07:37.031444
O001920,M0130,41dbaac3-3a6,M0130-C003,cancelled,415.65,2026-06-03 21:41:00,
O001921,M0130,5a55efc3-31e,M0130-C003,fulfilled,895.72,2026-05-31 20:17:00,2026-06-01 04:56:05.900462
O001922,M0130,30abc4a3-598,M0130-C004,fulfilled,272.32,2026-04-08 22:50:00,2026-04-12 14:51:55.807172
O001923,M0130,a296ea70-cf4,M0130-C004,fulfilled,868.54,2026-04-30 16:29:00,2026-04-30 23:27:43.888637
O001924,M0130,92206196-97b,M0130-C005,fulfilled,830.14,2026-05-18 17:28:00,2026-05-19 01:54:23.549991
O001925,M0130,9a4eff54-1d6,M0130-C005,fulfilled,1491.16,2026-06-28 11:36:00,2026-06-28 15:58:10.155057
O001926,M0130,6c43dd46-203,M0130-C005,cancelled,416.59,2026-03-04 10:30:00,
O001927,M0130,e65fb6df-16a,M0130-C006,fulfilled,861.25,2026-02-26 09:00:00,2026-02-27 18:41:11.514631
O001928,M0130,f9c331e7-3d1,M0130-C007,fulfilled,645.14,2026-03-20 18:35:00,2026-03-24 00:32:11.331532
O001929,M0130,179dbb9e-cef,M0130-C007,fulfilled,294.88,2026-05-31 20:35:00,2026-06-01 07:48:23.049712
O001930,M0130,eddc8799-ebc,M0130-C007,fulfilled,1268.71,2026-04-16 17:33:00,2026-04-19 03:08:30.950097
O001931,M0130,d1015887-d3a,M0130-C008,fulfilled,263.08,2026-03-19 20:07:00,2026-03-20 15:18:57.657657
O001932,M0130,9f633842-a96,M0130-C011,fulfilled,829.7,2026-06-09 11:36:00,2026-06-12 23:31:13.978993
O001933,M0130,8d8cca49-b8b,M0130-C011,fulfilled,248.63,2026-04-05 08:37:00,2026-04-05 13:55:02.618240
O001934,M0130,a34a3f60-378,M0130-C012,fulfilled,490.78,2026-05-30 10:02:00,2026-06-03 08:20:04.419058
O001935,M0130,0ad0110c-bdd,M0130-C012,fulfilled,517.79,2026-04-14 22:01:00,2026-04-16 07:40:26.290784
O001936,M0130,76107d5d-b08,M0130-C013,fulfilled,378.53,2026-03-01 14:06:00,2026-03-01 19:35:04.717620
O001937,M0130,74ef258d-9b0,M0130-C014,fulfilled,373.17,2026-02-28 13:26:00,2026-03-01 01:00:51.970861
O001938,M0130,2bdbf15f-354,M0130-C015,cancelled,1044.47,2026-06-23 18:07:00,
O001939,M0130,5079bc6e-6cb,M0130-C015,fulfilled,234.24,2026-06-19 10:02:00,2026-06-19 12:26:42.588204
O001940,M0130,79f7f329-326,M0130-C016,fulfilled,349.08,2026-05-24 18:09:00,2026-05-25 02:14:43.899301
O001941,M0130,3f548ec2-74c,M0130-C016,fulfilled,187.28,2026-04-10 11:57:00,2026-04-11 10:14:58.689880
O001942,M0130,ebb0acee-2c4,M0130-C018,fulfilled,416.04,2026-02-25 17:56:00,2026-02-26 08:58:24.777147
O001943,M0130,b24b1602-b21,M0130-C018,fulfilled,350.27,2026-06-28 17:51:00,2026-06-29 19:04:51.730155
O001944,M0130,73145fd1-c7e,M0130-C021,fulfilled,250.77,2026-05-17 22:00:00,2026-05-22 07:27:32.371014
O001945,M0132,f085e800-4d4,M0132-C000,cancelled,441.77,2026-06-12 17:45:00,
O001946,M0132,9ab249d5-b42,M0132-C001,fulfilled,1143.5,2026-05-17 20:13:00,2026-05-23 15:10:17.476431
O001947,M0132,aaa45073-984,M0132-C001,fulfilled,1066.87,2026-05-29 16:05:00,2026-05-31 22:46:30.071187
O001948,M0132,3895bc7d-c87,M0132-C002,cancelled,324.91,2026-04-28 19:30:00,
O001949,M0132,f2a16e58-18b,M0132-C003,fulfilled,623.12,2026-06-08 14:06:00,2026-06-08 20:13:33.502617
O001950,M0132,d5813efb-97e,M0132-C003,fulfilled,89.38,2026-04-19 20:13:00,2026-04-20 07:37:02.649072
O001951,M0132,2b028120-b50,M0132-C003,fulfilled,815.09,2026-04-15 13:17:00,2026-04-17 01:28:53.115683
O001952,M0132,4b013fce-508,M0132-C004,fulfilled,197.75,2026-06-17 18:58:00,2026-06-17 20:47:07.645815
O001953,M0132,d2a4c546-b42,M0132-C004,fulfilled,245.98,2026-05-31 15:48:00,2026-06-04 17:05:17.566118
O001954,M0132,b0db68ab-178,M0132-C004,fulfilled,431.47,2026-05-15 10:49:00,2026-05-17 06:14:50.579575
O001955,M0132,078f4006-37f,M0132-C004,fulfilled,603.4,2026-06-18 11:17:00,2026-06-19 20:47:49.216874
O001956,M0132,fcc61f65-4fb,M0132-C005,fulfilled,393.33,2026-06-03 19:11:00,2026-06-05 10:45:13.812706
O001957,M0132,a2ac803d-9a4,M0132-C006,fulfilled,296.4,2026-04-15 08:20:00,2026-04-23 00:54:15.170353
O001958,M0132,c66128d2-9a2,M0132-C007,fulfilled,272.14,2026-05-29 08:53:00,2026-06-02 06:19:03.857339
O001959,M0132,3c0470b4-c64,M0132-C007,fulfilled,199.95,2026-04-12 22:15:00,2026-04-13 01:17:35.015836
O001960,M0132,012a0147-d3f,M0132-C008,fulfilled,1193.97,2026-05-02 19:42:00,2026-05-03 08:09:32.462589
O001961,M0132,6f8c45da-276,M0132-C009,fulfilled,1003.23,2026-04-12 19:11:00,2026-04-19 18:29:26.876674
O001962,M0132,a986dc6f-180,M0132-C009,fulfilled,502.82,2026-06-13 13:58:00,2026-06-13 16:24:33.151871
O001963,M0132,0fc16ad1-356,M0132-C010,fulfilled,402.86,2026-04-17 14:31:00,2026-04-19 08:51:05.641686
O001964,M0132,210a73b6-aca,M0132-C011,fulfilled,254.35,2026-04-08 21:30:00,2026-04-10 20:23:45.020986
O001965,M0132,630c294d-a9d,M0132-C011,fulfilled,600.08,2026-05-28 20:55:00,2026-05-29 15:14:04.232599
O001966,M0132,921f9fa9-dfe,M0132-C012,fulfilled,155.66,2026-04-13 21:59:00,2026-04-15 00:10:10.515587
O001967,M0132,2bfc61fd-f51,M0132-C014,fulfilled,596.6,2026-04-10 13:14:00,2026-04-10 15:17:39.836038
O001968,M0132,11b47098-f54,M0132-C015,fulfilled,1151.1,2026-05-29 11:03:00,2026-05-31 00:38:18.143541
O001969,M0132,d6436a25-a7f,M0132-C015,placed,148.68,2026-05-09 15:26:00,
O001970,M0132,6f4746f1-561,M0132-C016,fulfilled,308.28,2026-05-04 17:21:00,2026-05-06 13:17:00.907599
O001971,M0132,62f5d3c9-28b,M0132-C017,fulfilled,105.01,2026-05-15 20:30:00,2026-05-24 03:38:26.317484
O001972,M0132,a26988bc-179,M0132-C017,fulfilled,471.14,2026-05-17 16:52:00,2026-05-18 09:00:45.705540
O001973,M0132,6642bfd7-256,M0132-C017,fulfilled,341.7,2026-06-06 09:30:00,2026-06-12 08:14:28.246531
O001974,M0132,5453aebe-742,M0132-C021,fulfilled,149.77,2026-06-04 15:04:00,2026-06-06 18:09:04.886367
O001975,M0132,d000b099-161,M0132-C021,fulfilled,400.71,2026-05-04 19:01:00,2026-05-05 05:20:54.587668
O001976,M0134,ae2978eb-a6b,M0134-C000,fulfilled,483.42,2026-02-25 09:17:00,2026-02-27 15:05:31.533582
O001977,M0134,99469206-c58,M0134-C000,fulfilled,90.72,2026-04-06 21:49:00,2026-04-07 06:15:20.029257
O001978,M0134,19ec5795-d13,M0134-C000,fulfilled,624.68,2026-03-09 20:18:00,2026-03-11 16:48:55.769255
O001979,M0134,130d444e-8c4,M0134-C000,fulfilled,1499.11,2026-01-28 17:50:00,2026-01-28 18:27:24.490158
O001980,M0134,161985cb-8d5,M0134-C001,fulfilled,148.94,2026-03-01 09:45:00,2026-03-01 09:59:26.611770
O001981,M0134,475e7765-93f,M0134-C001,fulfilled,739.93,2026-02-25 16:48:00,2026-02-28 03:34:43.935639
O001982,M0134,623082e0-a26,M0134-C001,fulfilled,370.21,2026-03-11 13:09:00,2026-03-13 15:37:41.725123
O001983,M0134,f541fe29-44a,M0134-C002,fulfilled,406.38,2026-02-23 22:03:00,2026-02-24 15:00:23.190417
O001984,M0134,76e65138-97f,M0134-C003,fulfilled,990.05,2026-03-10 11:04:00,2026-03-13 17:39:39.754607
O001985,M0134,e917e2ea-2fb,M0134-C003,fulfilled,677.87,2026-02-09 16:31:00,2026-02-09 23:42:26.265166
O001986,M0134,e917e2ea-2fb,M0134-C003,fulfilled,677.87,2026-02-09 16:31:00,2026-02-09 23:42:26.265166
O001987,M0134,7c35486d-0f4,M0134-C003,fulfilled,265.04,2026-01-28 23:01:00,2026-01-31 21:08:01.962052
O001988,M0134,983a8bb3-111,M0134-C003,cancelled,238.59,2026-01-25 17:34:00,
O001989,M0135,5c6ceafb-9e6,M0135-C001,fulfilled,326.36,2026-04-27 20:37:00,2026-05-01 00:43:41.916390
O001990,M0135,af031151-020,M0135-C001,fulfilled,557.26,2026-03-27 12:03:00,2026-03-27 15:25:22.639158
O001991,M0135,042cf6b1-121,M0135-C001,fulfilled,727.52,2026-04-06 10:12:00,2026-04-06 13:05:56.489601
O001992,M0135,2adc720e-354,M0135-C002,fulfilled,736.99,2026-05-03 17:19:00,2026-05-04 02:35:59.861230
O001993,M0135,9099af5c-59a,M0135-C002,fulfilled,719.08,2026-04-25 22:08:00,2026-04-26 00:04:57.644424
O001994,M0135,cf0af837-6b5,M0135-C003,fulfilled,788.35,2026-03-24 16:08:00,2026-03-25 11:36:29.501614
O001995,M0135,902ba7c5-d21,M0135-C003,fulfilled,169.31,2026-04-17 12:17:00,2026-04-20 15:04:09.137971
O001996,M0135,2f7bff23-9d5,M0135-C003,fulfilled,566.89,2026-04-03 21:24:00,2026-04-04 03:12:30.713872
O001997,M0135,f34a040d-2e3,M0135-C005,fulfilled,138.18,2026-03-19 18:20:00,2026-03-20 21:17:37.691800
O001998,M0135,9eaf988f-4ca,M0135-C006,fulfilled,528.58,2026-04-01 09:10:00,2026-04-04 03:19:09.960428
O001999,M0135,e4bf5ecd-af0,M0135-C009,fulfilled,194.19,2026-04-14 16:10:00,2026-04-14 16:14:28.440188
O002000,M0135,d7d149b8-53c,M0135-C010,fulfilled,620.38,2026-04-14 12:51:00,2026-04-24 10:04:44.507119
O002001,M0135,cb57d9aa-991,M0135-C010,fulfilled,923.51,2026-05-10 12:45:00,2026-05-13 02:39:56.662685
O002002,M0135,ea445980-3ef,M0135-C012,fulfilled,547.66,2026-03-23 08:18:00,2026-03-27 12:23:50.573658
O002003,M0135,6c86aa87-8c1,M0135-C013,fulfilled,881.97,2026-03-30 17:17:00,2026-03-31 00:42:51.318164
O002004,M0135,0bdd066b-6bf,M0135-C015,fulfilled,372.24,2026-05-09 15:24:00,2026-05-16 21:59:41.518586
O002005,M0135,cef840b6-732,M0135-C016,fulfilled,660.86,2026-03-21 08:20:00,2026-03-25 01:23:33.135050
O002006,M0135,03c0e7b9-7a5,M0135-C016,fulfilled,767.18,2026-05-20 12:51:00,2026-05-21 10:08:11.038276
O002007,M0135,b4641db4-613,M0135-C016,fulfilled,622.44,2026-05-10 10:04:00,2026-05-11 21:53:35.706201
O002008,M0135,1dcbd4ea-2aa,M0135-C017,fulfilled,313.79,2026-05-21 22:08:00,2026-05-22 02:50:50.334316
O002009,M0135,643e0977-c98,M0135-C017,fulfilled,190.97,2026-05-02 19:33:00,2026-05-04 02:04:52.523185
O002010,M0135,7a6c33af-b76,M0135-C017,fulfilled,717.45,2026-04-04 08:21:00,2026-04-15 22:07:35.595416
O002011,M0135,50b418a6-161,M0135-C018,fulfilled,242.5,2026-04-26 20:29:00,2026-04-27 21:32:34.168089
O002012,M0135,d4b064a5-66e,M0135-C019,fulfilled,328.29,2026-04-19 21:40:00,2026-04-20 02:40:17.002478
O002013,M0135,12096379-e30,M0135-C020,fulfilled,401.19,2026-03-18 20:26:00,2026-03-19 05:38:12.575139
O002014,M0135,06fab17d-7a2,M0135-C021,fulfilled,297.58,2026-04-03 08:50:00,2026-04-04 09:08:32.263200
O002015,M0135,991bd892-a95,M0135-C022,placed,368.45,2026-04-14 21:05:00,
O002016,M0135,f381a571-159,M0135-C023,fulfilled,263.3,2026-03-28 20:53:00,2026-03-29 15:30:21.433932
O002017,M0135,546d6f41-e01,M0135-C023,fulfilled,500.99,2026-04-21 18:59:00,2026-04-23 03:45:53.033668
O002018,M0135,bd12a0e9-1ad,M0135-C024,fulfilled,451.64,2026-04-07 11:17:00,2026-04-14 13:17:49.320244
O002019,M0136,f1c508ed-f22,M0136-C002,fulfilled,437.82,2026-05-24 12:04:00,2026-05-31 00:22:58.244794
O002020,M0136,413fe01a-3bd,M0136-C003,fulfilled,824.08,2026-06-19 09:22:00,2026-06-19 13:55:16.169969
O002021,M0136,a469c1a9-15c,M0136-C003,fulfilled,734.31,2026-05-17 15:53:00,2026-05-18 03:50:45.893483
O002022,M0136,caf8a6f8-66e,M0136-C004,fulfilled,211.13,2026-05-10 16:03:00,2026-05-10 19:35:00.329584
O002023,M0136,7e84a40e-e4f,M0136-C004,fulfilled,197.05,2026-05-11 20:11:00,2026-05-18 16:01:33.483821
O002024,M0136,40788f08-b2b,M0136-C004,fulfilled,816.56,2026-05-29 18:26:00,2026-05-31 20:01:34.921459
O002025,M0136,d6bf1a81-f00,M0136-C005,fulfilled,1265.64,2026-06-30 20:37:00,2026-07-01 16:46:02.201620
O002026,M0136,e7794f2c-937,M0136-C005,fulfilled,549.58,2026-04-20 21:11:00,2026-04-20 22:58:32.395385
O002027,M0137,cd40e97b-e57,M0137-C000,fulfilled,473.02,2026-03-04 12:17:00,2026-03-14 21:11:11.803285
O002028,M0138,8cdbe97b-e1e,M0138-C000,fulfilled,926.89,2026-04-22 08:33:00,2026-05-02 00:32:49.351449
O002029,M0138,f536cfa9-2c8,M0138-C002,fulfilled,775.58,2026-03-16 14:45:00,2026-03-22 01:04:49.443605
O002030,M0138,d2a65c0f-0ec,M0138-C003,fulfilled,1183.49,2026-05-22 16:10:00,2026-05-23 02:56:57.704284
O002031,M0139,cb6aafac-aa8,M0139-C000,cancelled,488.52,2026-04-08 18:54:00,
O002032,M0139,9b27b2c8-1b9,M0139-C001,fulfilled,1321.15,2026-05-10 20:27:00,2026-05-10 23:26:43.393142
O002033,M0139,ad905472-b48,M0139-C001,fulfilled,862.28,2026-04-09 21:12:00,2026-04-12 20:35:07.312760
O002034,M0139,96d9a51e-5d9,M0139-C001,fulfilled,243.28,2026-03-07 11:02:00,2026-03-08 13:47:36.122772
O002035,M0139,108a4e5f-c1e,M0139-C002,fulfilled,337.66,2026-03-21 18:50:00,2026-03-22 20:34:22.241625
O002036,M0139,26c44644-cd0,M0139-C002,fulfilled,224.38,2026-05-27 10:19:00,2026-05-30 12:19:19.111945
O002037,M0139,147fcbab-978,M0139-C003,fulfilled,440.15,2026-05-28 19:08:00,2026-05-28 21:09:50.001709
O002038,M0139,a723d864-087,M0139-C003,fulfilled,522.83,2026-05-11 15:55:00,2026-05-11 18:11:43.055973
O002039,M0139,a71f5991-bf7,M0139-C003,fulfilled,637.22,2026-05-12 22:06:00,2026-05-13 08:57:13.896071
O002040,M0139,087ea0ef-196,M0139-C003,placed,272.71,2026-04-25 21:11:00,
O002041,M0140,235c5f30-a90,M0140-C000,fulfilled,610.55,2026-06-08 21:45:00,2026-06-09 16:22:30.548417
O002042,M0140,e273241c-fcb,M0140-C000,fulfilled,472.01,2026-05-06 15:32:00,2026-05-07 19:41:26.499440
O002043,M0140,837f8add-15d,M0140-C001,fulfilled,913.17,2026-04-17 19:18:00,2026-04-17 19:57:44.395390
O002044,M0140,ff999309-a23,M0140-C003,cancelled,279.0,2026-05-29 12:34:00,
O002045,M0140,eef713e4-e6d,M0140-C004,fulfilled,203.75,2026-05-09 08:46:00,2026-05-09 09:50:54.975551
O002046,M0140,127ff229-1b6,M0140-C004,fulfilled,632.09,2026-04-23 23:03:00,2026-04-24 13:15:24.778296
O002047,M0140,8299cc0e-357,M0140-C004,fulfilled,1062.07,2026-05-16 16:18:00,2026-05-17 18:13:10.781370
O002048,M0140,222b7ef5-f5a,M0140-C004,placed,573.0,2026-05-26 20:39:00,
O002049,M0140,e29fe799-1aa,M0140-C004,fulfilled,875.35,2026-04-14 08:19:00,2026-04-16 12:33:43.396520
O002050,M0141,88cf002e-3f3,M0141-C000,fulfilled,495.38,2026-02-02 21:42:00,2026-02-05 15:37:06.109730
O002051,M0141,d1c64ead-78b,M0141-C001,fulfilled,743.83,2026-01-26 14:20:00,2026-01-30 09:55:14.181521
O002052,M0141,896050de-ee2,M0141-C002,fulfilled,1083.78,2026-02-04 17:52:00,2026-02-05 16:19:07.331373
O002053,M0142,be93052b-e3f,M0142-C000,cancelled,421.07,2026-02-25 14:57:00,
O002054,M0142,3cefbd30-91c,M0142-C001,fulfilled,959.06,2026-02-10 09:01:00,2026-02-10 22:35:53.847023
O002055,M0142,8ded8aa3-e40,M0142-C002,fulfilled,991.52,2026-02-23 17:06:00,2026-02-27 02:17:20.352664
O002056,M0142,ff101f27-eb1,M0142-C003,fulfilled,679.76,2026-02-16 10:26:00,2026-02-16 17:35:45.792632
O002057,M0142,c2af13e7-633,M0142-C004,fulfilled,857.76,2026-02-17 20:30:00,2026-02-20 06:35:21.058629
O002058,M0142,faa2822b-5b2,M0142-C004,fulfilled,1315.11,2026-02-22 09:32:00,2026-02-22 16:23:10.427241
O002059,M0142,d3a7d144-f4c,M0142-C005,fulfilled,189.7,2026-02-28 15:42:00,2026-03-01 02:36:27.578942
O002060,M0142,b2a16304-8f3,M0142-C006,fulfilled,64.37,2026-02-13 22:38:00,2026-02-16 05:44:08.243028
O002061,M0142,b2a16304-8f3,M0142-C006,fulfilled,64.37,2026-02-13 22:38:00,2026-02-16 05:44:08.243028
O002062,M0142,80b8ff95-320,M0142-C010,fulfilled,847.32,2026-02-14 13:31:00,2026-02-15 04:37:22.573663
O002063,M0142,63fa676f-47f,M0142-C012,fulfilled,644.87,2026-02-09 14:58:00,2026-02-11 04:16:57.315680
O002064,M0142,ed473b8a-bc8,M0142-C013,fulfilled,676.56,2026-02-16 17:11:00,2026-02-16 17:37:49.126234
O002065,M0142,2da615c6-921,M0142-C013,fulfilled,533.44,2026-02-26 18:16:00,2026-02-27 00:43:08.580370
O002066,M0142,76184e4d-07f,M0142-C013,fulfilled,1147.89,2026-02-18 20:32:00,2026-02-19 01:17:06.801925
O002067,M0142,145c365f-e08,M0142-C015,fulfilled,336.18,2026-02-12 15:26:00,2026-02-15 18:04:40.402374
O002068,M0142,f3a26f5e-696,M0142-C015,fulfilled,269.15,2026-02-10 22:35:00,2026-02-13 20:04:09.354406
O002069,M0142,245cd78e-b1d,M0142-C015,fulfilled,660.73,2026-02-18 11:54:00,2026-02-19 00:19:00.771247
O002070,M0142,ba3e6f5e-fbd,M0142-C019,fulfilled,1330.78,2026-02-15 08:27:00,2026-02-17 04:49:53.497922
O002071,M0142,5f21f424-815,M0142-C020,fulfilled,853.89,2026-02-21 17:51:00,2026-02-25 09:42:29.691238
O002072,M0142,65e72bfc-a40,M0142-C021,fulfilled,594.71,2026-02-22 23:03:00,2026-02-23 16:23:41.232295
O002073,M0142,9457ac30-399,M0142-C022,fulfilled,883.17,2026-02-22 10:29:00,2026-02-23 06:56:42.398448
O002074,M0143,d2da6dbc-436,M0143-C002,fulfilled,387.88,2026-04-02 10:40:00,2026-04-02 17:39:34.223547
O002075,M0143,dde8774b-747,M0143-C002,fulfilled,763.83,2026-03-14 18:22:00,2026-03-15 15:27:30.363918
O002076,M0143,058ba8a7-0c2,M0143-C003,fulfilled,606.42,2026-03-12 21:16:00,2026-03-13 05:42:45.415448
O002077,M0143,f988f5bf-74c,M0143-C004,fulfilled,202.35,2026-03-25 13:06:00,2026-03-25 20:06:16.245461
O002078,M0143,bf9bef8c-588,M0143-C004,fulfilled,516.49,2026-01-30 19:04:00,2026-01-31 23:41:23.802053
O002079,M0143,9203630e-6fa,M0143-C005,fulfilled,493.05,2026-02-19 17:08:00,2026-02-19 19:59:41.981285
O002080,M0143,aca5494d-e37,M0143-C006,fulfilled,490.08,2026-02-18 13:19:00,2026-02-19 14:41:36.575951
O002081,M0143,150b1b65-840,M0143-C006,fulfilled,296.79,2026-03-17 22:53:00,2026-03-18 09:45:05.313100
O002082,M0143,59ce53dd-ca0,M0143-C006,fulfilled,335.56,2026-02-05 09:47:00,2026-02-05 19:58:28.167840
O002083,M0143,1efab4b9-f00,M0143-C008,fulfilled,606.56,2026-02-22 22:18:00,2026-02-25 02:22:30.680560
O002084,M0143,9155985f-ce6,M0143-C009,fulfilled,225.38,2026-03-20 22:24:00,2026-03-21 07:20:16.780384
O002085,M0143,55cabaf3-167,M0143-C009,placed,594.42,2026-02-14 08:52:00,
O002086,M0143,5932febf-858,M0143-C010,fulfilled,306.63,2026-03-04 09:12:00,2026-03-05 03:01:56.332430
O002087,M0143,6117ab35-4a7,M0143-C012,fulfilled,504.2,2026-02-15 08:15:00,2026-02-15 12:05:57.254326
O002088,M0143,27b40eab-134,M0143-C012,fulfilled,375.32,2026-04-02 14:28:00,2026-04-08 05:18:56.271109
O002089,M0143,f0e06c57-c28,M0143-C017,fulfilled,254.65,2026-02-24 19:53:00,2026-03-05 01:44:21.819273
O002090,M0143,1f28efef-0a1,M0143-C018,fulfilled,1055.31,2026-03-02 19:02:00,2026-03-03 11:45:54.118848
O002091,M0143,1b5567e0-55a,M0143-C019,fulfilled,455.72,2026-03-08 20:50:00,2026-03-09 00:58:17.151872
O002092,M0143,e291cac3-ad8,M0143-C020,cancelled,760.62,2026-03-18 21:43:00,
O002093,M0143,dc68f7cf-e06,M0143-C020,fulfilled,609.22,2026-02-28 20:29:00,2026-03-04 10:03:07.617429
O002094,M0143,853648a5-cfd,M0143-C020,fulfilled,280.3,2026-04-10 14:34:00,2026-04-10 23:48:49.468585
O002095,M0143,e8034ade-139,M0143-C020,fulfilled,1294.15,2026-04-08 18:27:00,2026-04-09 11:31:35.993398
O002096,M0143,0bc60a25-cee,M0143-C021,fulfilled,1418.39,2026-02-05 22:50:00,2026-02-08 07:14:08.586171
O002097,M0143,08a6c9cb-178,M0143-C021,fulfilled,772.87,2026-03-15 19:40:00,2026-03-17 12:59:00.095504
O002098,M0143,1dfc2f65-205,M0143-C021,fulfilled,909.8,2026-03-25 19:55:00,2026-03-26 13:44:47.644263
O002099,M0143,8dd9a0df-421,M0143-C022,fulfilled,326.25,2026-04-04 12:30:00,2026-04-04 21:21:01.557442
O002100,M0143,201f7898-1e8,M0143-C022,fulfilled,1612.87,2026-03-20 10:41:00,2026-03-21 06:30:28.293912
O002101,M0143,506caccc-dbe,M0143-C023,fulfilled,934.31,2026-04-07 10:35:00,2026-04-07 16:23:15.177207
O002102,M0143,3359ed69-101,M0143-C024,fulfilled,887.09,2026-02-21 18:06:00,2026-02-26 03:33:52.604496
O002103,M0143,d7063fbe-b27,M0143-C024,cancelled,622.76,2026-02-20 17:20:00,
O002104,M0144,22e7bd80-575,M0144-C000,fulfilled,734.47,2026-05-02 14:25:00,2026-05-04 03:56:31.917450
O002105,M0144,1173d041-c0d,M0144-C000,fulfilled,201.81,2026-01-16 13:00:00,2026-01-20 20:03:02.877267
O002106,M0144,21beea45-0af,M0144-C000,fulfilled,142.23,2026-03-04 09:32:00,2026-03-06 01:32:14.837560
O002107,M0144,fbd0402d-c51,M0144-C000,fulfilled,1037.24,2026-02-04 09:06:00,2026-02-12 03:12:46.338437
O002108,M0144,80c89867-60d,M0144-C002,fulfilled,512.2,2026-02-07 17:15:00,2026-02-07 22:21:42.846893
O002109,M0144,373cc3ff-27e,M0144-C003,fulfilled,483.52,2026-05-03 22:09:00,2026-05-04 17:23:08.793210
O002110,M0144,13910870-da4,M0144-C007,fulfilled,349.81,2026-04-15 13:01:00,2026-04-15 22:34:53.607794
O002111,M0144,8448789c-22a,M0144-C008,fulfilled,143.4,2026-05-16 19:14:00,2026-05-16 23:35:41.698341
O002112,M0144,d36fb92d-472,M0144-C008,fulfilled,1479.39,2026-04-18 15:40:00,2026-04-24 03:15:54.000132
O002113,M0144,cacdfad6-0f9,M0144-C009,fulfilled,682.16,2026-05-17 14:11:00,2026-05-18 09:52:36.726948
O002114,M0144,2350449d-0a0,M0144-C009,fulfilled,843.97,2026-05-22 17:46:00,2026-05-24 09:51:46.159887
O002115,M0144,b1c88a76-bd9,M0144-C011,fulfilled,1234.61,2026-03-25 20:33:00,2026-03-26 12:09:03.601039
O002116,M0144,a3419afd-0e0,M0144-C011,fulfilled,789.54,2026-05-24 21:33:00,2026-05-26 18:04:51.454723
O002117,M0144,75ba5657-ace,M0144-C011,fulfilled,401.76,2026-05-10 17:54:00,2026-05-12 08:37:03.732713
O002118,M0144,3f0df37b-867,M0144-C012,fulfilled,519.86,2026-04-20 19:19:00,2026-04-24 03:09:05.961614
O002119,M0144,a175368c-daf,M0144-C012,fulfilled,201.43,2026-03-28 19:36:00,2026-04-01 17:03:19.644233
O002120,M0144,7705535c-13b,M0144-C013,fulfilled,520.73,2026-05-28 14:55:00,2026-06-01 10:26:15.180659
O002121,M0144,045329bf-3a3,M0144-C013,fulfilled,519.38,2026-02-01 18:20:00,2026-02-07 22:12:55.598080
O002122,M0144,dc813a03-165,M0144-C013,placed,897.48,2026-04-12 11:43:00,
O002123,M0144,74451627-5c9,M0144-C014,cancelled,358.49,2026-06-19 09:12:00,
O002124,M0144,b19bf6fb-721,M0144-C014,fulfilled,474.79,2026-04-04 16:08:00,2026-04-06 02:16:55.163935
O002125,M0144,2bf99422-f3d,M0144-C014,fulfilled,655.34,2026-02-09 12:31:00,2026-02-10 08:11:08.785992
O002126,M0144,995d5364-579,M0144-C014,fulfilled,1016.77,2026-05-29 12:32:00,2026-05-31 18:07:01.872025
O002127,M0144,79dd234b-a68,M0144-C015,fulfilled,359.48,2026-01-29 14:49:00,2026-01-31 06:08:28.498851
O002128,M0144,4665fc7b-b85,M0144-C019,fulfilled,473.34,2026-03-15 19:24:00,2026-03-21 00:41:40.193615
O002129,M0145,1525af65-adc,M0145-C000,fulfilled,939.65,2026-01-05 17:05:00,2026-01-06 04:44:46.501023
O002130,M0145,5bb571bf-2dc,M0145-C000,fulfilled,407.35,2026-01-07 14:45:00,2026-01-09 21:44:02.373878
O002131,M0145,cf808b09-3e5,M0145-C001,fulfilled,593.14,2026-01-22 13:09:00,2026-01-25 03:40:57.123599
O002132,M0145,54847455-04a,M0145-C002,fulfilled,129.16,2026-01-14 16:07:00,2026-01-22 15:55:23.792008
O002133,M0145,68086b03-403,M0145-C002,fulfilled,1579.81,2026-01-15 11:25:00,2026-01-23 10:56:14.549349
O002134,M0145,a4397964-ae9,M0145-C003,fulfilled,535.61,2026-01-19 14:51:00,2026-01-22 00:01:25.382194
O002135,M0145,aba170fc-e00,M0145-C003,fulfilled,390.85,2026-01-16 08:33:00,2026-01-26 05:08:11.860727
O002136,M0145,199650e4-fef,M0145-C004,fulfilled,296.76,2026-01-07 21:16:00,2026-01-07 22:13:43.070711
O002137,M0145,e441bd1e-3f5,M0145-C004,fulfilled,375.11,2026-01-07 18:00:00,2026-01-08 02:04:55.825100
O002138,M0145,09fde4fd-176,M0145-C004,fulfilled,677.34,2026-01-17 12:10:00,2026-01-17 12:31:42.772320
O002139,M0145,e99da2c8-e06,M0145-C005,fulfilled,555.63,2026-01-02 16:47:00,2026-01-03 12:05:18.810066
O002140,M0145,696a1fb0-9d4,M0145-C007,fulfilled,245.49,2026-01-20 16:51:00,2026-01-20 17:26:36.060319
O002141,M0145,66cc9691-36a,M0145-C007,fulfilled,417.94,2026-01-04 19:00:00,2026-01-04 23:33:16.308055
O002142,M0145,13252849-9c2,M0145-C008,fulfilled,535.72,2026-01-02 14:41:00,2026-01-02 21:25:09.660940
O002143,M0145,b2399151-2b4,M0145-C009,fulfilled,363.3,2026-01-16 11:09:00,2026-01-17 21:06:14.309238
O002144,M0145,b2399151-2b4,M0145-C009,fulfilled,363.3,2026-01-16 11:09:00,2026-01-17 21:06:14.309238
O002145,M0145,c6fe29c6-a6d,M0145-C010,cancelled,215.2,2026-01-09 17:07:00,
O002146,M0145,2898e28a-d1e,M0145-C010,fulfilled,576.91,2026-01-06 20:58:00,2026-01-09 21:34:13.021625
O002147,M0145,8b08505e-72c,M0145-C012,cancelled,937.16,2026-01-18 17:59:00,
O002148,M0145,58c7bd34-bc4,M0145-C013,fulfilled,507.93,2026-01-14 19:13:00,2026-01-14 21:43:00.927512
O002149,M0145,a1e63816-35d,M0145-C013,cancelled,277.76,2026-01-23 11:14:00,
O002150,M0145,c70a316b-518,M0145-C014,cancelled,724.08,2026-01-15 18:34:00,
O002151,M0145,f12057be-8fc,M0145-C014,fulfilled,99.91,2026-01-03 11:19:00,2026-01-07 22:54:13.382665
O002152,M0145,ed7b67e0-2db,M0145-C014,fulfilled,1022.12,2026-01-16 10:42:00,2026-01-16 12:24:38.724177
O002153,M0145,b60354d0-d22,M0145-C015,fulfilled,606.62,2026-01-07 19:05:00,2026-01-08 04:32:23.215481
O002154,M0145,86b4c361-0aa,M0145-C016,fulfilled,251.55,2026-01-23 21:06:00,2026-01-25 10:50:49.052993
O002155,M0146,cd09e814-d4a,M0146-C000,fulfilled,273.77,2026-06-09 15:43:00,2026-06-10 21:00:30.293161
O002156,M0146,28f9cdfb-090,M0146-C001,fulfilled,291.07,2026-03-26 19:02:00,2026-03-28 16:29:48.610961
O002157,M0146,9a6c47fe-4bc,M0146-C003,fulfilled,758.13,2026-04-30 16:44:00,2026-05-02 00:49:31.533557
O002158,M0146,61d2a157-4ce,M0146-C003,fulfilled,836.73,2026-06-22 12:56:00,2026-06-23 14:59:21.260931
O002159,M0146,cb7479ba-1c5,M0146-C004,fulfilled,170.11,2026-04-26 10:49:00,2026-04-26 16:15:31.673145
O002160,M0146,5a58bd84-176,M0146-C004,fulfilled,966.19,2026-05-16 13:21:00,2026-05-19 10:18:29.028732
O002161,M0147,fc44a49f-0b8,M0147-C002,placed,271.17,2026-02-08 17:06:00,
O002162,M0147,03849525-eac,M0147-C003,fulfilled,807.63,2026-04-16 12:51:00,2026-04-25 20:16:33.081921
O002163,M0148,d285782f-666,M0148-C000,cancelled,693.33,2026-03-24 13:30:00,
O002164,M0148,710b3a04-adb,M0148-C000,fulfilled,892.66,2026-03-21 10:20:00,2026-03-22 22:05:53.557902
O002165,M0148,2cd9a966-117,M0148-C001,fulfilled,514.16,2026-03-29 22:13:00,2026-03-30 00:22:42.160421
O002166,M0148,8cf5ceac-abc,M0148-C001,fulfilled,254.62,2026-03-16 10:51:00,2026-03-16 19:23:24.390427
O002167,M0148,a2c032f3-fdb,M0148-C002,fulfilled,558.3,2026-03-13 10:46:00,2026-03-13 23:47:25.153474
O002168,M0148,eeb2c189-872,M0148-C002,fulfilled,486.81,2026-03-12 08:37:00,2026-03-12 19:44:11.120359
O002169,M0148,bdc78687-407,M0148-C002,fulfilled,35.63,2026-03-10 16:18:00,2026-03-12 02:03:27.630557
O002170,M0148,22348055-8eb,M0148-C002,fulfilled,831.69,2026-03-21 10:25:00,2026-03-23 04:48:33.870612
O002171,M0148,def1b856-942,M0148-C002,fulfilled,410.26,2026-03-27 18:18:00,2026-03-28 07:17:31.655245
O002172,M0148,d0982d49-b13,M0148-C002,fulfilled,717.8,2026-03-25 11:31:00,2026-03-25 12:20:31.668196
O002173,M0148,d2956699-913,M0148-C003,fulfilled,524.92,2026-03-21 08:28:00,2026-03-21 11:54:13.320061
O002174,M0148,8c353156-8b7,M0148-C004,fulfilled,323.33,2026-03-16 22:42:00,2026-03-18 03:34:21.332735
O002175,M0148,36cd304c-468,M0148-C005,fulfilled,786.99,2026-03-17 12:18:00,2026-03-19 00:04:52.369456
O002176,M0148,292b029a-864,M0148-C005,cancelled,277.81,2026-03-20 10:56:00,
O002177,M0148,ab9d7d35-c1d,M0148-C006,fulfilled,778.35,2026-03-15 21:21:00,2026-03-16 19:21:21.473318
O002178,M0149,b82dd0cd-6d3,M0149-C002,fulfilled,713.56,2026-03-05 10:09:00,2026-03-05 10:10:31.066324
O002179,M0150,0c0c8fbf-cfb,M0150-C000,fulfilled,1088.47,2026-01-04 18:13:00,2026-01-05 13:01:05.261043
O002180,M0150,3ec96b86-7dc,M0150-C001,fulfilled,197.82,2026-01-30 18:11:00,2026-01-31 00:16:06.472394
O002181,M0150,090d8e6a-05c,M0150-C001,fulfilled,270.09,2026-03-04 12:48:00,2026-03-05 07:28:54.400107
O002182,M0150,14e400a9-055,M0150-C001,cancelled,499.63,2026-01-11 22:38:00,
O002183,M0150,d4b108ad-0b2,M0150-C003,fulfilled,795.51,2026-01-22 12:06:00,2026-01-23 16:06:44.418002
O002184,M0151,d8c424b0-b02,M0151-C001,fulfilled,1256.47,2026-06-10 15:18:00,2026-06-12 01:34:35.136070
O002185,M0152,31d24ca0-547,M0152-C000,fulfilled,1655.22,2026-05-31 09:54:00,2026-06-04 08:52:10.682805
O002186,M0153,657df58b-3bd,M0153-C001,fulfilled,1768.67,2026-06-18 15:03:00,2026-06-18 18:02:03.920717
O002187,M0153,dcbd69bc-fc9,M0153-C001,fulfilled,552.77,2026-06-02 14:40:00,2026-06-02 21:06:53.337918
O002188,M0153,e0042bfc-8f3,M0153-C004,fulfilled,393.07,2026-02-26 14:06:00,2026-02-27 20:50:11.609450
O002189,M0155,b1f07059-f7c,M0155-C000,fulfilled,1235.76,2026-02-05 14:01:00,2026-02-10 07:30:04.938339
O002190,M0155,e33fbafc-6b4,M0155-C002,fulfilled,1232.09,2026-02-13 16:34:00,2026-02-17 05:30:05.749518
O002191,M0155,1eabe030-bda,M0155-C003,fulfilled,311.09,2026-02-17 15:35:00,2026-02-18 12:08:38.286033
O002192,M0155,14e9406c-ad7,M0155-C003,fulfilled,1044.03,2026-01-31 14:40:00,2026-02-01 00:04:19.830772
O002193,M0155,d5942fbd-71a,M0155-C004,fulfilled,184.73,2026-02-05 19:47:00,2026-02-09 05:03:58.044150
O002194,M0155,9a4be2d6-aff,M0155-C004,fulfilled,395.8,2026-02-02 21:21:00,2026-02-03 00:01:55.904951
O002195,M0155,35f46fae-56c,M0155-C005,placed,505.94,2026-01-27 17:00:00,
O002196,M0155,886737f0-8a0,M0155-C005,fulfilled,1562.44,2026-02-15 10:06:00,2026-02-15 10:49:07.539314
O002197,M0155,59cf6033-860,M0155-C006,fulfilled,320.85,2026-02-15 19:57:00,2026-02-19 15:17:53.007091
O002198,M0155,ff743a57-685,M0155-C006,fulfilled,349.19,2026-01-29 09:17:00,2026-02-01 04:57:48.708505
O002199,M0155,91dac66e-54d,M0155-C007,fulfilled,194.1,2026-02-06 16:09:00,2026-02-07 21:34:33.707713
O002200,M0155,a6eaadae-ab3,M0155-C008,fulfilled,1009.02,2026-02-06 11:39:00,2026-02-07 17:28:14.877024
O002201,M0155,4c688460-9b5,M0155-C010,fulfilled,615.31,2026-02-05 15:07:00,2026-02-07 00:19:25.423860
O002202,M0155,ed472ec3-f0f,M0155-C011,fulfilled,180.77,2026-02-14 12:39:00,2026-02-14 14:08:20.892880
O002203,M0155,d95aec5f-a2b,M0155-C011,fulfilled,494.33,2026-02-05 08:26:00,2026-02-05 08:56:08.333787
O002204,M0155,5e3a7587-af9,M0155-C011,fulfilled,598.58,2026-02-10 08:30:00,2026-02-11 05:06:10.137873
O002205,M0155,5e3816bc-ed6,M0155-C013,fulfilled,339.54,2026-02-03 18:13:00,2026-02-06 07:51:11.265295
O002206,M0155,b3700d1a-617,M0155-C014,fulfilled,281.84,2026-01-31 08:49:00,2026-02-11 09:32:50.906416
O002207,M0155,a052543b-0d7,M0155-C014,fulfilled,255.02,2026-02-07 17:49:00,2026-02-08 18:33:39.649497
O002208,M0155,ca445880-5ae,M0155-C014,fulfilled,1606.2,2026-02-07 12:13:00,2026-02-14 02:18:14.699666
O002209,M0155,eae197d4-450,M0155-C015,cancelled,472.65,2026-02-16 21:13:00,
O002210,M0155,de58f6b5-a89,M0155-C016,fulfilled,795.99,2026-02-07 23:02:00,2026-02-08 01:39:58.635428
O002211,M0155,1c684874-1f4,M0155-C016,fulfilled,256.42,2026-02-17 13:35:00,2026-02-19 00:41:24.815211
O002212,M0155,bbc555e6-3bf,M0155-C016,cancelled,902.45,2026-02-13 17:28:00,
O002213,M0155,5955e95b-08c,M0155-C017,fulfilled,390.61,2026-02-07 16:23:00,2026-02-11 06:44:00.015537
O002214,M0155,6e261cfb-82d,M0155-C019,fulfilled,1023.52,2026-02-09 09:56:00,2026-02-09 23:40:01.205570
O002215,M0155,0b76a677-edd,M0155-C020,fulfilled,915.94,2026-01-27 09:24:00,2026-01-29 04:49:47.885289
O002216,M0156,4caaf316-250,M0156-C001,fulfilled,627.51,2026-03-05 17:35:00,2026-03-05 23:33:42.443695
O002217,M0156,3131d479-199,M0156-C001,cancelled,544.76,2026-04-08 12:58:00,
O002218,M0156,90c9ef46-6f9,M0156-C002,placed,314.5,2026-06-28 22:31:00,
O002219,M0156,2e3418c2-ebf,M0156-C002,fulfilled,933.51,2026-03-24 19:48:00,2026-03-25 11:27:14.214517
O002220,M0156,c417aec1-894,M0156-C003,fulfilled,582.91,2026-06-06 15:34:00,2026-06-06 23:29:19.022513
O002221,M0156,2d47b57d-ec7,M0156-C005,fulfilled,985.3,2026-01-08 17:39:00,2026-01-09 12:10:40.934288
O002222,M0156,7c88c86f-6b5,M0156-C005,fulfilled,222.34,2026-06-27 19:54:00,2026-06-28 14:12:43.274790
O002223,M0156,c631d1b7-712,M0156-C005,fulfilled,226.74,2026-02-25 20:50:00,2026-03-05 18:44:51.636142
O002224,M0156,0b495029-e99,M0156-C006,fulfilled,53.2,2026-02-05 13:28:00,2026-02-12 00:01:10.897090
O002225,M0156,621cc875-a99,M0156-C007,placed,575.94,2026-06-18 10:31:00,
O002226,M0156,ee58b5b6-cb9,M0156-C007,fulfilled,438.53,2026-05-03 22:21:00,2026-05-04 06:31:12.454889
O002227,M0156,ded860b8-1ba,M0156-C007,placed,343.48,2026-02-28 19:39:00,
O002228,M0156,1d5bf0bc-13a,M0156-C008,fulfilled,598.71,2026-02-17 08:45:00,2026-02-17 17:53:01.235068
O002229,M0156,89fe850f-b7b,M0156-C009,fulfilled,315.78,2026-01-20 17:42:00,2026-01-21 08:34:36.499789
O002230,M0156,6baf8781-5c1,M0156-C010,fulfilled,73.58,2026-01-23 14:04:00,2026-01-26 08:15:56.659959
O002231,M0156,1f9607b9-4ed,M0156-C010,cancelled,359.71,2026-02-03 22:39:00,
O002232,M0156,ec281b7e-431,M0156-C010,fulfilled,591.4,2026-03-25 14:56:00,2026-03-26 01:06:41.883154
O002233,M0156,1ccdd3a4-c7c,M0156-C011,fulfilled,329.21,2026-06-10 09:20:00,2026-06-11 15:10:45.723056
O002234,M0156,619f95f4-b3f,M0156-C012,placed,876.34,2026-02-18 20:53:00,
O002235,M0156,23d36b3e-48d,M0156-C014,fulfilled,614.39,2026-05-10 20:29:00,2026-05-11 11:37:03.388955
O002236,M0156,21765149-b5b,M0156-C018,fulfilled,191.56,2026-03-23 17:50:00,2026-03-24 06:51:43.304164
O002237,M0156,8b6f2a47-6b0,M0156-C018,fulfilled,428.84,2026-06-24 16:05:00,2026-06-24 17:55:16.739591
O002238,M0156,11660570-1c3,M0156-C019,fulfilled,939.28,2026-02-07 21:36:00,2026-02-08 01:56:50.410318
O002239,M0156,adfa3686-ef4,M0156-C019,fulfilled,657.47,2026-02-26 10:16:00,2026-02-28 07:06:49.777337
O002240,M0157,1cf0ae61-ee8,M0157-C000,fulfilled,385.66,2026-05-07 16:55:00,2026-05-08 15:09:06.830144
O002241,M0157,cf4e90e1-9ff,M0157-C003,fulfilled,646.3,2026-04-03 22:02:00,2026-04-04 04:36:21.839152
O002242,M0157,ed2eaef7-215,M0157-C003,fulfilled,466.3,2026-04-13 15:02:00,2026-04-14 12:54:28.010177
O002243,M0158,bf379c8e-b4a,M0158-C000,fulfilled,215.44,2026-01-30 15:51:00,2026-02-01 04:19:36.837173
O002244,M0158,540b87ac-53f,M0158-C001,fulfilled,232.47,2026-02-01 17:54:00,2026-02-04 09:43:12.389099
O002245,M0158,e6199fdb-a7a,M0158-C002,fulfilled,349.71,2026-02-12 17:08:00,2026-02-12 19:38:26.195845
O002246,M0158,42957617-2fd,M0158-C003,fulfilled,286.06,2026-01-26 14:26:00,2026-01-26 15:32:54.338200
O002247,M0158,ec6106d7-814,M0158-C004,fulfilled,1103.25,2026-01-27 14:31:00,2026-01-28 04:06:19.413424
O002248,M0158,647a8334-a61,M0158-C004,fulfilled,1083.35,2026-02-07 18:41:00,2026-02-07 20:31:40.094473
O002249,M0158,9d468c4e-94d,M0158-C004,fulfilled,532.38,2026-02-01 15:28:00,2026-02-05 07:54:47.562830
O002250,M0158,416dbeb6-5a3,M0158-C004,cancelled,682.4,2026-02-09 21:10:00,
O002251,M0158,23fa1776-b31,M0158-C005,fulfilled,994.7,2026-01-29 22:25:00,2026-01-30 03:04:01.993041
O002252,M0159,565ab2de-ce6,M0159-C000,placed,893.1,2026-01-27 16:00:00,
O002253,M0159,cd572ff0-ccb,M0159-C001,fulfilled,1180.14,2026-01-10 15:15:00,2026-01-11 00:43:29.913594
O002254,M0159,b5bd5ecd-a29,M0159-C002,fulfilled,425.35,2026-01-14 09:06:00,2026-01-14 12:06:20.668740
O002255,M0159,d03e24ee-496,M0159-C002,placed,795.07,2026-01-16 11:15:00,
O002256,M0159,5421538e-1b9,M0159-C004,fulfilled,532.47,2026-01-16 19:13:00,2026-01-17 15:11:36.574883
O002257,M0159,57df0bb1-3fe,M0159-C004,placed,587.41,2026-01-29 17:14:00,
O002258,M0160,16d80716-5a4,M0160-C000,fulfilled,272.65,2026-02-15 15:26:00,2026-02-16 11:55:32.624560
O002259,M0160,d136c4e8-7d7,M0160-C000,fulfilled,543.61,2026-04-03 17:17:00,2026-04-03 17:54:27.172791
O002260,M0160,7571a50d-720,M0160-C002,fulfilled,613.88,2026-02-16 20:26:00,2026-02-18 18:02:09.023984
O002261,M0160,5fa61805-be2,M0160-C002,placed,296.28,2026-06-20 17:59:00,
O002262,M0160,feaddb2a-b22,M0160-C002,fulfilled,724.09,2026-06-04 11:59:00,2026-06-11 12:48:10.982716
O002263,M0160,fd57419b-066,M0160-C003,fulfilled,202.3,2026-05-27 15:35:00,2026-05-27 21:03:21.003214
O002264,M0160,537493ca-650,M0160-C004,fulfilled,400.55,2026-03-04 17:34:00,2026-03-05 21:58:05.503325
O002265,M0160,bd1c804d-73a,M0160-C005,placed,662.66,2026-06-25 14:54:00,
O002266,M0160,bd1c804d-73a,M0160-C005,placed,662.66,2026-06-25 14:54:00,
O002267,M0161,67d9a1fb-813,M0161-C000,fulfilled,340.8,2026-03-08 11:45:00,2026-03-16 06:55:56.173382
O002268,M0162,a80a96ae-ff5,M0162-C001,fulfilled,471.73,2026-05-29 11:13:00,2026-06-04 01:31:42.683271
O002269,M0162,f34953eb-be2,M0162-C001,fulfilled,652.68,2026-06-03 18:45:00,2026-06-05 19:36:32.127481
O002270,M0162,d9ebf54f-f9c,M0162-C002,fulfilled,314.77,2026-06-06 22:09:00,2026-06-08 03:14:45.132324
O002271,M0163,78a3919a-d73,M0163-C000,fulfilled,499.79,2026-03-18 20:39:00,2026-03-21 05:16:04.889956
O002272,M0163,78a3919a-d73,M0163-C000,fulfilled,499.79,2026-03-18 20:39:00,2026-03-21 05:16:04.889956
O002273,M0163,94f7df02-49f,M0163-C000,fulfilled,352.97,2026-02-26 11:40:00,2026-02-26 13:06:45.860184
O002274,M0163,d12df8aa-742,M0163-C004,fulfilled,441.11,2026-03-03 18:10:00,2026-03-04 23:24:03.003591
O002275,M0163,04145bfa-16a,M0163-C004,fulfilled,734.77,2026-03-18 20:43:00,2026-03-24 23:18:42.302826
O002276,M0163,d6af0628-7d9,M0163-C005,fulfilled,751.94,2026-03-18 21:24:00,2026-03-20 01:18:09.663495
O002277,M0163,f308f9f2-47a,M0163-C005,cancelled,326.25,2026-02-12 11:17:00,
O002278,M0163,e09913d2-35a,M0163-C006,fulfilled,431.02,2026-03-26 09:33:00,2026-03-26 13:16:26.613759
O002279,M0163,8f0070f5-405,M0163-C009,fulfilled,619.33,2026-02-23 22:59:00,2026-02-24 16:24:20.337688
O002280,M0163,dddfa10c-b74,M0163-C009,fulfilled,727.72,2026-03-20 12:40:00,2026-03-24 18:39:56.978000
O002281,M0163,9abaa124-e60,M0163-C009,fulfilled,463.92,2026-02-21 19:34:00,2026-02-21 22:22:45.547054
O002282,M0163,1aba0806-a08,M0163-C009,fulfilled,396.9,2026-03-09 13:49:00,2026-03-10 02:00:32.427314
O002283,M0163,3b1b2f4f-8fa,M0163-C011,fulfilled,520.14,2026-03-06 11:53:00,2026-03-06 19:56:34.991423
O002284,M0163,7c00f447-178,M0163-C011,cancelled,382.25,2026-03-18 08:58:00,
O002285,M0163,5fc11a66-033,M0163-C012,fulfilled,374.71,2026-03-21 22:07:00,2026-03-30 11:55:21.916168
O002286,M0163,f3be8851-5ac,M0163-C012,fulfilled,940.65,2026-03-19 09:53:00,2026-03-26 04:16:15.837674
O002287,M0163,1800a237-cae,M0163-C013,fulfilled,408.62,2026-02-23 12:14:00,2026-02-23 15:38:24.917244
O002288,M0163,063d2f85-cf9,M0163-C013,fulfilled,417.61,2026-03-10 16:16:00,2026-03-12 03:40:27.315990
O002289,M0163,7a2a840a-8cb,M0163-C013,fulfilled,989.57,2026-02-25 09:21:00,2026-02-27 19:05:16.796336
O002290,M0163,944f5024-922,M0163-C014,cancelled,490.18,2026-02-26 21:16:00,
O002291,M0163,0dbb5a4f-c10,M0163-C015,fulfilled,241.86,2026-03-06 17:30:00,2026-03-08 12:11:11.000850
O002292,M0163,fde22d4e-26f,M0163-C015,fulfilled,1291.31,2026-03-08 17:52:00,2026-03-15 04:52:37.220858
O002293,M0163,bea1462b-81d,M0163-C016,fulfilled,242.1,2026-03-26 12:06:00,2026-03-27 05:55:41.941206
O002294,M0163,65857cbb-301,M0163-C016,fulfilled,817.78,2026-02-25 21:15:00,2026-02-28 19:07:04.697551
O002295,M0163,4b7d6087-2ff,M0163-C017,fulfilled,209.57,2026-03-08 12:05:00,2026-03-08 14:53:14.148386
O002296,M0163,8c7173e6-5e7,M0163-C017,fulfilled,680.41,2026-03-06 20:18:00,2026-03-12 15:56:47.148958
O002297,M0163,2f21f85a-1b8,M0163-C018,fulfilled,460.14,2026-03-03 16:56:00,2026-03-03 22:50:11.917877
O002298,M0163,440363fd-b35,M0163-C018,fulfilled,447.18,2026-03-23 18:25:00,2026-03-24 10:18:07.389614
O002299,M0163,e88477c4-457,M0163-C018,fulfilled,571.32,2026-02-11 15:06:00,2026-02-12 14:35:54.788841
O002300,M0163,a26eb0fe-bf2,M0163-C019,fulfilled,693.45,2026-02-07 16:08:00,2026-02-08 13:55:17.535522
O002301,M0163,2e222622-731,M0163-C020,fulfilled,316.01,2026-03-24 09:41:00,2026-03-25 10:10:26.533645
O002302,M0163,ee75976b-19d,M0163-C021,fulfilled,431.79,2026-02-23 20:03:00,2026-02-23 23:15:03.683120
O002303,M0163,9f1d332e-560,M0163-C021,fulfilled,501.4,2026-02-27 08:13:00,2026-02-28 13:53:34.146908
O002304,M0163,94d4e1ed-3f4,M0163-C021,fulfilled,232.12,2026-03-10 18:25:00,2026-03-11 05:29:19.728338
O002305,M0163,d8b8c144-180,M0163-C021,fulfilled,897.14,2026-02-23 18:32:00,2026-02-24 02:13:21.201056
O002306,M0163,502e8d64-b81,M0163-C022,fulfilled,216.98,2026-02-19 19:41:00,2026-02-20 20:16:10.725545
O002307,M0163,69802032-b76,M0163-C022,fulfilled,996.05,2026-02-07 19:13:00,2026-02-09 16:51:51.597567
O002308,M0163,9b411d35-d00,M0163-C022,fulfilled,445.25,2026-03-12 14:26:00,2026-03-14 20:23:22.563811
O002309,M0163,fc50c983-910,M0163-C022,fulfilled,896.77,2026-02-18 21:04:00,2026-02-18 22:22:26.170940
O002310,M0163,ed64f753-783,M0163-C022,fulfilled,371.72,2026-03-25 08:55:00,2026-04-03 01:29:18.917141
O002311,M0163,ed64f753-783,M0163-C022,fulfilled,371.72,2026-03-25 08:55:00,2026-04-03 01:29:18.917141
O002312,M0163,3070fb34-433,M0163-C023,fulfilled,1030.97,2026-03-04 14:28:00,2026-03-05 17:41:31.059575
O002313,M0164,5e092781-68f,M0164-C000,fulfilled,751.32,2026-02-02 17:39:00,2026-02-03 01:31:26.917221
O002314,M0165,fe030378-3ff,M0165-C000,fulfilled,467.93,2026-02-19 12:38:00,2026-02-27 18:05:38.208293
O002315,M0165,fc349751-44f,M0165-C000,fulfilled,331.23,2026-02-05 15:31:00,2026-02-05 22:56:44.769042
O002316,M0165,fd60a6bf-b8d,M0165-C000,fulfilled,829.8,2026-06-09 14:20:00,2026-06-10 17:58:17.499306
O002317,M0166,db4cd8d1-44b,M0166-C000,fulfilled,231.82,2026-01-21 15:08:00,2026-01-21 18:18:19.217107
O002318,M0166,b18e15e1-471,M0166-C000,fulfilled,848.45,2026-01-06 15:56:00,2026-01-07 17:35:04.992745
O002319,M0166,57b0dce4-a11,M0166-C000,fulfilled,191.69,2026-01-09 20:25:00,2026-01-10 02:12:05.655149
O002320,M0166,082743bb-5ac,M0166-C001,fulfilled,556.75,2026-01-02 08:24:00,2026-01-03 19:40:20.710545
O002321,M0166,7f562c1c-e52,M0166-C002,fulfilled,375.64,2026-01-07 22:09:00,2026-01-08 16:46:28.256565
O002322,M0166,b8236868-2fa,M0166-C002,fulfilled,836.79,2026-01-22 13:09:00,2026-01-23 03:22:58.004342
O002323,M0166,c67cfc82-c59,M0166-C003,fulfilled,804.85,2026-01-18 11:46:00,2026-01-22 04:13:00.007502
O002324,M0166,417f3ac5-e8c,M0166-C004,fulfilled,760.53,2026-01-09 14:49:00,2026-01-10 01:01:15.528709
O002325,M0166,abc65b51-ff2,M0166-C004,placed,1051.01,2026-01-12 18:49:00,
O002326,M0166,3031e5f4-36d,M0166-C005,fulfilled,297.36,2026-01-19 21:23:00,2026-01-20 19:06:58.385986
O002327,M0166,6e53e4c2-c75,M0166-C005,fulfilled,607.55,2026-01-10 08:47:00,2026-01-11 19:30:38.030502
O002328,M0166,0d9b5f6d-c66,M0166-C005,fulfilled,878.15,2026-01-08 15:45:00,2026-01-09 03:05:15.781974
O002329,M0166,cc832329-43f,M0166-C006,fulfilled,313.69,2026-01-02 19:50:00,2026-01-03 06:12:31.153513
O002330,M0166,879da429-f97,M0166-C007,fulfilled,357.05,2026-01-11 09:12:00,2026-01-12 20:31:23.197251
O002331,M0166,9c9f61a6-9c3,M0166-C010,fulfilled,386.98,2026-01-02 14:42:00,2026-01-03 02:09:27.060704
O002332,M0166,67113473-ed3,M0166-C010,fulfilled,425.45,2026-01-05 21:34:00,2026-01-06 04:49:59.414899
O002333,M0166,21130593-97e,M0166-C010,fulfilled,1188.39,2026-01-08 22:54:00,2026-01-09 22:39:28.141522
O002334,M0166,5122c957-2b5,M0166-C010,fulfilled,382.31,2026-01-07 08:27:00,2026-01-08 06:08:11.972135
O002335,M0166,48824215-206,M0166-C011,fulfilled,779.9,2026-01-22 14:04:00,2026-01-27 04:52:41.249125
O002336,M0166,69c5d6fb-1d4,M0166-C012,fulfilled,352.85,2026-01-13 14:34:00,2026-01-14 07:05:50.119604
O002337,M0166,a6f25dbb-5b1,M0166-C012,fulfilled,182.05,2026-01-19 17:13:00,2026-01-28 11:26:31.609020
O002338,M0166,847ed422-4ca,M0166-C012,fulfilled,214.5,2026-01-07 21:52:00,2026-01-10 16:43:39.549554
O002339,M0166,2decd5f5-d15,M0166-C013,fulfilled,258.04,2026-01-05 11:03:00,2026-01-08 09:14:16.138340
O002340,M0166,1e5bc6b5-791,M0166-C013,fulfilled,370.41,2026-01-05 18:21:00,2026-01-06 21:25:05.358880
O002341,M0166,345d5b5c-473,M0166-C013,fulfilled,1300.68,2026-01-02 21:11:00,2026-01-04 07:00:50.895039
O002342,M0166,54bf1829-764,M0166-C013,fulfilled,366.6,2026-01-09 16:27:00,2026-01-10 00:24:15.807753
O002343,M0166,91e23eb3-03e,M0166-C014,fulfilled,545.48,2026-01-19 09:18:00,2026-01-21 15:12:47.530359
O002344,M0166,9d9660d4-f9f,M0166-C016,fulfilled,563.09,2026-01-13 13:09:00,2026-01-13 14:38:26.752393
O002345,M0166,b8a2cf67-de1,M0166-C016,cancelled,378.14,2026-01-15 14:56:00,
O002346,M0166,0dc2563a-564,M0166-C018,fulfilled,410.56,2026-01-06 17:42:00,2026-01-07 08:12:12.424870
O002347,M0166,48bfac7f-bde,M0166-C018,fulfilled,1007.81,2026-01-13 22:00:00,2026-01-16 05:05:24.190345
O002348,M0166,2144a6e6-86d,M0166-C019,fulfilled,693.87,2026-01-06 14:07:00,2026-01-13 04:58:31.715276
O002349,M0166,2144a6e6-86d,M0166-C019,fulfilled,693.87,2026-01-06 14:07:00,2026-01-13 04:58:31.715276
O002350,M0166,d7d51b04-117,M0166-C022,fulfilled,677.88,2026-01-21 23:07:00,2026-01-22 11:32:07.545933
O002351,M0166,fbfa0ca2-0a1,M0166-C022,fulfilled,346.6,2026-01-13 16:04:00,2026-01-17 23:17:56.479837
O002352,M0167,a95486a2-366,M0167-C001,placed,137.02,2026-01-09 18:36:00,
O002353,M0167,27a418ff-1af,M0167-C001,fulfilled,235.48,2026-01-13 16:55:00,2026-01-14 04:35:48.563450
O002354,M0167,ae53bb61-a4a,M0167-C003,placed,649.12,2026-01-24 09:38:00,
O002355,M0167,519337ca-ec6,M0167-C004,fulfilled,261.74,2026-01-18 20:18:00,2026-01-20 02:53:37.679544
O002356,M0167,d7f74941-835,M0167-C005,fulfilled,1427.88,2026-01-16 21:31:00,2026-01-20 21:44:54.576541
O002357,M0167,d23c8330-4ee,M0167-C006,fulfilled,446.37,2026-01-09 18:04:00,2026-01-09 18:52:21.677279
O002358,M0167,9dbd4ffe-5eb,M0167-C007,fulfilled,763.29,2026-01-15 12:18:00,2026-01-17 01:41:18.110765
O002359,M0167,192323da-e25,M0167-C008,fulfilled,454.51,2026-01-09 15:01:00,2026-01-10 00:12:57.936890
O002360,M0167,6422b133-bd7,M0167-C008,fulfilled,541.21,2026-01-09 13:18:00,2026-01-17 22:29:45.238347
O002361,M0167,78823b05-a02,M0167-C009,fulfilled,989.1,2026-01-04 09:30:00,2026-01-04 19:46:25.609658
O002362,M0167,279b7d4a-b73,M0167-C009,fulfilled,376.81,2026-01-14 20:50:00,2026-01-16 02:18:26.868447
O002363,M0167,acdc4590-8d3,M0167-C010,fulfilled,457.53,2026-01-21 08:55:00,2026-01-21 10:11:59.785680
O002364,M0167,457444b7-cfc,M0167-C010,fulfilled,280.88,2026-01-09 16:12:00,2026-01-11 17:58:53.309125
O002365,M0167,9203ec7b-55d,M0167-C011,fulfilled,129.76,2026-01-04 21:45:00,2026-01-06 16:25:04.813606
O002366,M0167,1ca5314d-003,M0167-C012,fulfilled,447.6,2026-01-21 18:43:00,2026-01-21 21:11:25.133695
O002367,M0167,6b44d256-c72,M0167-C013,fulfilled,700.58,2026-01-08 23:03:00,2026-01-13 02:52:49.979857
O002368,M0167,1477e199-03a,M0167-C015,fulfilled,805.86,2026-01-20 09:07:00,2026-01-20 14:14:40.097834
O002369,M0167,a805319e-1f1,M0167-C015,fulfilled,486.52,2026-01-22 08:20:00,2026-01-22 15:49:56.264992
O002370,M0167,a84cd158-4bd,M0167-C017,cancelled,499.76,2026-01-07 08:20:00,
O002371,M0167,e130fdcb-726,M0167-C017,fulfilled,596.07,2026-01-15 08:21:00,2026-01-15 10:46:29.845597
O002372,M0167,b37ca62f-70f,M0167-C018,fulfilled,736.38,2026-01-18 09:17:00,2026-01-18 13:22:07.155244
O002373,M0168,6a938294-62c,M0168-C000,fulfilled,349.29,2026-04-09 12:10:00,2026-04-09 17:21:51.909871
O002374,M0168,7d5d3fa2-5c5,M0168-C001,fulfilled,99.15,2026-06-05 16:04:00,2026-06-07 02:35:57.121514
O002375,M0168,7ee390d2-c61,M0168-C003,fulfilled,240.39,2026-05-22 11:46:00,2026-05-22 15:30:19.160472
O002376,M0168,afd74709-70b,M0168-C004,fulfilled,293.95,2026-06-19 10:17:00,2026-06-19 18:32:24.841532
O002377,M0168,8c72c59c-1a2,M0168-C004,fulfilled,303.72,2026-04-08 22:32:00,2026-04-09 23:44:12.547928
O002378,M0168,73317d14-802,M0168-C004,fulfilled,730.53,2026-04-04 14:52:00,2026-04-05 09:25:04.597975
O002379,M0168,ea442684-773,M0168-C006,fulfilled,273.07,2026-03-29 10:50:00,2026-04-01 11:58:17.326492
O002380,M0168,de97aaf2-18e,M0168-C008,fulfilled,498.49,2026-05-26 10:29:00,2026-05-26 14:11:17.364505
O002381,M0168,eaf32bcf-f6e,M0168-C008,fulfilled,485.95,2026-06-20 13:26:00,2026-06-20 19:50:09.332357
O002382,M0168,75fa350f-92d,M0168-C009,fulfilled,1017.79,2026-05-03 09:54:00,2026-05-04 10:42:01.840395
O002383,M0168,ec60a515-c95,M0168-C010,fulfilled,1119.1,2026-06-02 15:50:00,2026-06-02 23:07:22.553296
O002384,M0168,56cec118-137,M0168-C012,fulfilled,231.53,2026-04-18 10:32:00,2026-04-18 16:07:28.240089
O002385,M0168,f6857753-ff9,M0168-C012,fulfilled,969.53,2026-04-16 10:16:00,2026-04-18 14:24:06.597769
O002386,M0168,798dfd13-b07,M0168-C014,fulfilled,203.88,2026-03-29 12:23:00,2026-03-30 12:57:23.121636
O002387,M0168,51a2aeac-c4d,M0168-C016,fulfilled,112.4,2026-04-07 17:38:00,2026-04-07 21:53:15.780264
O002388,M0168,fe4c5b6c-b84,M0168-C016,fulfilled,1936.05,2026-04-10 22:51:00,2026-04-11 01:12:51.873704
O002389,M0168,4e6a0c31-89d,M0168-C018,fulfilled,395.62,2026-04-02 10:22:00,2026-04-03 22:21:25.836204
O002390,M0168,3c422afc-470,M0168-C018,fulfilled,680.18,2026-05-12 15:59:00,2026-05-14 01:10:51.647856
O002391,M0168,c681be04-dee,M0168-C020,fulfilled,402.37,2026-04-16 09:34:00,2026-04-16 10:42:13.541637
O002392,M0168,5631f2ab-782,M0168-C020,fulfilled,755.01,2026-06-29 22:54:00,2026-06-30 02:30:31.860015
O002393,M0168,830a5a88-641,M0168-C022,fulfilled,160.92,2026-03-29 21:40:00,2026-03-30 12:39:30.990941
O002394,M0168,c8a82890-b62,M0168-C022,fulfilled,36.69,2026-05-06 14:14:00,2026-05-08 05:07:46.068120
O002395,M0168,c58618c2-84f,M0168-C023,fulfilled,336.2,2026-03-30 14:06:00,2026-04-02 16:01:21.522088
O002396,M0168,577c6998-7a6,M0168-C023,fulfilled,386.92,2026-05-15 16:00:00,2026-05-15 23:26:56.015087
O002397,M0168,0b182f8a-34e,M0168-C024,fulfilled,793.28,2026-05-06 17:59:00,2026-05-07 17:02:42.293072
O002398,M0168,f02b8f62-b31,M0168-C024,fulfilled,660.56,2026-06-15 10:53:00,2026-06-16 12:24:39.286005
O002399,M0169,9d097e5a-46f,M0169-C000,fulfilled,431.59,2026-02-07 18:16:00,2026-02-10 18:37:18.024301
O002400,M0169,4158cb03-171,M0169-C002,fulfilled,786.84,2026-02-08 15:19:00,2026-02-08 15:26:15.513026
O002401,M0169,d74ec294-760,M0169-C002,fulfilled,790.71,2026-02-10 11:12:00,2026-02-10 16:25:06.866088
O002402,M0169,16d75501-01a,M0169-C004,fulfilled,739.95,2026-02-19 10:59:00,2026-02-21 01:51:50.447762
O002403,M0169,3a5de285-b0b,M0169-C005,fulfilled,609.32,2026-02-03 09:37:00,2026-02-05 09:04:31.787562
O002404,M0169,86907f1b-c54,M0169-C007,fulfilled,234.84,2026-02-16 11:10:00,2026-02-16 18:57:10.172932
O002405,M0169,ef6e8765-772,M0169-C007,fulfilled,584.32,2026-02-17 11:43:00,2026-02-24 19:42:42.812536
O002406,M0169,0c587647-b34,M0169-C009,fulfilled,762.02,2026-02-11 09:44:00,2026-02-12 13:36:26.231834
O002407,M0169,2e4142cf-b66,M0169-C010,fulfilled,859.66,2026-02-05 15:41:00,2026-02-05 18:56:31.125498
O002408,M0169,16b66805-243,M0169-C011,fulfilled,70.04,2026-02-10 10:24:00,2026-02-10 13:38:34.128296
O002409,M0169,d3e6e057-249,M0169-C011,fulfilled,452.47,2026-02-09 17:34:00,2026-02-11 03:48:04.542758
O002410,M0169,85ea0108-9d3,M0169-C012,fulfilled,584.4,2026-02-05 08:25:00,2026-02-07 00:18:17.708289
O002411,M0169,20af6911-a92,M0169-C013,fulfilled,175.33,2026-02-07 15:54:00,2026-02-10 10:17:31.377339
O002412,M0169,06e63261-a0e,M0169-C013,fulfilled,710.94,2026-02-12 08:54:00,2026-02-14 12:59:44.726449
O002413,M0169,fac604cf-997,M0169-C014,fulfilled,903.64,2026-02-12 15:41:00,2026-02-13 10:48:34.314621
O002414,M0169,a51c822c-70d,M0169-C014,fulfilled,375.88,2026-02-19 15:44:00,2026-02-20 22:30:33.577515
O002415,M0169,2207136e-24b,M0169-C014,fulfilled,574.48,2026-02-03 16:16:00,2026-02-05 19:34:12.589489
O002416,M0169,d113ee53-40b,M0169-C015,fulfilled,723.92,2026-02-02 11:08:00,2026-02-02 23:58:58.610818
O002417,M0169,d113ee53-40b,M0169-C015,fulfilled,723.92,2026-02-02 11:08:00,2026-02-02 23:58:58.610818
O002418,M0169,6fbfc405-d9f,M0169-C016,cancelled,356.71,2026-02-10 19:06:00,
O002419,M0169,0529dfd8-719,M0169-C017,fulfilled,466.94,2026-01-31 21:25:00,2026-02-01 23:26:25.043651
O002420,M0169,7dbf4a4c-905,M0169-C017,fulfilled,257.03,2026-02-11 12:01:00,2026-02-12 21:44:12.006357
O002421,M0169,92930fe0-691,M0169-C017,fulfilled,82.68,2026-02-17 12:14:00,2026-02-18 21:31:20.986191
O002422,M0169,536a6240-19f,M0169-C018,fulfilled,384.27,2026-02-08 21:17:00,2026-02-09 01:41:40.314605
O002423,M0169,a4499281-628,M0169-C018,fulfilled,885.18,2026-02-15 18:03:00,2026-02-16 17:28:14.276649
O002424,M0169,a88f6bcc-427,M0169-C018,fulfilled,110.85,2026-02-05 19:51:00,2026-02-09 05:59:47.524283
O002425,M0169,43b25236-fb0,M0169-C019,fulfilled,609.98,2026-02-17 18:53:00,2026-02-18 07:52:05.819737
O002426,M0169,413d8607-7b7,M0169-C019,fulfilled,143.12,2026-02-10 17:29:00,2026-02-11 07:50:55.416825
O002427,M0169,14eda3d0-744,M0169-C019,fulfilled,461.68,2026-02-15 19:32:00,2026-02-18 15:38:35.839479
O002428,M0169,a7ce1614-f58,M0169-C020,fulfilled,424.11,2026-01-31 22:38:00,2026-02-01 10:28:55.923610
O002429,M0169,6e5b3007-617,M0169-C022,fulfilled,494.4,2026-02-13 10:29:00,2026-02-13 12:13:17.123817
O002430,M0169,e89e2178-d27,M0169-C022,fulfilled,351.89,2026-02-05 21:14:00,2026-02-06 19:33:45.456580
O002431,M0169,3d7a27ee-6a6,M0169-C022,fulfilled,211.38,2026-02-10 17:39:00,2026-02-12 04:36:31.244314
O002432,M0169,e13eddb6-f3c,M0169-C022,fulfilled,514.64,2026-02-11 10:29:00,2026-02-11 12:01:34.291971
O002433,M0170,9b04262b-fc6,M0170-C000,fulfilled,581.05,2026-02-05 12:31:00,2026-02-11 04:18:22.462864
O002434,M0170,bbf864d9-21b,M0170-C004,fulfilled,518.58,2026-03-07 09:12:00,2026-03-07 13:23:58.525048
O002435,M0170,3d60fd05-ded,M0170-C004,fulfilled,242.94,2026-04-18 15:07:00,2026-04-18 22:24:41.362068
O002436,M0170,4a657bcd-295,M0170-C004,fulfilled,362.69,2026-02-01 10:19:00,2026-02-02 13:23:12.712356
O002437,M0170,bbde3824-fe4,M0170-C004,fulfilled,145.02,2026-06-06 15:36:00,2026-06-06 22:22:26.209946
O002438,M0170,d63814da-4f0,M0170-C004,fulfilled,251.79,2026-04-14 22:41:00,2026-04-15 13:48:47.502975
O002439,M0170,c05d34ec-834,M0170-C004,placed,331.02,2026-04-15 19:56:00,
O002440,M0171,cd77ff5f-7d5,M0171-C001,fulfilled,176.86,2026-02-14 20:30:00,2026-02-15 17:19:17.153871
O002441,M0171,25d72d0b-8b7,M0171-C001,fulfilled,1507.81,2026-01-23 22:45:00,2026-01-24 01:56:38.048368
O002442,M0171,7d959909-d6e,M0171-C004,fulfilled,777.3,2026-04-28 11:03:00,2026-05-06 21:48:57.271870
O002443,M0171,39a224e6-87d,M0171-C004,fulfilled,804.57,2026-02-13 22:51:00,2026-02-14 20:11:23.630535
O002444,M0171,31e9dd62-da5,M0171-C004,cancelled,587.65,2026-03-02 12:02:00,
O002445,M0172,d82030e1-715,M0172-C000,fulfilled,215.43,2026-01-23 21:30:00,2026-01-28 18:01:36.040441
O002446,M0172,9261d021-479,M0172-C000,fulfilled,342.0,2026-03-02 10:10:00,2026-03-02 14:33:22.534797
O002447,M0172,51796675-6e0,M0172-C001,fulfilled,358.33,2026-02-28 19:57:00,2026-03-01 00:18:07.171850
O002448,M0172,bf919fd7-04a,M0172-C001,fulfilled,448.12,2026-02-28 22:15:00,2026-03-01 08:51:20.940597
O002449,M0172,c62c42a1-2d3,M0172-C002,cancelled,55.13,2026-03-05 08:41:00,
O002450,M0172,9998f74b-f33,M0172-C002,fulfilled,226.93,2026-02-25 19:34:00,2026-02-27 17:59:32.700274
O002451,M0172,bd584498-6ec,M0172-C003,fulfilled,988.6,2026-02-10 12:50:00,2026-02-18 03:10:58.179858
O002452,M0172,696d3826-402,M0172-C003,fulfilled,300.37,2026-02-04 16:44:00,2026-02-10 20:02:28.427767
O002453,M0172,1c79c72a-ff9,M0172-C004,placed,705.97,2026-02-24 08:32:00,
O002454,M0172,ae690ffe-455,M0172-C004,fulfilled,818.04,2026-03-04 08:23:00,2026-03-08 09:20:55.716509
O002455,M0172,28690f91-58a,M0172-C005,fulfilled,352.84,2026-03-14 22:55:00,2026-03-18 00:01:48.251354
O002456,M0172,5438d8e5-7c8,M0172-C006,fulfilled,766.07,2026-03-02 16:51:00,2026-03-06 08:25:24.213026
O002457,M0172,488a53b3-f82,M0172-C006,fulfilled,930.88,2026-02-22 19:09:00,2026-02-23 07:19:13.960022
O002458,M0172,e274b6a6-f37,M0172-C006,fulfilled,472.13,2026-01-29 13:47:00,2026-01-29 21:50:11.490191
O002459,M0172,51d52fb5-571,M0172-C007,fulfilled,984.85,2026-02-22 21:13:00,2026-02-24 07:44:28.609284
O002460,M0172,e6f87e9f-ef2,M0172-C007,fulfilled,848.83,2026-01-24 13:46:00,2026-01-24 15:20:30.574812
O002461,M0172,97b54f4c-c35,M0172-C008,fulfilled,230.2,2026-02-19 13:33:00,2026-02-20 04:34:27.928918
O002462,M0172,6336ac64-992,M0172-C008,fulfilled,423.12,2026-02-07 11:56:00,2026-02-08 21:15:01.179820
O002463,M0172,1116d784-b6a,M0172-C008,fulfilled,577.61,2026-03-13 20:42:00,2026-03-14 16:51:49.188389
O002464,M0172,da328721-19d,M0172-C010,fulfilled,526.17,2026-02-27 15:39:00,2026-03-05 17:10:18.848170
O002465,M0172,19896da8-e65,M0172-C012,fulfilled,328.56,2026-03-04 13:53:00,2026-03-07 01:24:43.393608
O002466,M0172,0806c031-7af,M0172-C012,fulfilled,903.2,2026-02-07 09:06:00,2026-02-07 12:16:22.379745
O002467,M0172,a7d52874-e49,M0172-C012,fulfilled,629.63,2026-02-04 22:19:00,2026-02-10 20:35:36.180611
O002468,M0172,83594902-9e0,M0172-C014,fulfilled,206.81,2026-03-08 19:47:00,2026-03-09 08:34:59.090722
O002469,M0172,64a11d3c-e45,M0172-C017,fulfilled,565.15,2026-03-01 17:44:00,2026-03-02 20:20:56.499136
O002470,M0172,0416bc18-5c1,M0172-C017,cancelled,512.39,2026-02-19 14:02:00,
O002471,M0172,9ff5d612-d92,M0172-C018,fulfilled,1142.64,2026-03-07 14:40:00,2026-03-09 04:53:43.238875
O002472,M0173,28acb19f-cbe,M0173-C002,fulfilled,498.16,2026-02-15 14:00:00,2026-02-19 23:11:33.688714
O002473,M0173,03d16fa4-d51,M0173-C002,fulfilled,483.38,2026-03-08 11:30:00,2026-03-09 06:27:31.868643
O002474,M0173,e85c01b1-bc6,M0173-C004,fulfilled,236.02,2026-03-03 08:20:00,2026-03-10 15:49:21.780492
O002475,M0173,9df55470-c19,M0173-C004,fulfilled,283.37,2026-02-25 17:36:00,2026-02-26 19:35:24.189871
O002476,M0173,3eecf6fa-f6b,M0173-C004,cancelled,654.56,2026-02-22 13:35:00,
O002477,M0174,e74121f6-36a,M0174-C001,fulfilled,486.08,2026-02-26 21:56:00,2026-02-28 13:59:34.076087
O002478,M0174,0931f63d-a6a,M0174-C005,fulfilled,586.95,2026-02-04 17:11:00,2026-02-05 17:06:29.693177
O002479,M0174,6a285857-75c,M0174-C008,fulfilled,106.36,2026-05-02 10:37:00,2026-05-04 01:29:25.550885
O002480,M0174,ccd20c64-47d,M0174-C010,fulfilled,705.39,2026-04-20 22:48:00,2026-04-22 03:40:18.298036
O002481,M0174,8a3d53b7-637,M0174-C010,fulfilled,234.04,2026-03-17 18:57:00,2026-03-23 10:45:33.002312
O002482,M0174,88904b8e-8b8,M0174-C010,fulfilled,626.0,2026-01-24 21:55:00,2026-01-26 17:15:41.885981
O002483,M0174,3e32aa76-823,M0174-C011,fulfilled,378.92,2026-05-30 12:26:00,2026-06-01 15:23:51.663656
O002484,M0174,090a81c1-079,M0174-C012,fulfilled,310.41,2026-05-10 17:28:00,2026-05-14 12:43:55.077386
O002485,M0174,51832c72-cef,M0174-C012,fulfilled,479.94,2026-04-23 18:05:00,2026-04-24 19:22:24.709196
O002486,M0174,62c91dc1-2da,M0174-C012,fulfilled,178.15,2026-06-01 15:35:00,2026-06-01 16:09:26.838003
O002487,M0174,2b6c8a28-71a,M0174-C013,fulfilled,179.62,2026-05-03 22:55:00,2026-05-04 17:38:28.101456
O002488,M0174,23b3baac-f96,M0174-C014,fulfilled,156.26,2026-03-03 10:41:00,2026-03-11 14:44:37.598773
O002489,M0174,8d390675-be7,M0174-C017,placed,353.26,2026-03-06 10:55:00,
O002490,M0174,9a03fc8f-56a,M0174-C018,fulfilled,749.69,2026-05-24 15:43:00,2026-05-26 19:23:49.285817
O002491,M0174,97850fd0-8a8,M0174-C018,fulfilled,275.01,2026-03-11 22:53:00,2026-03-13 03:32:52.367625
O002492,M0174,ddc40de3-924,M0174-C018,fulfilled,119.29,2026-02-18 23:00:00,2026-02-21 00:37:43.054460
O002493,M0174,f6e9134d-ad4,M0174-C019,fulfilled,111.64,2026-04-10 16:29:00,2026-04-11 02:46:09.185374
O002494,M0175,1948db20-7d9,M0175-C000,fulfilled,467.97,2026-04-19 10:36:00,2026-04-19 22:29:28.151326
O002495,M0175,3016e925-672,M0175-C000,fulfilled,416.19,2026-04-13 22:08:00,2026-04-16 22:17:38.353845
O002496,M0175,0c298a38-73d,M0175-C001,fulfilled,1418.26,2026-04-23 15:11:00,2026-04-25 01:07:23.147524
O002497,M0175,3f9972d2-826,M0175-C001,fulfilled,746.55,2026-04-24 09:08:00,2026-04-25 12:43:35.694970
O002498,M0175,d5faf94b-e36,M0175-C001,fulfilled,364.1,2026-02-20 13:43:00,2026-02-20 18:00:09.798072
O002499,M0175,91de2a48-5e2,M0175-C002,fulfilled,824.76,2026-04-24 16:27:00,2026-04-28 20:29:27.803882
O002500,M0175,0ecfad45-d25,M0175-C002,fulfilled,715.86,2026-04-18 13:15:00,2026-04-18 22:09:44.286856
O002501,M0175,5fa7731e-010,M0175-C003,fulfilled,511.45,2026-03-02 21:32:00,2026-03-03 21:08:44.528396
O002502,M0175,1dcac9b3-fac,M0175-C003,fulfilled,747.47,2026-02-27 21:25:00,2026-02-28 19:57:39.394903
O002503,M0175,82e3a3a8-0e4,M0175-C003,cancelled,520.36,2026-02-03 14:11:00,
O002504,M0175,d91d03ae-76f,M0175-C004,fulfilled,497.35,2026-03-22 18:50:00,2026-03-23 00:57:19.936982
O002505,M0175,fdfa1b67-fb5,M0175-C004,placed,313.84,2026-03-06 20:06:00,
O002506,M0175,f73c6dec-53b,M0175-C004,fulfilled,150.43,2026-04-23 12:12:00,2026-04-25 23:03:55.748972
O002507,M0175,1e493f5f-6ab,M0175-C004,fulfilled,829.01,2026-04-05 22:53:00,2026-04-06 06:17:08.224523
O002508,M0175,94ed0a3a-1a4,M0175-C005,fulfilled,495.79,2026-04-28 21:07:00,2026-04-30 04:48:50.770940
O002509,M0175,d28b703d-2f1,M0175-C005,fulfilled,567.8,2026-04-24 12:24:00,2026-04-25 06:33:10.398221
O002510,M0175,bdbfbddc-979,M0175-C005,fulfilled,675.58,2026-03-05 13:55:00,2026-03-06 13:27:56.944791
O002511,M0175,21b8e82d-759,M0175-C005,fulfilled,453.42,2026-03-21 18:45:00,2026-03-22 04:14:54.830451
O002512,M0175,22205ce5-a05,M0175-C006,fulfilled,943.29,2026-04-05 11:37:00,2026-04-07 16:09:54.206916
O002513,M0175,b5453ce4-669,M0175-C007,fulfilled,374.68,2026-04-02 13:34:00,2026-04-02 17:05:04.827070
O002514,M0175,60132249-9a3,M0175-C008,fulfilled,469.91,2026-02-21 21:10:00,2026-02-22 03:03:16.769034
O002515,M0175,79a4cb3d-965,M0175-C008,fulfilled,415.63,2026-03-16 21:46:00,2026-03-17 10:46:01.039066
O002516,M0175,2ed75349-409,M0175-C009,fulfilled,1139.01,2026-03-07 14:30:00,2026-03-08 11:57:52.139637
O002517,M0175,200df4ce-841,M0175-C009,fulfilled,576.21,2026-02-23 22:55:00,2026-02-24 01:50:19.040341
O002518,M0175,f967d87a-1d5,M0175-C010,fulfilled,434.14,2026-04-27 18:51:00,2026-04-28 02:01:09.230549
O002519,M0175,aabea504-97b,M0175-C010,fulfilled,275.53,2026-03-26 10:33:00,2026-03-28 18:03:29.670585
O002520,M0175,0e820d24-cca,M0175-C011,fulfilled,446.93,2026-02-17 19:45:00,2026-02-18 11:31:24.520475
O002521,M0175,f7808d31-8ea,M0175-C013,fulfilled,845.67,2026-04-04 18:01:00,2026-04-05 12:40:14.990254
O002522,M0175,d5ad6e2a-a7a,M0175-C014,fulfilled,787.43,2026-04-26 13:45:00,2026-04-27 05:39:05.333770
O002523,M0175,5828c809-d99,M0175-C014,fulfilled,1438.4,2026-02-22 14:37:00,2026-02-22 22:15:09.060501
O002524,M0175,99c75321-5e3,M0175-C014,placed,558.35,2026-03-06 10:48:00,
O002525,M0175,f1fb2da7-940,M0175-C015,fulfilled,286.54,2026-03-19 15:26:00,2026-03-20 01:54:19.574211
O002526,M0175,99cacf7c-3ee,M0175-C015,fulfilled,372.14,2026-03-17 12:30:00,2026-03-18 06:00:43.965963
O002527,M0175,86f8bbe9-a55,M0175-C015,fulfilled,632.56,2026-04-22 20:30:00,2026-04-26 14:28:08.301303
O002528,M0175,a728f788-13d,M0175-C018,fulfilled,1129.34,2026-03-04 15:20:00,2026-03-12 00:28:30.863824
O002529,M0175,db14d922-55e,M0175-C018,fulfilled,414.32,2026-02-18 21:16:00,2026-02-20 18:14:45.577363
O002530,M0175,0a72c50c-3c3,M0175-C021,fulfilled,310.08,2026-03-27 17:34:00,2026-03-28 19:58:53.585831
O002531,M0175,7f7c55f7-380,M0175-C021,fulfilled,329.05,2026-04-20 21:42:00,2026-04-20 22:27:41.242920
O002532,M0175,7f7c55f7-380,M0175-C021,fulfilled,329.05,2026-04-20 21:42:00,2026-04-20 22:27:41.242920
O002533,M0175,e1fae696-7f4,M0175-C022,fulfilled,230.88,2026-02-13 10:57:00,2026-02-17 10:14:05.647224
O002534,M0175,3f2a59f5-dd2,M0175-C022,fulfilled,483.02,2026-03-02 22:07:00,2026-03-03 01:14:47.373177
O002535,M0175,e8526cd6-afe,M0175-C023,fulfilled,843.7,2026-04-09 08:31:00,2026-04-10 02:08:16.161810
O002536,M0175,51cd76cc-de5,M0175-C023,fulfilled,1064.88,2026-02-12 18:23:00,2026-02-14 12:45:39.110141
O002537,M0175,b1e959ab-cec,M0175-C024,fulfilled,148.12,2026-02-06 22:01:00,2026-02-07 21:11:06.731415
O002538,M0175,ed3a22af-9c1,M0175-C024,fulfilled,550.87,2026-02-23 20:50:00,2026-02-24 07:58:15.104110
O002539,M0175,b233c1e5-0fb,M0175-C024,fulfilled,441.32,2026-03-04 12:20:00,2026-03-05 11:44:39.383675
O002540,M0175,c61381d3-69d,M0175-C024,fulfilled,272.99,2026-02-24 17:43:00,2026-02-25 09:49:28.706555
O002541,M0175,3c05d9ea-42f,M0175-C025,fulfilled,1279.39,2026-03-15 12:47:00,2026-03-17 12:37:16.590305
O002542,M0175,a65fa67d-d35,M0175-C025,fulfilled,498.93,2026-04-22 12:29:00,2026-04-24 09:31:16.455046
O002543,M0175,974145e0-c75,M0175-C026,fulfilled,1369.6,2026-03-28 22:47:00,2026-04-08 01:52:53.954954
O002544,M0177,f50c38cd-db5,M0177-C000,placed,837.16,2026-02-14 15:28:00,
O002545,M0177,44b6e26f-8c9,M0177-C000,fulfilled,264.92,2026-03-21 19:42:00,2026-03-26 14:56:25.513976
O002546,M0177,7a3664b2-e37,M0177-C001,fulfilled,379.94,2026-02-08 13:09:00,2026-02-10 14:03:41.749735
O002547,M0177,5847b33c-16d,M0177-C002,cancelled,929.47,2026-01-30 12:41:00,
O002548,M0177,4f620b48-929,M0177-C002,fulfilled,605.5,2026-03-31 13:22:00,2026-03-31 19:04:19.213559
O002549,M0177,5513a188-e23,M0177-C003,fulfilled,689.74,2026-02-03 20:44:00,2026-02-08 19:45:15.850635
O002550,M0177,12eb6ebb-00b,M0177-C003,fulfilled,367.98,2026-01-26 09:07:00,2026-01-26 16:27:26.038070
O002551,M0177,9cc8b787-d5c,M0177-C004,fulfilled,742.21,2026-01-24 10:08:00,2026-01-24 12:20:48.787347
O002552,M0177,548780c0-4d7,M0177-C006,fulfilled,926.05,2026-01-08 20:42:00,2026-01-08 21:14:32.145155
O002553,M0177,6a4fae9b-fd1,M0177-C006,fulfilled,372.37,2026-02-22 16:21:00,2026-02-27 14:17:25.806795
O002554,M0177,fec2c682-1a4,M0177-C007,fulfilled,733.81,2026-02-03 16:39:00,2026-02-04 17:48:18.264699
O002555,M0177,7955b041-e6b,M0177-C007,fulfilled,1347.68,2026-03-28 19:43:00,2026-03-30 07:46:51.358793
O002556,M0177,5010106c-366,M0177-C009,fulfilled,685.49,2026-02-07 16:41:00,2026-02-08 09:04:07.283923
O002557,M0177,1700ce77-5a6,M0177-C010,fulfilled,560.01,2026-02-26 17:50:00,2026-03-01 14:52:45.613565
O002558,M0177,304afb5e-d35,M0177-C011,fulfilled,415.72,2026-01-18 17:25:00,2026-01-18 23:30:49.172892
O002559,M0177,a0e2645d-f57,M0177-C011,fulfilled,297.07,2026-03-08 09:30:00,2026-03-09 16:11:26.126326
O002560,M0177,03ef057d-fce,M0177-C011,fulfilled,1083.46,2026-04-01 20:24:00,2026-04-02 11:14:07.254073
O002561,M0177,46c00120-989,M0177-C011,fulfilled,800.5,2026-03-09 15:02:00,2026-03-09 20:31:10.795819
O002562,M0177,34de2561-ed8,M0177-C015,fulfilled,544.06,2026-02-11 20:31:00,2026-02-12 21:06:27.867335
O002563,M0177,6a656d0c-a8a,M0177-C015,fulfilled,734.99,2026-03-08 14:20:00,2026-03-10 20:19:52.328200
O002564,M0177,a3f00ff4-05f,M0177-C015,fulfilled,397.35,2026-01-04 12:46:00,2026-01-11 12:40:25.153127
O002565,M0177,6d1ee66a-eb4,M0177-C016,fulfilled,636.37,2026-04-01 12:15:00,2026-04-01 19:35:11.813764
O002566,M0177,08338aea-604,M0177-C016,fulfilled,639.8,2026-03-13 19:40:00,2026-03-14 07:21:56.752522
O002567,M0177,590bf782-a8d,M0177-C016,fulfilled,303.98,2026-02-22 13:43:00,2026-02-24 14:06:41.234862
O002568,M0177,29a71752-50b,M0177-C017,fulfilled,365.48,2026-01-06 11:42:00,2026-01-06 23:18:28.092197
O002569,M0177,8dce6cf3-1db,M0177-C017,fulfilled,1020.58,2026-02-02 08:19:00,2026-02-07 04:54:24.153812
O002570,M0177,8252a99f-cf3,M0177-C018,placed,198.07,2026-01-22 20:49:00,
O002571,M0177,607bc63d-743,M0177-C020,fulfilled,660.73,2026-01-16 09:40:00,2026-01-17 10:42:01.007863
O002572,M0177,c7a7ff97-540,M0177-C020,fulfilled,1077.86,2026-01-06 09:53:00,2026-01-08 05:34:28.400995
O002573,M0177,f89e40cb-9f9,M0177-C021,fulfilled,606.16,2026-03-06 22:38:00,2026-03-07 00:56:08.410956
O002574,M0177,2eb8c9dc-990,M0177-C021,fulfilled,521.19,2026-02-13 11:03:00,2026-02-14 02:40:36.080620
O002575,M0177,ae8f647a-aa2,M0177-C023,fulfilled,1000.26,2026-02-13 14:59:00,2026-02-14 23:15:19.312362
O002576,M0177,870c6e0c-346,M0177-C024,cancelled,1451.8,2026-02-25 11:59:00,
O002577,M0177,e5c55133-4a9,M0177-C024,fulfilled,810.88,2026-02-12 17:42:00,2026-02-18 18:12:58.626561
O002578,M0177,9f56bad5-c90,M0177-C025,fulfilled,420.85,2026-03-20 18:39:00,2026-03-27 16:28:36.259599
O002579,M0177,4da70649-370,M0177-C027,fulfilled,295.6,2026-02-12 19:46:00,2026-02-19 19:29:29.786547
O002580,M0177,75138372-4df,M0177-C028,placed,1414.5,2026-03-11 20:29:00,
O002581,M0177,79b342ef-dd6,M0177-C028,placed,485.78,2026-02-16 19:46:00,
O002582,M0177,2987882f-c6f,M0177-C028,fulfilled,1687.39,2026-03-20 16:53:00,2026-03-20 21:17:31.386948
O002583,M0177,b05189fb-080,M0177-C029,cancelled,236.69,2026-01-31 17:45:00,
O002584,M0177,14a1ed58-cb8,M0177-C030,fulfilled,190.01,2026-01-12 21:44:00,2026-01-13 06:14:13.115792
O002585,M0177,9573904d-7dc,M0177-C030,cancelled,166.31,2026-02-14 17:05:00,
O002586,M0177,0f1c5370-09a,M0177-C030,placed,510.43,2026-03-08 21:30:00,
O002587,M0177,7c1a995f-1a6,M0177-C031,fulfilled,236.1,2026-01-27 19:14:00,2026-01-28 03:05:04.817393
O002588,M0177,4cd4feb0-a05,M0177-C031,fulfilled,481.82,2026-01-19 19:42:00,2026-01-20 01:38:59.869611
O002589,M0177,7dd5ceb1-134,M0177-C031,fulfilled,590.54,2026-01-16 21:31:00,2026-01-19 06:51:00.342918
O002590,M0177,dbdcee27-a0f,M0177-C032,cancelled,394.41,2026-02-13 14:33:00,
O002591,M0177,c6b055cc-c4c,M0177-C033,fulfilled,247.06,2026-02-16 20:58:00,2026-02-24 21:43:25.256432
O002592,M0177,482f69e0-24b,M0177-C033,fulfilled,523.38,2026-02-27 19:54:00,2026-03-01 04:22:39.036733
O002593,M0179,58a8845d-9f6,M0179-C001,fulfilled,1030.63,2026-05-11 22:33:00,2026-05-12 11:43:22.440293
O002594,M0179,9b84bfe3-680,M0179-C001,fulfilled,705.64,2026-06-06 12:14:00,2026-06-08 11:39:12.662197
O002595,M0179,4be1ba43-e23,M0179-C002,fulfilled,493.44,2026-05-08 15:48:00,2026-05-09 01:00:36.353252
O002596,M0179,28a3bc4e-29f,M0179-C002,fulfilled,399.56,2026-06-06 18:24:00,2026-06-07 02:24:52.750910
O002597,M0179,6578d3fd-359,M0179-C003,fulfilled,366.3,2026-05-07 20:08:00,2026-05-11 01:58:17.553564
O002598,M0179,e1db26ac-fc9,M0179-C006,placed,626.76,2026-05-13 19:00:00,
O002599,M0179,00dc39e0-c78,M0179-C007,fulfilled,417.62,2026-05-24 10:27:00,2026-05-25 23:23:51.749223
O002600,M0179,543b7cab-d2e,M0179-C009,fulfilled,352.57,2026-06-18 09:30:00,2026-06-19 07:37:44.964453
O002601,M0179,baf48b95-2bd,M0179-C010,fulfilled,1078.54,2026-05-29 11:59:00,2026-05-29 16:52:39.590695
O002602,M0179,15a9814d-440,M0179-C010,fulfilled,1992.41,2026-06-21 10:12:00,2026-06-21 12:00:07.416724
O002603,M0179,4db033bf-ca5,M0179-C010,fulfilled,469.7,2026-05-15 12:56:00,2026-05-15 13:00:51.727613
O002604,M0179,770320d1-b4d,M0179-C011,fulfilled,889.73,2026-05-31 21:07:00,2026-06-02 14:41:42.457122
O002605,M0179,0fb7d6e0-fe5,M0179-C013,fulfilled,589.24,2026-06-12 13:32:00,2026-06-13 09:45:18.745323
O002606,M0179,56574322-45e,M0179-C013,fulfilled,962.21,2026-06-28 17:10:00,2026-06-28 21:53:40.686743
O002607,M0179,734e9ca7-4d1,M0179-C014,fulfilled,670.33,2026-06-19 09:01:00,2026-06-19 10:49:35.995306
O002608,M0179,fef8e6d9-4d7,M0179-C014,fulfilled,831.51,2026-05-25 08:30:00,2026-05-26 11:45:20.340678
O002609,M0179,b173fe31-22f,M0179-C016,fulfilled,800.49,2026-05-21 11:32:00,2026-05-24 07:04:29.883847
O002610,M0179,7fb2994f-77d,M0179-C016,fulfilled,673.21,2026-05-30 10:00:00,2026-06-05 19:12:02.876054
O002611,M0179,cd24f5fa-95a,M0179-C020,fulfilled,754.81,2026-06-12 21:40:00,2026-06-13 04:15:43.873855
O002612,M0179,f5ffbb8f-325,M0179-C021,fulfilled,638.75,2026-06-27 17:32:00,2026-07-04 18:13:48.161405
O002613,M0179,ce96d9db-abd,M0179-C021,placed,728.33,2026-05-22 17:41:00,
O002614,M0179,921ca681-6c1,M0179-C022,fulfilled,627.06,2026-05-25 13:33:00,2026-05-26 15:09:06.760291
O002615,M0179,c1ddde1a-dab,M0179-C022,fulfilled,314.3,2026-06-05 10:08:00,2026-06-07 04:45:44.655205
O002616,M0179,2d3cffbb-4be,M0179-C023,fulfilled,959.51,2026-05-19 08:21:00,2026-05-19 14:22:17.212336
O002617,M0179,4bf5ec3d-029,M0179-C023,fulfilled,283.55,2026-06-08 15:23:00,2026-06-11 02:30:40.149664
O002618,M0180,cb0e256d-3b7,M0180-C000,fulfilled,665.02,2026-02-20 17:53:00,2026-02-20 23:33:29.563212
O002619,M0180,e4f4f99b-999,M0180-C000,fulfilled,227.7,2026-02-08 15:05:00,2026-02-15 04:45:40.989552
O002620,M0180,369020bd-0fc,M0180-C000,fulfilled,460.45,2026-02-21 19:55:00,2026-02-23 04:29:00.639388
O002621,M0180,0a64c57b-222,M0180-C001,fulfilled,719.13,2026-02-19 19:31:00,2026-02-20 16:12:57.384053
O002622,M0180,593da629-492,M0180-C003,fulfilled,1008.96,2026-02-28 20:25:00,2026-02-28 21:03:25.784014
O002623,M0180,e91af5e3-eff,M0180-C003,cancelled,1519.74,2026-02-11 08:17:00,
O002624,M0180,838c5039-16a,M0180-C005,fulfilled,599.31,2026-01-31 13:11:00,2026-02-01 21:31:20.830512
O002625,M0180,40a34b11-e51,M0180-C006,fulfilled,480.24,2026-01-27 18:43:00,2026-01-31 02:34:25.919437
O002626,M0180,2808bdec-d61,M0180-C007,fulfilled,185.01,2026-02-20 16:56:00,2026-02-28 14:04:20.749219
O002627,M0180,0c6e385c-e3c,M0180-C008,fulfilled,883.24,2026-02-13 09:58:00,2026-02-14 15:41:17.899341
O002628,M0180,6efcf88f-747,M0180-C008,placed,580.62,2026-01-23 20:35:00,
O002629,M0180,589278bb-2ed,M0180-C008,fulfilled,728.32,2026-02-15 11:14:00,2026-02-17 12:32:11.922399
O002630,M0180,674293e4-d39,M0180-C008,fulfilled,173.23,2026-02-21 13:49:00,2026-03-01 22:09:57.097804
O002631,M0180,175d648f-3ee,M0180-C010,fulfilled,161.21,2026-02-24 20:46:00,2026-02-25 22:10:13.215182
O002632,M0180,1483c9de-eed,M0180-C011,fulfilled,277.06,2026-02-20 18:42:00,2026-02-21 16:38:41.892898
O002633,M0180,c23612ed-164,M0180-C013,fulfilled,492.89,2026-02-21 22:41:00,2026-02-22 05:19:53.416790
O002634,M0180,baeef6f9-1a5,M0180-C015,fulfilled,973.66,2026-02-09 18:26:00,2026-02-11 19:51:00.513606
O002635,M0180,e56bb9f1-4fc,M0180-C015,fulfilled,457.38,2026-02-10 21:43:00,2026-02-11 05:21:45.799066
O002636,M0180,7c45624b-721,M0180-C018,fulfilled,977.07,2026-02-14 11:22:00,2026-02-14 15:52:19.984584
O002637,M0180,4e9f1219-f55,M0180-C019,placed,723.66,2026-01-26 20:04:00,
O002638,M0180,00fac99a-d52,M0180-C019,fulfilled,337.23,2026-02-28 21:19:00,2026-03-01 05:10:25.945257
O002639,M0180,0ade5514-e66,M0180-C019,fulfilled,544.37,2026-02-18 13:42:00,2026-02-20 17:28:45.849893
O002640,M0180,4e89f810-5a4,M0180-C019,fulfilled,678.0,2026-02-01 11:56:00,2026-02-05 07:28:42.241679
O002641,M0180,755de65b-835,M0180-C020,fulfilled,224.4,2026-02-07 21:31:00,2026-02-08 18:11:27.804160
O002642,M0180,4690b5e0-f2b,M0180-C021,placed,458.32,2026-02-18 09:25:00,
O002643,M0181,f568850f-0d5,M0181-C002,cancelled,356.33,2026-01-28 13:05:00,
O002644,M0181,75191eff-3ae,M0181-C002,cancelled,579.97,2026-03-16 19:21:00,
O002645,M0181,0b81bfd4-07d,M0181-C004,fulfilled,431.5,2026-02-26 19:20:00,2026-02-26 19:55:11.833816
O002646,M0182,f02ed43d-53c,M0182-C000,fulfilled,157.6,2026-05-24 08:29:00,2026-05-24 10:00:11.381023
O002647,M0182,fb878c63-ee7,M0182-C000,placed,1120.72,2026-06-05 21:33:00,
O002648,M0182,48145060-77f,M0182-C000,placed,349.36,2026-06-14 21:20:00,
O002649,M0182,f4a86f60-c79,M0182-C001,cancelled,308.17,2026-05-28 17:20:00,
O002650,M0182,009a15ca-e35,M0182-C002,fulfilled,832.35,2026-05-13 17:12:00,2026-05-14 09:12:33.074929
O002651,M0182,009a15ca-e35,M0182-C002,fulfilled,832.35,2026-05-13 17:12:00,2026-05-14 09:12:33.074929
O002652,M0182,a3c44e51-ac7,M0182-C004,fulfilled,489.62,2026-05-18 19:25:00,2026-05-19 20:00:34.458377
O002653,M0182,f2f9e3be-169,M0182-C005,fulfilled,759.12,2026-06-10 12:48:00,2026-06-11 02:15:27.947078
O002654,M0183,61916feb-068,M0183-C000,fulfilled,1481.29,2026-06-30 20:54:00,2026-07-03 01:00:28.307868
O002655,M0183,7183aaff-c6c,M0183-C001,cancelled,498.83,2026-06-30 10:05:00,
O002656,M0183,fbbee5d4-311,M0183-C001,fulfilled,425.78,2026-05-30 21:41:00,2026-05-31 04:42:11.759941
O002657,M0183,e64e3710-2f5,M0183-C001,fulfilled,744.7,2026-06-07 09:37:00,2026-06-08 22:32:56.969976
O002658,M0183,d8b275ce-203,M0183-C002,fulfilled,511.58,2026-06-18 13:15:00,2026-06-19 08:18:30.112528
O002659,M0183,7a0ce679-29c,M0183-C004,fulfilled,1000.4,2026-06-15 19:00:00,2026-06-16 05:57:08.478386
O002660,M0183,0b1dd947-6eb,M0183-C004,fulfilled,134.6,2026-06-25 15:01:00,2026-06-26 03:46:42.969678
O002661,M0183,ed05ad37-a11,M0183-C005,placed,994.73,2026-06-16 22:37:00,
O002662,M0183,b04f9f4c-3b3,M0183-C006,fulfilled,1250.97,2026-06-13 13:23:00,2026-06-18 06:30:44.122264
O002663,M0183,43c285da-9f5,M0183-C006,fulfilled,360.69,2026-06-02 08:39:00,2026-06-02 23:51:57.381336
O002664,M0183,26d8f4da-48e,M0183-C007,fulfilled,1317.31,2026-05-28 09:14:00,2026-05-28 09:52:55.593181
O002665,M0183,897871a6-cea,M0183-C009,placed,687.69,2026-06-08 18:36:00,
O002666,M0183,1c86f4a4-00f,M0183-C009,placed,374.94,2026-06-18 17:26:00,
O002667,M0183,977185a5-5ae,M0183-C010,placed,912.95,2026-06-06 10:16:00,
O002668,M0183,fae06710-d1f,M0183-C011,fulfilled,603.16,2026-06-08 16:34:00,2026-06-09 12:56:31.866549
O002669,M0183,af5f6004-a58,M0183-C013,fulfilled,1339.25,2026-06-24 20:45:00,2026-06-26 12:06:43.751707
O002670,M0183,b88af308-f9b,M0183-C013,fulfilled,517.26,2026-06-17 08:46:00,2026-06-18 13:44:25.889431
O002671,M0183,ae1b2fa7-6f5,M0183-C013,fulfilled,545.2,2026-06-12 21:22:00,2026-06-14 16:06:00.293035
O002672,M0183,4e51299c-01c,M0183-C014,placed,347.51,2026-06-23 20:25:00,
O002673,M0183,241c1077-6ff,M0183-C015,fulfilled,465.11,2026-06-24 20:08:00,2026-07-01 11:42:33.184577
O002674,M0183,429125cf-a9d,M0183-C016,fulfilled,735.98,2026-06-23 20:18:00,2026-06-27 02:10:58.479889
O002675,M0183,039e0a15-fa0,M0183-C017,fulfilled,199.16,2026-06-01 09:58:00,2026-06-02 10:10:23.045899
O002676,M0183,f39571fd-6dc,M0183-C017,placed,257.67,2026-06-20 09:15:00,
O002677,M0183,30eb30dd-3fc,M0183-C018,fulfilled,461.66,2026-05-27 11:39:00,2026-05-28 01:27:25.275577
O002678,M0183,3bb8d53f-aab,M0183-C018,fulfilled,169.0,2026-06-17 09:57:00,2026-06-18 12:06:22.597504
O002679,M0183,ca432ada-fe8,M0183-C019,fulfilled,362.76,2026-06-14 12:08:00,2026-06-16 04:21:21.879566
O002680,M0183,31195abe-1ab,M0183-C019,fulfilled,872.81,2026-06-10 12:46:00,2026-06-11 17:08:46.392627
O002681,M0183,a6153149-80e,M0183-C019,fulfilled,346.19,2026-06-22 15:15:00,2026-06-25 18:57:47.799130
O002682,M0183,01c5051f-179,M0183-C020,fulfilled,690.26,2026-06-21 21:54:00,2026-06-22 02:33:43.886328
O002683,M0183,bdc98429-eff,M0183-C021,cancelled,1299.22,2026-06-17 14:49:00,
O002684,M0183,9b94eec7-91f,M0183-C021,fulfilled,886.8,2026-06-30 18:28:00,2026-07-02 00:16:07.489668
O002685,M0183,d804a6ea-484,M0183-C021,fulfilled,557.02,2026-06-03 16:21:00,2026-06-07 11:41:56.499891
O002686,M0184,dcb213a7-320,M0184-C000,fulfilled,536.84,2026-01-27 19:33:00,2026-01-28 17:31:08.626605
O002687,M0185,5a7032be-6d1,M0185-C000,fulfilled,424.1,2026-01-24 14:35:00,2026-01-25 20:41:58.963680
O002688,M0185,bcbf5a0a-29f,M0185-C000,fulfilled,602.39,2026-01-12 15:26:00,2026-01-21 12:29:17.917940
O002689,M0185,192581e6-a3d,M0185-C001,fulfilled,1303.47,2026-01-12 13:43:00,2026-01-12 21:10:08.822989
O002690,M0185,e981555a-049,M0185-C001,fulfilled,212.09,2026-01-20 14:08:00,2026-01-21 19:47:20.209453
O002691,M0185,7270bb19-a4b,M0185-C002,fulfilled,912.0,2026-01-24 15:32:00,2026-01-25 23:50:48.361713
O002692,M0185,07381418-20b,M0185-C002,fulfilled,418.32,2026-01-25 12:39:00,2026-02-03 14:35:13.177897
O002693,M0185,626242d3-d33,M0185-C002,fulfilled,218.34,2026-01-18 15:24:00,2026-01-19 12:20:58.462233
O002694,M0185,9617acd5-dff,M0185-C002,fulfilled,513.43,2026-01-13 13:34:00,2026-01-14 07:54:32.989014
O002695,M0186,5d482a7a-aec,M0186-C000,fulfilled,566.58,2026-04-19 13:53:00,2026-04-19 17:06:55.531657
O002696,M0186,1b835fcb-a08,M0186-C000,fulfilled,1012.05,2026-04-06 20:51:00,2026-04-07 10:05:55.521302
O002697,M0186,0653aa05-d34,M0186-C001,fulfilled,590.28,2026-01-26 21:06:00,2026-01-27 13:09:25.737572
O002698,M0186,a0979aa8-30c,M0186-C001,fulfilled,1198.51,2026-05-06 18:49:00,2026-05-07 00:42:28.255637
O002699,M0186,8250d563-575,M0186-C001,fulfilled,493.03,2026-05-23 20:57:00,2026-05-27 05:33:42.775033
O002700,M0186,2f1cc08c-589,M0186-C002,fulfilled,790.79,2026-05-30 18:47:00,2026-06-01 12:44:23.604038
O002701,M0186,73265266-4b3,M0186-C003,fulfilled,604.2,2026-06-16 21:41:00,2026-06-17 22:14:27.925942
O002702,M0186,ef7a29ae-ba5,M0186-C003,cancelled,406.63,2026-01-07 20:23:00,
O002703,M0186,93de40cb-664,M0186-C004,fulfilled,659.66,2026-05-09 10:10:00,2026-05-15 02:21:35.373091
O002704,M0186,9e07daec-bcf,M0186-C005,fulfilled,134.66,2026-04-03 11:50:00,2026-04-05 20:25:34.714689
O002705,M0186,07db4368-fb9,M0186-C006,fulfilled,487.55,2026-05-09 21:30:00,2026-05-10 07:46:17.758397
O002706,M0186,4e1f1f60-490,M0186-C007,fulfilled,837.33,2026-02-01 18:01:00,2026-02-01 22:21:57.916665
O002707,M0186,a411e149-26e,M0186-C007,fulfilled,193.8,2026-04-04 14:33:00,2026-04-04 22:39:32.135628
O002708,M0186,5797ae79-f56,M0186-C007,fulfilled,485.36,2026-01-26 23:03:00,2026-01-27 12:54:17.784449
O002709,M0186,2e01e961-cc3,M0186-C008,fulfilled,522.08,2026-06-26 15:40:00,2026-06-29 15:04:34.392926
O002710,M0186,9d518eda-4fe,M0186-C012,fulfilled,445.31,2026-02-13 17:52:00,2026-02-14 19:12:31.368477
O002711,M0186,bee167b4-504,M0186-C014,fulfilled,455.88,2026-02-27 19:01:00,2026-02-28 12:49:51.496827
O002712,M0186,4e793b45-6c1,M0186-C014,fulfilled,906.45,2026-04-25 16:46:00,2026-04-27 00:48:39.550923
O002713,M0186,a4927f58-c34,M0186-C015,fulfilled,253.01,2026-01-31 14:14:00,2026-01-31 18:08:20.511782
O002714,M0186,1369d192-472,M0186-C016,fulfilled,633.48,2026-03-07 13:07:00,2026-03-07 21:26:10.762308
O002715,M0186,3929ace6-b48,M0186-C016,fulfilled,674.72,2026-05-04 09:05:00,2026-05-06 23:49:22.251887
O002716,M0186,af107b26-cb7,M0186-C018,fulfilled,694.19,2026-03-19 17:19:00,2026-03-20 21:57:35.442260
O002717,M0186,ffc21a01-69c,M0186-C020,fulfilled,356.93,2026-05-22 13:41:00,2026-05-22 19:33:10.159932
O002718,M0187,a5dcb89f-b0f,M0187-C000,fulfilled,437.74,2026-01-10 18:28:00,2026-01-11 15:19:09.981498
O002719,M0187,e0d46f1b-e91,M0187-C001,fulfilled,129.36,2026-01-30 10:25:00,2026-01-31 02:47:47.659031
O002720,M0187,52465d3a-df3,M0187-C002,fulfilled,1309.69,2026-02-10 15:44:00,2026-02-11 08:27:04.742286
O002721,M0187,1db771fc-cd1,M0187-C002,fulfilled,239.05,2026-01-24 17:38:00,2026-01-25 22:53:28.446963
O002722,M0187,63afe7ea-c17,M0187-C002,fulfilled,37.63,2026-02-18 11:43:00,2026-02-20 12:01:04.519370
O002723,M0187,e1f9e902-aa6,M0187-C003,fulfilled,847.14,2026-01-11 15:21:00,2026-01-16 01:39:44.158089
O002724,M0187,90a860db-968,M0187-C004,cancelled,388.63,2026-02-02 13:40:00,
O002725,M0187,f21d638b-c06,M0187-C005,fulfilled,495.08,2026-01-21 17:20:00,2026-01-22 19:55:46.814412
O002726,M0187,d1491126-f17,M0187-C005,fulfilled,1652.13,2026-01-31 19:55:00,2026-02-04 19:53:55.205838
O002727,M0187,2b84ed57-514,M0187-C006,fulfilled,392.7,2026-01-29 22:49:00,2026-01-31 17:02:58.632975
O002728,M0187,febea2c3-03b,M0187-C006,fulfilled,142.07,2026-02-22 21:13:00,2026-02-24 11:13:48.572210
O002729,M0187,4400edd8-4e3,M0187-C007,fulfilled,932.34,2026-02-11 14:04:00,2026-02-13 14:53:31.983653
O002730,M0187,11ee8685-130,M0187-C008,fulfilled,324.67,2026-02-07 11:24:00,2026-02-08 05:44:47.450269
O002731,M0187,62fb782f-237,M0187-C008,fulfilled,359.08,2026-02-21 11:42:00,2026-02-23 18:08:47.880852
O002732,M0187,9ee63d41-a2e,M0187-C008,fulfilled,360.68,2026-01-21 11:18:00,2026-01-21 15:56:56.439571
O002733,M0187,8b9ec456-244,M0187-C008,fulfilled,231.01,2026-01-23 10:41:00,2026-01-23 22:01:22.329525
O002734,M0187,08bbedb3-abd,M0187-C008,fulfilled,433.25,2026-02-12 11:35:00,2026-02-13 14:42:14.040847
O002735,M0187,0a82ed55-df6,M0187-C009,fulfilled,155.97,2026-02-17 12:40:00,2026-03-04 18:59:50.781432
O002736,M0187,15129255-71e,M0187-C009,fulfilled,493.53,2026-02-18 20:55:00,2026-02-24 15:54:11.657813
O002737,M0187,93d76075-fd9,M0187-C011,fulfilled,719.92,2026-02-19 16:00:00,2026-02-20 17:03:20.663015
O002738,M0187,a50868a3-a29,M0187-C012,fulfilled,695.93,2026-02-18 20:56:00,2026-02-19 03:05:27.232403
O002739,M0187,4c924e47-49f,M0187-C013,fulfilled,762.89,2026-01-08 12:46:00,2026-01-09 06:58:47.980744
O002740,M0187,5c40d795-478,M0187-C014,fulfilled,919.62,2026-01-09 22:22:00,2026-01-11 19:27:31.270877
O002741,M0187,989e936e-383,M0187-C015,fulfilled,909.08,2026-01-20 18:53:00,2026-01-21 17:26:34.903266
O002742,M0187,f995cd44-888,M0187-C016,fulfilled,872.22,2026-02-14 16:25:00,2026-02-15 10:57:12.950625
O002743,M0187,7cac5acc-28e,M0187-C016,fulfilled,633.06,2026-01-17 16:07:00,2026-01-18 06:43:02.068082
O002744,M0187,21544537-3e5,M0187-C017,fulfilled,683.46,2026-01-12 10:10:00,2026-01-13 00:21:06.543774
O002745,M0187,e169b616-d00,M0187-C017,fulfilled,315.25,2026-02-15 16:23:00,2026-02-17 20:52:42.185364
O002746,M0187,87f904a4-135,M0187-C018,fulfilled,411.09,2026-01-11 10:46:00,2026-01-11 16:13:39.820266
O002747,M0187,a22c3e9c-414,M0187-C018,fulfilled,875.43,2026-02-02 22:49:00,2026-02-04 07:57:02.968870
O002748,M0187,18b2fb34-042,M0187-C019,fulfilled,247.24,2026-01-13 19:39:00,2026-01-17 05:39:07.832598
O002749,M0187,071dcbf9-771,M0187-C020,fulfilled,109.41,2026-01-30 10:11:00,2026-02-06 09:50:40.534537
O002750,M0187,8da8ddff-b38,M0187-C020,fulfilled,264.14,2026-01-06 12:51:00,2026-01-07 13:35:31.821649
O002751,M0188,3830db4f-83f,M0188-C000,fulfilled,385.37,2026-04-03 09:40:00,2026-04-04 08:19:50.720634
O002752,M0188,0bdf01d9-907,M0188-C000,fulfilled,546.37,2026-03-26 12:02:00,2026-03-27 06:00:25.548628
O002753,M0188,19e661cd-fcd,M0188-C001,fulfilled,537.72,2026-03-27 14:10:00,2026-04-05 21:48:03.538132
O002754,M0188,5448c1c4-be8,M0188-C001,fulfilled,503.76,2026-03-26 18:02:00,2026-03-29 22:09:56.803639
O002755,M0188,73a18758-16e,M0188-C002,fulfilled,302.59,2026-04-15 08:10:00,2026-04-17 08:32:23.106850
O002756,M0188,0c869441-00a,M0188-C003,fulfilled,414.3,2026-04-08 12:22:00,2026-04-08 21:05:09.996615
O002757,M0188,eb738f2e-ab2,M0188-C003,fulfilled,251.71,2026-04-14 22:30:00,2026-04-17 16:59:06.325907
O002758,M0188,e6c975a6-cf6,M0188-C004,cancelled,642.69,2026-04-08 14:07:00,
O002759,M0188,c48305fa-055,M0188-C004,fulfilled,686.75,2026-04-11 11:58:00,2026-04-14 01:50:22.942314
O002760,M0188,6a7cc253-74c,M0188-C005,fulfilled,767.57,2026-04-14 09:12:00,2026-04-16 11:37:27.887890
O002761,M0188,72d6a72e-d6d,M0188-C005,fulfilled,1069.74,2026-04-05 09:04:00,2026-04-07 20:01:34.375668
O002762,M0188,5c8c2602-143,M0188-C006,fulfilled,313.36,2026-03-31 09:48:00,2026-03-31 09:57:12.626979
O002763,M0188,5117ea6d-729,M0188-C009,fulfilled,293.73,2026-04-08 16:09:00,2026-04-08 21:57:53.403048
O002764,M0188,402027dc-067,M0188-C011,fulfilled,622.67,2026-03-30 12:52:00,2026-04-03 07:39:51.698794
O002765,M0188,8a4c7c7c-2da,M0188-C011,fulfilled,566.83,2026-04-04 22:57:00,2026-04-05 08:57:04.275290
O002766,M0188,7781808f-332,M0188-C012,cancelled,493.0,2026-04-03 10:45:00,
O002767,M0188,13223dfb-a31,M0188-C013,fulfilled,1297.57,2026-03-28 09:22:00,2026-03-29 17:55:47.419278
O002768,M0188,ae0d68c4-0a6,M0188-C014,fulfilled,149.89,2026-04-12 20:35:00,2026-04-12 21:05:54.961423
O002769,M0188,724d2b69-8a4,M0188-C016,fulfilled,242.6,2026-03-31 16:26:00,2026-04-02 15:29:49.559350
O002770,M0188,1b1e47fe-1f1,M0188-C016,cancelled,457.1,2026-04-09 08:54:00,
O002771,M0188,ce8f6467-ab7,M0188-C017,fulfilled,413.56,2026-03-29 14:29:00,2026-03-29 17:00:46.289881
O002772,M0188,5cfc9ff4-8c7,M0188-C018,fulfilled,1042.66,2026-03-26 16:00:00,2026-03-27 22:09:22.237269
O002773,M0188,79c156cc-d5c,M0188-C019,fulfilled,1064.1,2026-04-01 11:45:00,2026-04-02 02:32:33.210137
O002774,M0188,60c6e824-ead,M0188-C020,fulfilled,1164.13,2026-03-29 11:47:00,2026-03-30 04:36:47.108282
O002775,M0188,5cb64e47-6b4,M0188-C020,fulfilled,360.75,2026-04-02 12:37:00,2026-04-02 22:04:28.730666
O002776,M0188,04e478e4-b5f,M0188-C021,fulfilled,371.45,2026-04-12 12:46:00,2026-04-13 03:19:36.222302
O002777,M0188,0c06f6f3-70b,M0188-C021,fulfilled,498.96,2026-04-11 22:30:00,2026-04-12 19:42:00.019387
O002778,M0189,53857378-7f7,M0189-C000,fulfilled,613.63,2026-05-20 13:17:00,2026-05-20 15:07:42.510501
O002779,M0189,aa69b69d-054,M0189-C000,fulfilled,589.67,2026-04-18 17:07:00,2026-04-19 03:25:22.542193
O002780,M0189,5e7f3879-5fd,M0189-C000,fulfilled,744.88,2026-05-22 20:06:00,2026-05-23 00:48:14.940079
O002781,M0189,63f85d24-ae6,M0189-C002,fulfilled,333.45,2026-05-17 17:13:00,2026-05-17 23:35:07.820111
O002782,M0189,e5465f00-d32,M0189-C002,fulfilled,276.24,2026-05-31 10:18:00,2026-05-31 15:50:00.491521
O002783,M0189,9f039d85-e5c,M0189-C003,fulfilled,806.36,2026-03-26 22:33:00,2026-04-03 19:12:44.924237
O002784,M0189,f3533852-f5d,M0189-C003,fulfilled,464.18,2026-05-31 20:41:00,2026-06-01 14:26:19.289331
O002785,M0189,1216f751-5b8,M0189-C003,fulfilled,862.41,2026-05-22 15:15:00,2026-05-24 07:58:24.099634
O002786,M0189,67e93014-b52,M0189-C004,fulfilled,382.68,2026-04-08 18:08:00,2026-04-10 23:03:09.682022
O002787,M0189,0313b81a-4c6,M0189-C004,fulfilled,232.23,2026-04-10 20:29:00,2026-04-11 07:46:42.221361
O002788,M0190,d4d28951-492,M0190-C000,fulfilled,256.37,2026-05-15 08:31:00,2026-05-17 23:46:15.338699
O002789,M0190,c0ad289a-4b9,M0190-C000,fulfilled,734.3,2026-03-29 09:50:00,2026-04-08 12:50:11.908678
O002790,M0190,ddda4ba9-008,M0190-C000,fulfilled,227.97,2026-05-20 15:22:00,2026-05-20 16:52:07.264437
O002791,M0190,4a6df4af-e2d,M0190-C002,fulfilled,321.61,2026-04-08 12:26:00,2026-04-12 15:56:24.927997
O002792,M0191,0f96b172-953,M0191-C000,cancelled,222.98,2026-03-06 18:51:00,
O002793,M0191,2c797a80-240,M0191-C000,placed,357.6,2026-03-08 10:44:00,
O002794,M0191,0e815950-233,M0191-C001,fulfilled,774.26,2026-04-07 08:27:00,2026-04-11 11:54:45.608048
O002795,M0191,7cafc13c-029,M0191-C001,fulfilled,306.94,2026-02-17 15:44:00,2026-02-18 02:38:09.261827
O002796,M0191,50c27f0b-0ae,M0191-C001,cancelled,570.08,2026-04-02 17:06:00,
O002797,M0192,4cbf9dca-325,M0192-C001,fulfilled,158.77,2026-04-12 15:46:00,2026-04-13 22:47:52.790785
O002798,M0192,f99cf88b-d40,M0192-C001,fulfilled,980.24,2026-04-04 19:53:00,2026-04-07 02:55:33.338285
O002799,M0192,cb0cfc3f-990,M0192-C001,fulfilled,1069.0,2026-05-21 15:12:00,2026-05-23 07:37:06.669574
O002800,M0192,c2b15d0e-b03,M0192-C002,fulfilled,257.51,2026-04-15 10:20:00,2026-04-15 13:20:17.355117
O002801,M0192,86919f39-f21,M0192-C002,fulfilled,755.84,2026-06-17 12:07:00,2026-06-18 05:23:53.368080
O002802,M0192,474fc50d-980,M0192-C003,fulfilled,996.53,2026-06-25 09:33:00,2026-06-25 21:06:43.654552
O002803,M0192,2bcbd433-fa7,M0192-C004,fulfilled,375.42,2026-03-11 12:39:00,2026-03-12 20:12:16.890229
O002804,M0192,48e074b3-598,M0192-C005,placed,1649.26,2026-05-29 21:13:00,
O002805,M0192,5ccd538b-8da,M0192-C005,fulfilled,147.57,2026-04-08 16:59:00,2026-04-09 03:58:15.552967
O002806,M0192,78576e90-8a0,M0192-C005,placed,1011.2,2026-03-17 13:55:00,
O002807,M0192,d3f0f9f4-8ed,M0192-C006,fulfilled,570.05,2026-06-02 15:29:00,2026-06-04 22:31:43.280277
O002808,M0192,f463858b-09a,M0192-C006,fulfilled,384.92,2026-05-30 20:35:00,2026-06-04 07:44:28.140689
O002809,M0192,7447dbc8-f27,M0192-C008,fulfilled,453.42,2026-05-20 22:41:00,2026-05-21 23:21:26.325714
O002810,M0192,2ac511d1-bab,M0192-C009,fulfilled,256.01,2026-03-29 22:35:00,2026-03-31 11:02:36.305192
O002811,M0192,b37af0cb-9ce,M0192-C010,fulfilled,416.74,2026-03-03 18:28:00,2026-03-08 10:20:02.384518
O002812,M0192,dab15773-f9b,M0192-C010,fulfilled,392.07,2026-04-30 17:57:00,2026-05-01 02:46:58.435507
O002813,M0192,e2322bfe-c06,M0192-C011,cancelled,1058.78,2026-03-30 15:36:00,
O002814,M0192,973ac012-480,M0192-C013,fulfilled,276.05,2026-03-08 22:17:00,2026-03-09 19:32:38.227942
O002815,M0192,cf109d62-4b6,M0192-C015,fulfilled,224.62,2026-04-09 22:20:00,2026-04-13 23:13:02.422457
O002816,M0193,4eda41a6-fd2,M0193-C000,fulfilled,398.88,2026-02-04 09:38:00,2026-02-05 04:39:37.764716
O002817,M0193,f64b345e-df6,M0193-C000,fulfilled,498.88,2026-02-03 20:25:00,2026-02-07 07:08:02.297504
O002818,M0193,bdc97644-aea,M0193-C002,fulfilled,440.98,2026-01-22 22:01:00,2026-01-23 02:00:17.401371
O002819,M0193,41313dd0-f3b,M0193-C002,fulfilled,349.97,2026-02-03 14:59:00,2026-02-05 02:57:04.410456
O002820,M0193,cfe96329-885,M0193-C002,fulfilled,603.95,2026-01-26 11:56:00,2026-01-27 12:12:33.120821
O002821,M0193,09f63c5d-e6a,M0193-C002,fulfilled,978.89,2026-01-24 15:59:00,2026-01-24 20:59:35.813397
O002822,M0193,f7de930f-69b,M0193-C003,fulfilled,285.6,2026-01-21 10:39:00,2026-01-22 11:23:57.833014
O002823,M0193,1540e51e-d0b,M0193-C004,fulfilled,778.27,2026-01-16 14:33:00,2026-01-17 13:46:46.807938
O002824,M0193,9a08a79b-4ea,M0193-C005,fulfilled,1221.5,2026-01-19 19:47:00,2026-01-20 07:53:46.122668
O002825,M0193,8bba1bb2-b16,M0193-C006,fulfilled,592.54,2026-01-27 17:12:00,2026-01-27 18:59:42.834032
O002826,M0193,ce552516-6a0,M0193-C011,fulfilled,860.92,2026-02-02 12:42:00,2026-02-02 18:06:15.684627
O002827,M0193,0e6ac1cd-d06,M0193-C011,cancelled,1396.6,2026-01-23 10:19:00,
O002828,M0193,0e455065-36c,M0193-C013,fulfilled,455.67,2026-02-03 19:59:00,2026-02-06 18:25:59.838682
O002829,M0193,0e455065-36c,M0193-C013,fulfilled,455.67,2026-02-03 19:59:00,2026-02-06 18:25:59.838682
O002830,M0193,8439ac49-549,M0193-C013,fulfilled,434.85,2026-01-26 15:21:00,2026-02-01 10:22:53.739582
O002831,M0193,117d2c6b-7d6,M0193-C014,fulfilled,1436.65,2026-01-22 10:37:00,2026-01-22 11:04:42.052437
O002832,M0193,51d67f3e-57c,M0193-C014,fulfilled,478.06,2026-01-19 22:12:00,2026-01-21 00:05:39.539585
O002833,M0193,6f55dd98-f2a,M0193-C015,fulfilled,348.96,2026-02-05 14:11:00,2026-02-07 14:21:12.340730
O002834,M0193,4fec30e5-29c,M0193-C015,fulfilled,754.48,2026-01-22 13:09:00,2026-01-23 03:06:13.693576
O002835,M0193,01b0f87e-f15,M0193-C016,fulfilled,604.97,2026-02-05 18:41:00,2026-02-11 00:47:39.660241
O002836,M0193,26d545da-0ed,M0193-C016,fulfilled,379.06,2026-01-29 22:11:00,2026-01-31 15:18:53.924514
O002837,M0193,8d1c32da-b2c,M0193-C019,fulfilled,213.95,2026-01-16 12:55:00,2026-01-17 13:39:20.157266
O002838,M0193,a61d08f3-c96,M0193-C020,fulfilled,401.72,2026-02-02 14:39:00,2026-02-03 04:16:23.345515
O002839,M0193,8502b449-fc4,M0193-C020,fulfilled,665.76,2026-02-01 20:26:00,2026-02-02 00:24:52.744240
O002840,M0193,703e293a-8ef,M0193-C020,fulfilled,1486.45,2026-02-04 16:17:00,2026-02-06 17:57:06.032658
O002841,M0194,81f193aa-5a1,M0194-C001,fulfilled,789.76,2026-03-10 20:45:00,2026-03-12 04:54:43.307725
O002842,M0195,26a45f6f-72c,M0195-C000,fulfilled,541.31,2026-06-27 22:18:00,2026-07-01 11:38:35.321303
O002843,M0195,10213d99-d70,M0195-C001,fulfilled,222.37,2026-06-21 09:39:00,2026-06-22 08:35:15.661010
O002844,M0195,f6d71fd9-763,M0195-C002,fulfilled,1125.53,2026-06-23 12:32:00,2026-06-25 05:29:33.571547
O002845,M0195,940f7681-8e9,M0195-C002,cancelled,252.76,2026-06-27 11:38:00,
O002846,M0195,868a3d8c-d75,M0195-C003,placed,609.37,2026-06-25 14:29:00,
O002847,M0195,76f2820c-67b,M0195-C004,fulfilled,298.02,2026-06-25 12:40:00,2026-06-28 02:13:39.845479
O002848,M0195,a37900ab-8a4,M0195-C004,fulfilled,807.16,2026-06-20 21:15:00,2026-06-22 00:27:45.746181
O002849,M0195,c9f441a6-f02,M0195-C004,fulfilled,575.9,2026-06-30 08:18:00,2026-06-30 21:56:44.903472
O002850,M0195,2ab158f7-c6c,M0195-C008,fulfilled,661.82,2026-06-26 11:10:00,2026-06-26 12:58:39.053830
O002851,M0195,22eff6a8-d3c,M0195-C008,fulfilled,1027.79,2026-06-20 08:04:00,2026-06-21 18:15:18.615980
O002852,M0195,c27e01cd-5ce,M0195-C008,fulfilled,1052.62,2026-06-24 11:40:00,2026-06-24 17:36:47.356914
O002853,M0195,29e060f4-430,M0195-C010,fulfilled,588.79,2026-06-28 17:38:00,2026-07-05 05:45:27.738989
O002854,M0195,b818b4ac-770,M0195-C010,fulfilled,614.66,2026-06-25 09:46:00,2026-06-25 17:17:47.169633
O002855,M0195,b818b4ac-770,M0195-C010,fulfilled,614.66,2026-06-25 09:46:00,2026-06-25 17:17:47.169633
O002856,M0195,b7b4f321-97c,M0195-C011,cancelled,738.36,2026-06-22 11:10:00,
O002857,M0195,41833ca9-8f1,M0195-C012,fulfilled,836.73,2026-06-20 13:17:00,2026-06-25 06:45:39.766105
O002858,M0195,0a1f9ed9-5c1,M0195-C012,fulfilled,413.94,2026-06-29 10:49:00,2026-07-01 06:46:41.330824
O002859,M0195,70beb469-532,M0195-C012,fulfilled,1122.66,2026-06-24 20:37:00,2026-07-01 16:25:39.750977
O002860,M0195,e9710b18-0b4,M0195-C012,fulfilled,482.99,2026-06-20 17:42:00,2026-06-24 01:52:02.565550
O002861,M0195,2bd1501d-797,M0195-C013,fulfilled,445.77,2026-06-24 12:24:00,2026-06-25 07:29:24.711181
O002862,M0195,596c6e99-6ee,M0195-C013,fulfilled,422.19,2026-06-22 20:34:00,2026-06-28 14:29:21.656330
O002863,M0195,7f653243-7d3,M0195-C014,cancelled,667.71,2026-06-21 22:39:00,
O002864,M0195,31af8667-081,M0195-C014,fulfilled,362.23,2026-06-26 18:43:00,2026-06-27 05:49:14.340089
O002865,M0195,3da98f40-fa6,M0195-C015,fulfilled,1682.65,2026-06-29 14:03:00,2026-06-30 11:29:31.832833
O002866,M0195,e43555b9-2ad,M0195-C015,fulfilled,683.26,2026-06-20 12:46:00,2026-06-21 00:40:44.823733
O002867,M0195,53cbb288-0dd,M0195-C016,fulfilled,220.83,2026-06-21 21:42:00,2026-06-23 09:41:59.498825
O002868,M0195,2fcbc96b-31b,M0195-C017,fulfilled,366.68,2026-06-28 09:11:00,2026-07-01 09:43:19.101781
O002869,M0195,f8c4535e-d31,M0195-C018,cancelled,222.01,2026-06-24 08:29:00,
O002870,M0196,b2cbae0f-c24,M0196-C001,fulfilled,551.49,2026-04-21 21:07:00,2026-04-22 19:04:25.910406
O002871,M0196,303f505a-54c,M0196-C002,fulfilled,951.9,2026-04-11 15:23:00,2026-04-12 00:44:36.261784
O002872,M0196,727ed9c0-432,M0196-C003,fulfilled,372.44,2026-03-19 10:39:00,2026-03-20 03:11:25.015404
O002873,M0196,c62dbe39-f4e,M0196-C004,fulfilled,214.06,2026-01-27 16:49:00,2026-01-28 18:27:00.098787
O002874,M0196,2f39308f-cdc,M0196-C005,fulfilled,363.97,2026-06-23 13:09:00,2026-06-24 07:48:41.572803
O002875,M0196,d1351c24-24d,M0196-C006,fulfilled,1603.21,2026-03-31 16:19:00,2026-04-07 22:34:05.249911
O002876,M0196,62b3714a-744,M0196-C008,fulfilled,625.0,2026-05-24 13:56:00,2026-05-24 16:37:34.054726
O002877,M0196,52216c32-fcf,M0196-C008,placed,862.73,2026-03-12 20:27:00,
O002878,M0196,458630f5-4ed,M0196-C009,fulfilled,284.77,2026-02-17 17:47:00,2026-02-18 04:08:03.440660
O002879,M0196,c243c2a7-d9d,M0196-C009,fulfilled,802.85,2026-01-30 12:45:00,2026-01-31 21:45:02.945473
O002880,M0196,98752f9c-410,M0196-C010,cancelled,308.69,2026-04-18 13:29:00,
O002881,M0196,179ac529-ac9,M0196-C010,fulfilled,666.96,2026-01-27 21:21:00,2026-01-30 21:48:43.546422
O002882,M0196,0dcf0651-af3,M0196-C011,fulfilled,269.02,2026-04-29 19:27:00,2026-05-03 15:57:00.732940
O002883,M0196,f5fb686d-7ef,M0196-C012,fulfilled,215.01,2026-06-15 21:24:00,2026-06-15 23:08:32.000400
O002884,M0196,4a28c395-f62,M0196-C013,fulfilled,434.92,2026-04-27 21:29:00,2026-05-02 13:09:50.206506
O002885,M0196,748c624d-f0f,M0196-C014,fulfilled,701.7,2026-02-10 22:34:00,2026-02-11 00:36:08.828278
O002886,M0196,d036a4f2-d0e,M0196-C014,placed,930.09,2026-03-13 20:27:00,
O002887,M0196,6bd74233-dc8,M0196-C014,fulfilled,404.77,2026-05-11 08:41:00,2026-05-13 06:43:55.717012
O002888,M0196,0cffcda0-170,M0196-C015,fulfilled,752.77,2026-02-15 16:06:00,2026-02-23 03:52:19.397884
O002889,M0196,a64bd489-537,M0196-C016,fulfilled,617.96,2026-02-21 14:09:00,2026-02-28 12:03:37.925494
O002890,M0196,8d07fe86-837,M0196-C016,fulfilled,307.75,2026-03-29 14:26:00,2026-04-07 21:24:20.527186
O002891,M0196,10c02431-952,M0196-C018,fulfilled,666.68,2026-05-25 09:14:00,2026-05-26 21:39:24.603838
O002892,M0196,8b4490bc-696,M0196-C018,fulfilled,614.11,2026-03-22 12:58:00,2026-03-25 21:01:45.925650
O002893,M0196,ee639b93-812,M0196-C019,fulfilled,1235.31,2026-01-27 18:12:00,2026-01-27 21:02:19.117047
O002894,M0196,5488e1bf-fdb,M0196-C020,fulfilled,300.98,2026-02-04 10:06:00,2026-02-05 11:43:35.413288
O002895,M0196,3d80f0c1-ac7,M0196-C020,fulfilled,575.94,2026-02-08 14:19:00,2026-02-09 20:54:41.053818
O002896,M0196,e3288609-298,M0196-C021,fulfilled,691.33,2026-04-27 21:38:00,2026-04-28 13:21:23.832178
O002897,M0197,e52ac6d1-2dd,M0197-C000,fulfilled,661.85,2026-02-21 16:22:00,2026-02-23 19:21:01.384113
O002898,M0197,33ffc488-e5d,M0197-C000,fulfilled,227.21,2026-04-09 11:52:00,2026-04-09 19:14:19.358131
O002899,M0197,5f4c6c36-69f,M0197-C000,fulfilled,427.21,2026-02-28 19:46:00,2026-03-09 22:49:09.059781
O002900,M0197,0ff786b9-23a,M0197-C003,fulfilled,503.06,2026-04-10 18:48:00,2026-04-11 16:30:27.408939
O002901,M0197,e8311c76-2a0,M0197-C003,fulfilled,1520.94,2026-01-22 10:21:00,2026-01-23 16:21:36.161175
O002902,M0197,3267f2fd-fcd,M0197-C004,fulfilled,880.6,2026-04-07 17:19:00,2026-04-09 15:53:55.829486
O002903,M0197,8bfe020c-3f6,M0197-C004,fulfilled,975.26,2026-03-15 12:05:00,2026-03-16 10:40:47.149443
O002904,M0197,b840d388-bb6,M0197-C004,fulfilled,665.98,2026-02-16 20:39:00,2026-02-23 04:50:56.674061
O002905,M0197,8c3876b3-283,M0197-C005,fulfilled,425.68,2026-04-29 22:47:00,2026-04-30 04:47:22.235020
O002906,M0197,79ea8149-7f9,M0197-C005,fulfilled,683.16,2026-05-02 16:04:00,2026-05-03 05:26:14.336507
O002907,M0199,009f0af0-8b9,M0199-C000,fulfilled,136.52,2026-06-09 12:09:00,2026-06-09 17:08:54.437249
O002908,M0200,967b4053-0ee,M0200-C000,fulfilled,914.38,2026-01-14 12:58:00,2026-01-15 14:24:50.652165
O002909,M0200,88832a62-9d7,M0200-C000,fulfilled,1011.71,2026-02-15 16:34:00,2026-02-17 09:35:49.950732
O002910,M0200,a095fe15-77f,M0200-C000,fulfilled,648.18,2026-02-16 14:04:00,2026-02-17 11:55:50.004536
O002911,M0200,7b3a3161-8e3,M0200-C000,fulfilled,404.94,2026-04-01 18:52:00,2026-04-10 11:34:06.160530
O002912,M0200,03920e8a-1ce,M0200-C000,fulfilled,842.06,2026-04-13 19:04:00,2026-04-14 03:35:59.328965
O002913,M0200,f68ef721-8dc,M0200-C001,fulfilled,482.94,2026-01-07 19:59:00,2026-01-09 13:26:27.750226
O002914,M0200,d21ba07a-811,M0200-C002,fulfilled,1130.91,2026-02-26 11:09:00,2026-03-02 05:44:48.650253
O002915,M0200,afc92759-25f,M0200-C002,fulfilled,552.46,2026-01-23 11:30:00,2026-01-25 20:41:11.270030
O002916,M0200,f7e8928a-344,M0200-C002,cancelled,727.69,2026-01-27 17:40:00,
O002917,M0200,37c9d281-99f,M0200-C003,cancelled,263.27,2026-04-13 12:05:00,
O002918,M0200,15b2fc16-6e3,M0200-C003,fulfilled,423.16,2026-01-30 18:09:00,2026-01-31 10:55:24.079633
O002919,M0202,1e2d3046-b91,M0202-C000,fulfilled,844.82,2026-01-21 11:59:00,2026-02-02 16:25:01.222009
O002920,M0202,4cce3af9-1aa,M0202-C000,fulfilled,1590.72,2026-02-24 13:40:00,2026-02-25 08:42:31.451306
O002921,M0202,2b6e5ac9-403,M0202-C002,fulfilled,700.41,2026-03-22 08:52:00,2026-03-22 16:22:57.308489
O002922,M0202,c6cab2a8-06b,M0202-C003,cancelled,339.56,2026-03-02 18:42:00,
O002923,M0202,7bcdf9b9-d07,M0202-C003,fulfilled,314.01,2026-06-06 13:10:00,2026-06-10 22:41:47.881501
O002924,M0202,ab2284ea-815,M0202-C004,fulfilled,551.51,2026-05-18 10:20:00,2026-05-19 16:37:44.127576
O002925,M0202,4a45b65b-88d,M0202-C004,fulfilled,372.33,2026-04-03 10:43:00,2026-04-04 23:36:05.584350
O002926,M0202,8fed8bf1-9af,M0202-C004,fulfilled,247.65,2026-02-28 15:53:00,2026-03-01 07:16:31.917351
O002927,M0202,973869ed-9ea,M0202-C005,fulfilled,454.25,2026-02-03 10:50:00,2026-02-04 17:34:32.920822
O002928,M0202,46f17583-ba6,M0202-C006,fulfilled,906.3,2026-04-05 19:39:00,2026-04-06 13:02:01.496259
O002929,M0202,97d29933-9a5,M0202-C006,fulfilled,287.55,2026-03-12 19:10:00,2026-03-16 01:03:50.751752
O002930,M0202,710fa100-116,M0202-C006,fulfilled,883.1,2026-02-20 11:25:00,2026-02-22 13:40:34.388750
O002931,M0202,786aa4f1-4e7,M0202-C006,fulfilled,555.7,2026-06-02 11:07:00,2026-06-02 20:05:11.433004
O002932,M0202,4e335536-f5f,M0202-C007,fulfilled,521.35,2026-02-23 21:55:00,2026-02-24 19:02:03.061420
O002933,M0202,be890212-0f2,M0202-C008,cancelled,758.02,2026-04-29 11:21:00,
O002934,M0202,e267096c-74c,M0202-C008,fulfilled,715.7,2026-05-18 19:44:00,2026-05-19 11:53:14.879530
O002935,M0202,c73c87d0-e25,M0202-C011,fulfilled,1060.02,2026-04-12 19:57:00,2026-04-13 17:50:58.143144
O002936,M0202,793847fe-c17,M0202-C012,fulfilled,696.29,2026-05-03 22:01:00,2026-05-04 04:39:05.302283
O002937,M0202,7a0c9c2e-456,M0202-C013,fulfilled,289.7,2026-04-09 21:21:00,2026-04-09 22:25:57.404870
O002938,M0202,a6af697b-5f5,M0202-C014,fulfilled,318.28,2026-05-04 09:53:00,2026-05-11 19:44:21.335412
O002939,M0202,a6af697b-5f5,M0202-C014,fulfilled,318.28,2026-05-04 09:53:00,2026-05-11 19:44:21.335412
O002940,M0202,43ae7c53-ae7,M0202-C015,fulfilled,378.39,2026-05-26 21:50:00,2026-05-30 06:39:29.411216
O002941,M0202,fedd7bad-b92,M0202-C016,fulfilled,832.69,2026-02-01 20:04:00,2026-02-06 15:46:00.233433
O002942,M0202,87aac6c3-201,M0202-C017,fulfilled,603.71,2026-02-27 21:37:00,2026-02-28 12:24:15.981712
O002943,M0203,165db5c9-ee8,M0203-C002,fulfilled,660.67,2026-02-01 19:06:00,2026-02-01 23:21:40.839589
O002944,M0204,ddf48f7f-5c3,M0204-C002,fulfilled,209.08,2026-04-20 22:28:00,2026-04-25 14:19:58.605383
O002945,M0204,8c10186d-8e8,M0204-C003,fulfilled,235.64,2026-04-17 22:41:00,2026-04-25 16:05:03.147555
O002946,M0204,e29278aa-850,M0204-C004,fulfilled,241.19,2026-05-02 19:46:00,2026-05-04 02:59:00.735542
O002947,M0204,076d7043-386,M0204-C005,fulfilled,749.37,2026-05-07 17:12:00,2026-05-08 22:58:20.730322
O002948,M0204,cbc1bc16-e01,M0204-C005,fulfilled,1303.37,2026-04-24 08:46:00,2026-04-26 11:41:57.437801
O002949,M0204,960c891f-6ae,M0204-C006,fulfilled,510.71,2026-05-02 17:37:00,2026-05-04 13:16:14.810247
O002950,M0204,4c85abc3-d13,M0204-C007,fulfilled,481.76,2026-04-26 20:47:00,2026-04-27 10:52:12.320243
O002951,M0204,4ceacb36-db5,M0204-C008,fulfilled,318.52,2026-05-07 19:57:00,2026-05-08 04:51:21.867431
O002952,M0204,9df182ee-48f,M0204-C009,fulfilled,521.48,2026-05-01 20:57:00,2026-05-05 20:36:22.723503
O002953,M0204,9df182ee-48f,M0204-C009,fulfilled,521.48,2026-05-01 20:57:00,2026-05-05 20:36:22.723503
O002954,M0204,99de4afb-547,M0204-C010,fulfilled,137.38,2026-05-02 16:29:00,2026-05-04 12:32:07.772167
O002955,M0204,a8584adb-c30,M0204-C011,fulfilled,915.62,2026-05-01 15:31:00,2026-05-03 14:36:59.518187
O002956,M0204,5a27791b-53b,M0204-C012,fulfilled,911.56,2026-04-27 18:02:00,2026-04-27 19:28:52.409281
O002957,M0204,50cd9b86-95d,M0204-C013,fulfilled,554.29,2026-04-23 10:40:00,2026-04-24 18:35:13.914996
O002958,M0204,5b6ffdfb-9f2,M0204-C013,placed,896.45,2026-04-26 17:37:00,
O002959,M0204,e5e35227-8c9,M0204-C014,fulfilled,538.7,2026-05-06 19:08:00,2026-05-06 23:41:23.534275
O002960,M0204,57ea1d76-6fc,M0204-C016,fulfilled,341.82,2026-05-08 17:10:00,2026-05-10 03:18:49.907211
O002961,M0204,b852276d-bb9,M0204-C017,fulfilled,1046.96,2026-04-22 21:17:00,2026-04-23 00:24:17.033811
O002962,M0204,5202c435-cb4,M0204-C017,fulfilled,548.12,2026-04-28 14:32:00,2026-04-29 19:18:13.630761
O002963,M0204,45cecc6d-420,M0204-C018,fulfilled,653.0,2026-05-05 13:17:00,2026-05-08 05:24:16.412485
O002964,M0204,ffa2780e-e2f,M0204-C018,fulfilled,479.82,2026-04-17 15:49:00,2026-04-18 11:03:54.726658
O002965,M0204,c78e9bf8-e6a,M0204-C018,fulfilled,349.4,2026-05-06 20:50:00,2026-05-07 09:10:36.600157
O002966,M0204,a73a63c9-39d,M0204-C019,fulfilled,179.61,2026-05-06 08:30:00,2026-05-06 08:50:39.318973
O002967,M0204,f081efba-9e1,M0204-C019,fulfilled,501.67,2026-04-18 08:41:00,2026-04-18 20:29:18.227846
O002968,M0204,67395e0e-539,M0204-C021,fulfilled,757.47,2026-04-29 09:31:00,2026-05-05 02:50:25.235991
O002969,M0205,266bcf0f-f88,M0205-C000,fulfilled,732.24,2026-02-16 17:50:00,2026-02-17 13:32:26.247796
O002970,M0205,876a2eaa-867,M0205-C000,fulfilled,416.02,2026-04-04 10:56:00,2026-04-05 04:16:48.618062
O002971,M0205,8e6d46cb-4bc,M0205-C000,fulfilled,783.92,2026-02-09 22:28:00,2026-02-09 23:27:56.354296
O002972,M0205,e73c10ee-623,M0205-C001,fulfilled,173.45,2026-03-24 11:56:00,2026-03-24 14:34:52.406125
O002973,M0205,01c7123a-e55,M0205-C001,fulfilled,646.81,2026-03-21 19:49:00,2026-03-22 14:33:51.250231
O002974,M0205,8c9f122e-137,M0205-C003,fulfilled,272.81,2026-01-28 10:44:00,2026-01-31 20:41:57.067925
O002975,M0205,3aafdceb-0ed,M0205-C003,fulfilled,539.41,2026-01-24 22:32:00,2026-01-24 22:41:47.101659
O002976,M0206,e9e2e56e-b18,M0206-C000,fulfilled,1558.52,2026-06-02 15:45:00,2026-06-05 04:40:45.839203
O002977,M0206,8cd62b3c-adc,M0206-C000,fulfilled,142.11,2026-06-26 15:11:00,2026-06-27 19:31:45.529735
O002978,M0206,94ee4a15-048,M0206-C000,fulfilled,605.13,2026-06-06 10:30:00,2026-06-08 10:10:52.643024
O002979,M0206,8f8876e9-a75,M0206-C001,fulfilled,621.97,2026-06-01 15:49:00,2026-06-06 21:17:50.928353
O002980,M0206,ba9e7623-0a3,M0206-C002,fulfilled,759.46,2026-06-14 21:09:00,2026-06-16 08:38:21.517236
O002981,M0206,dddb4115-644,M0206-C003,fulfilled,286.77,2026-05-25 16:32:00,2026-05-27 02:23:26.359100
O002982,M0206,9135b311-e8f,M0206-C005,cancelled,727.14,2026-05-23 15:12:00,
O002983,M0206,0684c474-9ff,M0206-C005,cancelled,368.96,2026-05-28 21:48:00,
O002984,M0206,8498462f-325,M0206-C006,fulfilled,207.35,2026-05-16 20:25:00,2026-05-17 09:00:40.628454
O002985,M0206,23545cc8-003,M0206-C008,fulfilled,217.85,2026-05-21 17:44:00,2026-05-23 03:23:27.150669
O002986,M0206,115f81ca-f59,M0206-C009,fulfilled,465.95,2026-05-16 23:00:00,2026-05-19 09:59:06.552649
O002987,M0206,bde2d97b-e09,M0206-C009,fulfilled,459.96,2026-05-16 19:45:00,2026-05-17 04:43:27.406485
O002988,M0206,2834989a-b60,M0206-C011,fulfilled,898.67,2026-05-19 12:28:00,2026-05-19 15:23:14.658171
O002989,M0206,327fb9de-dad,M0206-C011,fulfilled,918.84,2026-06-13 17:29:00,2026-06-16 02:03:32.295884
O002990,M0206,6b000477-b7a,M0206-C012,fulfilled,325.81,2026-05-20 09:03:00,2026-05-20 17:59:30.756396
O002991,M0206,b7b677ba-dce,M0206-C013,fulfilled,452.8,2026-05-19 18:34:00,2026-05-21 07:23:45.890890
O002992,M0206,21ad0c81-87f,M0206-C014,cancelled,483.74,2026-05-30 19:49:00,
O002993,M0206,1b5eab66-47c,M0206-C015,fulfilled,1127.03,2026-05-18 09:06:00,2026-05-19 21:06:09.180651
O002994,M0206,8c7d16d0-6be,M0206-C016,fulfilled,101.81,2026-06-06 18:28:00,2026-06-14 06:26:41.694641
O002995,M0206,d6765c7b-ea9,M0206-C016,fulfilled,449.17,2026-06-05 18:10:00,2026-06-06 15:00:52.463169
O002996,M0206,7143f1d2-26d,M0206-C018,cancelled,683.77,2026-06-14 22:57:00,
O002997,M0206,675e8aa9-93f,M0206-C018,cancelled,604.38,2026-06-13 20:46:00,
O002998,M0206,bebfcdd6-2c5,M0206-C019,fulfilled,412.53,2026-06-18 13:24:00,2026-06-18 23:25:18.600698
O002999,M0206,e23dfd4e-eb1,M0206-C020,fulfilled,886.74,2026-06-02 17:56:00,2026-06-03 02:46:39.731371
O003000,M0206,a862b4b9-243,M0206-C021,cancelled,164.72,2026-06-21 17:50:00,
O003001,M0207,ab272314-f0c,M0207-C001,fulfilled,633.4,2026-02-25 19:20:00,2026-02-26 16:05:18.083195
O003002,M0207,0a4b2334-120,M0207-C002,fulfilled,234.74,2026-04-09 22:50:00,2026-04-11 04:00:45.237128
O003003,M0207,66e4ff5b-371,M0207-C004,cancelled,689.84,2026-03-05 10:51:00,
O003004,M0207,3f3f2785-d52,M0207-C005,fulfilled,588.03,2026-04-21 22:14:00,2026-04-25 08:43:52.105492
O003005,M0207,9c995282-15e,M0207-C006,fulfilled,322.75,2026-02-27 19:42:00,2026-02-28 10:21:32.778237
O003006,M0207,d285929b-944,M0207-C008,placed,569.47,2026-02-27 15:55:00,
O003007,M0207,ee98fc39-8f7,M0207-C010,fulfilled,1011.82,2026-03-09 14:48:00,2026-03-12 16:30:24.288736
O003008,M0207,03776daa-52c,M0207-C011,fulfilled,932.59,2026-04-13 17:49:00,2026-04-14 14:25:06.298156
O003009,M0207,b8dd9ed5-d3c,M0207-C012,fulfilled,594.38,2026-03-28 16:26:00,2026-03-29 07:52:15.487625
O003010,M0207,85a31e57-c57,M0207-C013,fulfilled,294.16,2026-03-12 12:41:00,2026-03-14 17:32:58.401561
O003011,M0207,8c4d3054-313,M0207-C014,fulfilled,1008.49,2026-04-01 14:40:00,2026-04-04 10:03:12.258978
O003012,M0207,5261cfed-229,M0207-C015,fulfilled,1002.27,2026-03-15 09:29:00,2026-03-16 16:09:43.261519
O003013,M0207,17f72a14-0a0,M0207-C016,fulfilled,596.22,2026-03-13 21:34:00,2026-03-14 15:31:07.212512
O003014,M0207,921f35e0-bf3,M0207-C017,fulfilled,798.04,2026-02-22 16:32:00,2026-02-23 02:01:10.046810
O003015,M0207,a23110aa-a56,M0207-C018,fulfilled,395.84,2026-04-08 11:59:00,2026-04-08 14:19:04.560779
O003016,M0207,423c4124-b07,M0207-C018,fulfilled,340.64,2026-03-02 18:22:00,2026-03-10 16:52:53.614238
O003017,M0207,77949c9d-ac3,M0207-C019,fulfilled,949.89,2026-04-05 14:14:00,2026-04-15 20:42:17.762099
O003018,M0207,d6547a2a-a73,M0207-C019,cancelled,1356.57,2026-03-30 18:06:00,
O003019,M0207,7ca0be6d-897,M0207-C019,fulfilled,462.88,2026-04-20 14:38:00,2026-04-21 17:09:58.338529
O003020,M0207,d1815e74-bc9,M0207-C020,cancelled,393.21,2026-03-03 09:27:00,
O003021,M0207,0a90d79d-c8f,M0207-C020,fulfilled,791.83,2026-05-15 16:26:00,2026-05-15 20:41:15.676940
O003022,M0208,53c6ba72-2d1,M0208-C001,fulfilled,176.57,2026-06-07 22:00:00,2026-06-09 23:02:46.524834
O003023,M0208,e58235bf-af6,M0208-C001,fulfilled,575.37,2026-02-17 20:44:00,2026-02-19 10:07:15.728156
O003024,M0208,2a4bde62-733,M0208-C001,fulfilled,273.11,2026-06-04 14:26:00,2026-06-09 18:56:34.667951
O003025,M0209,22b76536-c04,M0209-C000,fulfilled,558.22,2026-03-22 15:44:00,2026-03-24 23:07:36.716393
O003026,M0209,993ac1dd-e32,M0209-C001,fulfilled,481.12,2026-03-18 10:50:00,2026-03-21 22:26:12.174904
O003027,M0209,bcb67c10-73c,M0209-C001,fulfilled,809.12,2026-03-14 22:07:00,2026-03-18 18:11:20.030721
O003028,M0209,206402fb-437,M0209-C001,fulfilled,333.92,2026-03-08 13:30:00,2026-03-10 06:36:24.954732
O003029,M0209,da1f03d3-57c,M0209-C003,fulfilled,870.02,2026-03-01 13:31:00,2026-03-01 22:07:15.886329
O003030,M0209,9c18b8a0-b77,M0209-C005,fulfilled,355.34,2026-02-24 14:04:00,2026-02-25 19:11:14.075548
O003031,M0209,aa54bd79-82a,M0209-C005,fulfilled,723.22,2026-03-10 15:10:00,2026-03-11 16:46:16.386090
O003032,M0209,b83d6683-8c2,M0209-C005,fulfilled,219.31,2026-03-06 16:38:00,2026-03-08 01:52:40.069187
O003033,M0209,1d990092-95e,M0209-C005,placed,761.88,2026-02-20 12:26:00,
O003034,M0209,3f05c847-67e,M0209-C006,fulfilled,483.35,2026-03-13 13:49:00,2026-03-14 01:28:50.265400
O003035,M0209,91908a9f-05a,M0209-C006,fulfilled,193.73,2026-02-21 08:48:00,2026-02-22 05:04:11.979815
O003036,M0209,9df33c0d-649,M0209-C006,fulfilled,662.68,2026-03-07 18:50:00,2026-03-08 03:30:48.098467
O003037,M0209,050150cf-56e,M0209-C007,fulfilled,719.03,2026-02-22 15:44:00,2026-02-23 14:37:14.079689
O003038,M0209,7562c9ff-07f,M0209-C007,fulfilled,647.5,2026-03-12 11:08:00,2026-03-14 21:47:29.756131
O003039,M0209,9f842c6c-156,M0209-C007,fulfilled,492.74,2026-02-21 19:24:00,2026-02-22 10:47:41.414179
O003040,M0209,5093664b-a5e,M0209-C009,placed,1128.14,2026-02-24 08:35:00,
O003041,M0209,54346bae-202,M0209-C010,fulfilled,505.38,2026-03-05 15:28:00,2026-03-09 01:12:43.873211
O003042,M0209,4bbe131e-a5f,M0209-C010,fulfilled,1260.17,2026-03-21 09:32:00,2026-03-22 11:17:35.503027
O003043,M0209,74367f7f-9fb,M0209-C011,fulfilled,621.49,2026-03-10 13:50:00,2026-03-11 09:30:41.980226
O003044,M0209,a1bb630c-ad6,M0209-C013,fulfilled,359.25,2026-02-25 15:24:00,2026-02-26 02:24:05.511914
O003045,M0209,999803aa-f38,M0209-C015,fulfilled,211.18,2026-03-14 10:49:00,2026-03-14 18:24:53.193694
O003046,M0209,3a3c2a36-c55,M0209-C015,fulfilled,485.09,2026-03-15 11:06:00,2026-03-16 07:49:25.415468
O003047,M0209,e3b21530-87d,M0209-C016,fulfilled,676.57,2026-03-03 09:35:00,2026-03-05 14:41:57.597830
O003048,M0209,28ed1a02-4f3,M0209-C017,fulfilled,565.95,2026-02-28 16:00:00,2026-03-02 22:50:29.042983
O003049,M0209,d33b79ac-3e0,M0209-C019,fulfilled,404.41,2026-03-02 19:19:00,2026-03-04 21:45:11.973251
O003050,M0209,76801e10-c1f,M0209-C020,fulfilled,1214.52,2026-03-02 13:41:00,2026-03-03 15:15:39.093050
O003051,M0209,8bb861a1-a3c,M0209-C020,fulfilled,708.03,2026-03-22 18:01:00,2026-03-24 19:06:13.911100
O003052,M0209,29f698f6-b75,M0209-C021,fulfilled,634.86,2026-03-11 14:20:00,2026-03-11 20:50:46.202180
O003053,M0209,0b528001-1ec,M0209-C021,fulfilled,496.59,2026-03-08 20:44:00,2026-03-09 19:57:06.860316
O003054,M0209,cce3f8d1-12a,M0209-C024,fulfilled,501.37,2026-03-01 09:09:00,2026-03-06 04:54:01.701878
O003055,M0209,6d979731-9a8,M0209-C024,fulfilled,823.74,2026-02-25 22:51:00,2026-02-27 05:30:24.935336
O003056,M0210,2b45b1f2-9f7,M0210-C002,fulfilled,678.12,2026-03-23 17:23:00,2026-03-24 15:43:01.900173
O003057,M0210,14f88a2f-0a0,M0210-C003,fulfilled,445.05,2026-04-15 20:28:00,2026-04-17 01:15:43.756433
O003058,M0210,d1bd1293-26e,M0210-C003,fulfilled,714.52,2026-05-06 08:40:00,2026-05-06 12:28:30.806283
O003059,M0210,a65d3a5c-9e8,M0210-C003,fulfilled,1447.38,2026-05-14 15:27:00,2026-05-20 22:39:08.606826
O003060,M0210,687d6013-817,M0210-C004,placed,292.36,2026-05-09 10:27:00,
O003061,M0210,d3a13575-cc0,M0210-C005,fulfilled,509.9,2026-06-13 09:07:00,2026-06-13 13:13:25.662829
O003062,M0210,c0d21da7-ff0,M0210-C005,fulfilled,444.87,2026-04-21 21:11:00,2026-04-22 11:26:43.965203
O003063,M0210,da76f9cc-149,M0210-C005,fulfilled,512.01,2026-06-28 08:32:00,2026-06-29 11:29:07.446641
O003064,M0210,f8290c83-5d5,M0210-C005,fulfilled,178.58,2026-04-29 21:51:00,2026-05-01 14:24:40.568177
O003065,M0210,e19924ec-774,M0210-C006,fulfilled,948.4,2026-05-05 14:56:00,2026-05-09 05:58:02.009057
O003066,M0210,a4301c0a-ce4,M0210-C006,fulfilled,499.46,2026-06-30 21:45:00,2026-07-03 16:14:56.692807
O003067,M0210,566f68d3-542,M0210-C007,fulfilled,226.15,2026-05-10 08:05:00,2026-05-11 13:56:59.643065
O003068,M0210,800f76cf-14b,M0210-C008,fulfilled,714.66,2026-05-25 16:04:00,2026-05-27 06:46:31.216196
O003069,M0210,b69ef9be-618,M0210-C009,fulfilled,559.16,2026-04-06 11:21:00,2026-04-08 11:14:58.577195
O003070,M0210,82ee0f25-39e,M0210-C010,fulfilled,484.7,2026-04-23 18:05:00,2026-04-23 20:16:49.023079
O003071,M0210,4e40843d-e34,M0210-C011,fulfilled,788.14,2026-05-14 10:20:00,2026-05-15 00:11:30.897585
O003072,M0210,e9c1c892-c4a,M0210-C012,fulfilled,971.85,2026-04-16 13:27:00,2026-04-16 14:02:47.364766
O003073,M0210,ca26d08b-950,M0210-C013,fulfilled,1204.98,2026-05-04 20:11:00,2026-05-05 07:28:50.122975
O003074,M0210,c05c3710-d98,M0210-C013,fulfilled,524.95,2026-05-05 15:41:00,2026-05-06 16:20:16.197113
O003075,M0210,ba26b724-d38,M0210-C014,fulfilled,842.26,2026-05-01 22:43:00,2026-05-02 16:08:06.853057
O003076,M0210,52f0706b-bc6,M0210-C015,fulfilled,610.85,2026-05-17 12:35:00,2026-05-18 12:27:57.291941
O003077,M0210,0ce65abe-a70,M0210-C015,fulfilled,792.31,2026-05-17 14:56:00,2026-05-20 09:59:35.745240
O003078,M0210,5202f312-08b,M0210-C016,fulfilled,693.03,2026-03-28 08:29:00,2026-03-28 09:58:15.795955
O003079,M0210,6e3b0a70-1e4,M0210-C016,fulfilled,649.75,2026-05-09 13:41:00,2026-05-10 07:26:12.783088
O003080,M0210,1eefc7d6-ecd,M0210-C016,fulfilled,628.19,2026-03-27 12:32:00,2026-03-27 16:07:50.495859
O003081,M0210,e887ff85-e50,M0210-C017,fulfilled,215.2,2026-06-22 09:29:00,2026-06-22 14:52:02.791008
O003082,M0210,9ad05037-881,M0210-C019,cancelled,453.21,2026-04-29 09:25:00,
O003083,M0210,7791737a-106,M0210-C020,cancelled,235.62,2026-06-14 14:45:00,
O003084,M0210,7e058b91-029,M0210-C020,fulfilled,1351.44,2026-05-15 20:32:00,2026-05-18 05:44:49.920996
O003085,M0210,a34c1fcc-8cd,M0210-C022,fulfilled,185.33,2026-05-11 22:22:00,2026-05-13 01:33:08.995450
O003086,M0210,a4ae4756-e9e,M0210-C023,fulfilled,239.08,2026-06-22 16:26:00,2026-06-24 11:17:38.359090
O003087,M0211,7c48baaa-b8c,M0211-C000,fulfilled,531.26,2026-01-11 12:21:00,2026-01-15 15:43:28.430669
O003088,M0211,df42cb7f-690,M0211-C003,fulfilled,591.47,2026-01-25 12:42:00,2026-01-25 21:57:09.226661
O003089,M0211,0735fea0-551,M0211-C004,fulfilled,487.58,2026-01-08 13:03:00,2026-01-09 00:44:26.140045
O003090,M0211,bf4aa0bc-70a,M0211-C004,fulfilled,296.62,2026-01-17 14:46:00,2026-01-18 02:00:23.100859
O003091,M0211,f9c3ef01-bb2,M0211-C006,fulfilled,1013.29,2026-02-01 09:48:00,2026-02-01 15:06:08.948479
O003092,M0211,88d9233f-06a,M0211-C006,fulfilled,169.55,2026-01-13 12:40:00,2026-01-14 11:36:05.390439
O003093,M0211,134be60f-e56,M0211-C008,fulfilled,405.23,2026-01-07 18:45:00,2026-01-11 00:12:15.202272
O003094,M0211,5e9d7c09-4ed,M0211-C009,fulfilled,211.88,2026-01-12 09:13:00,2026-01-12 17:40:46.315988
O003095,M0211,0e4ce53d-d30,M0211-C010,fulfilled,1139.97,2026-01-14 16:28:00,2026-01-18 11:36:55.965130
O003096,M0211,bea04c80-cd2,M0211-C010,fulfilled,952.05,2026-02-01 23:02:00,2026-02-01 23:24:20.992569
O003097,M0211,6edd49aa-33f,M0211-C010,fulfilled,815.83,2026-01-27 14:07:00,2026-01-27 14:41:49.059336
O003098,M0211,a2a78302-335,M0211-C011,fulfilled,193.91,2026-01-26 15:40:00,2026-01-27 00:54:07.744400
O003099,M0211,969d1f6b-ca6,M0211-C011,fulfilled,101.46,2026-01-26 11:17:00,2026-01-26 17:52:15.606061
O003100,M0211,7fa946d8-362,M0211-C013,placed,295.02,2026-02-01 15:19:00,
O003101,M0211,02132ba5-032,M0211-C014,fulfilled,442.2,2026-02-03 20:15:00,2026-02-04 04:36:41.264616
O003102,M0211,4d12d07a-dad,M0211-C014,fulfilled,491.14,2026-01-23 21:34:00,2026-01-24 04:31:13.802819
O003103,M0211,55c3fda3-7f2,M0211-C018,placed,518.78,2026-01-15 22:09:00,
O003104,M0211,71e1daf6-b77,M0211-C019,fulfilled,444.52,2026-01-23 17:17:00,2026-01-27 04:33:26.413978
O003105,M0211,863b1f76-f2f,M0211-C020,fulfilled,469.21,2026-01-05 10:46:00,2026-01-06 23:19:36.707261
O003106,M0212,535f22da-435,M0212-C000,fulfilled,154.91,2026-02-21 19:07:00,2026-02-22 01:20:17.849834
O003107,M0212,8db15736-9fa,M0212-C000,fulfilled,785.94,2026-02-15 19:49:00,2026-02-16 12:12:54.391525
O003108,M0214,099aefa2-116,M0214-C001,fulfilled,144.46,2026-02-02 20:59:00,2026-02-04 17:30:33.199690
O003109,M0214,700c00e4-741,M0214-C002,cancelled,562.33,2026-01-28 17:23:00,
O003110,M0214,cb99e6a0-f41,M0214-C003,fulfilled,968.64,2026-01-25 17:28:00,2026-01-27 18:24:42.824548
O003111,M0214,133b995b-42f,M0214-C004,fulfilled,1185.85,2026-02-02 15:34:00,2026-02-03 03:22:04.581378
O003112,M0214,92ba71de-289,M0214-C004,fulfilled,496.59,2026-01-22 20:44:00,2026-01-24 09:02:45.631828
O003113,M0214,2a3c60e9-4c6,M0214-C005,cancelled,506.14,2026-01-28 15:42:00,
O003114,M0214,6e934b97-515,M0214-C007,fulfilled,584.21,2026-01-21 11:21:00,2026-01-22 19:03:13.881888
O003115,M0214,3667e3de-150,M0214-C008,fulfilled,298.44,2026-01-21 19:35:00,2026-01-21 23:54:48.967607
O003116,M0214,7126a8d1-ca3,M0214-C009,fulfilled,552.26,2026-02-01 19:34:00,2026-02-01 20:50:58.196684
O003117,M0214,5fd2df9e-eee,M0214-C009,fulfilled,1043.74,2026-01-24 13:52:00,2026-01-24 22:58:25.112522
O003118,M0214,0c551ece-120,M0214-C009,fulfilled,506.95,2026-02-04 20:59:00,2026-02-05 10:56:36.964218
O003119,M0214,4b5d38a5-aef,M0214-C010,placed,426.39,2026-01-26 15:06:00,
O003120,M0214,2bdf7c24-142,M0214-C013,fulfilled,828.55,2026-01-28 11:19:00,2026-01-29 05:43:05.562234
O003121,M0214,62dbde5e-052,M0214-C015,cancelled,886.47,2026-01-28 15:18:00,
O003122,M0214,d6583cc3-ebd,M0214-C017,cancelled,407.95,2026-02-10 19:49:00,
O003123,M0214,4aef4f30-2ad,M0214-C017,fulfilled,1298.46,2026-01-29 08:25:00,2026-01-30 12:27:17.473597
O003124,M0214,96fca724-09d,M0214-C019,fulfilled,594.71,2026-02-08 15:54:00,2026-02-11 10:26:58.043620
O003125,M0214,0e180a3c-854,M0214-C019,fulfilled,1573.43,2026-02-10 11:17:00,2026-02-12 04:10:33.912024
O003126,M0215,660b1129-f37,M0215-C000,placed,622.23,2026-06-22 16:27:00,
O003127,M0215,99f9821b-632,M0215-C001,fulfilled,605.29,2026-03-24 15:29:00,2026-03-24 23:31:57.512688
O003128,M0215,cd3fe0a8-908,M0215-C001,fulfilled,350.83,2026-03-24 21:54:00,2026-03-25 12:38:26.746208
O003129,M0216,913530f2-6b4,M0216-C000,placed,442.53,2026-03-03 13:47:00,
O003130,M0216,5cf864e4-62d,M0216-C000,fulfilled,651.19,2026-02-22 11:07:00,2026-02-23 11:53:30.816842
O003131,M0216,8eb9cb17-83a,M0216-C000,fulfilled,1093.6,2026-02-24 17:56:00,2026-02-25 15:11:20.385488
O003132,M0216,d3911e93-76e,M0216-C001,fulfilled,867.65,2026-03-03 18:46:00,2026-03-03 20:01:40.180650
O003133,M0216,d02b54f9-7e0,M0216-C001,fulfilled,218.14,2026-03-04 12:59:00,2026-03-04 21:55:44.436288
O003134,M0216,4b38120c-4d3,M0216-C001,fulfilled,747.54,2026-03-03 13:30:00,2026-03-04 13:54:16.220968
O003135,M0216,ce903b39-256,M0216-C001,fulfilled,946.23,2026-03-05 13:28:00,2026-03-06 16:13:57.321131
O003136,M0216,75566bcf-e50,M0216-C002,fulfilled,321.25,2026-02-14 08:12:00,2026-02-14 10:18:36.906562
O003137,M0216,f089ae10-9df,M0216-C002,fulfilled,360.81,2026-02-13 18:24:00,2026-02-14 00:01:57.796111
O003138,M0216,e807476c-c31,M0216-C003,fulfilled,588.0,2026-02-18 10:56:00,2026-02-18 16:10:29.661542
O003139,M0216,365d674b-6d0,M0216-C003,fulfilled,507.17,2026-03-03 09:20:00,2026-03-04 02:53:45.004539
O003140,M0216,50580a17-1fa,M0216-C003,fulfilled,1495.01,2026-03-01 14:26:00,2026-03-03 06:34:04.576513
O003141,M0216,c0945d40-f31,M0216-C003,fulfilled,566.04,2026-02-17 14:34:00,2026-02-18 16:52:50.589157
O003142,M0217,5be3f3c8-859,M0217-C000,fulfilled,178.33,2026-03-16 09:32:00,2026-03-16 11:41:16.743548
O003143,M0217,ee02e6a9-bf7,M0217-C000,fulfilled,722.61,2026-04-07 18:36:00,2026-04-07 23:54:53.001166
O003144,M0217,de082398-150,M0217-C001,fulfilled,269.35,2026-03-10 22:39:00,2026-03-12 01:03:33.957532
O003145,M0217,969b6290-3ec,M0217-C001,fulfilled,1433.03,2026-01-18 20:00:00,2026-01-18 20:54:01.808694
O003146,M0217,ffdf11ed-19b,M0217-C002,fulfilled,244.14,2026-03-29 14:30:00,2026-03-30 13:10:37.614359
O003147,M0217,f6006a0d-8af,M0217-C002,fulfilled,142.74,2026-01-27 17:50:00,2026-01-28 08:50:42.350090
O003148,M0217,1222b31b-bdf,M0217-C003,fulfilled,442.48,2026-02-13 19:25:00,2026-02-14 16:54:18.229739
O003149,M0217,438259c5-e35,M0217-C004,fulfilled,1001.35,2026-04-14 20:44:00,2026-04-15 02:09:14.754683
O003150,M0217,471b3bd3-751,M0217-C005,fulfilled,409.03,2026-04-17 17:25:00,2026-04-19 13:07:00.757852
O003151,M0217,20dcf823-48b,M0217-C005,fulfilled,899.43,2026-02-20 21:18:00,2026-02-21 22:28:10.293862
O003152,M0218,36c334d6-863,M0218-C002,fulfilled,705.53,2026-01-19 11:39:00,2026-01-19 17:39:51.337602
O003153,M0218,84cb7af4-7e9,M0218-C004,fulfilled,414.81,2026-03-25 13:52:00,2026-03-25 21:43:48.985859
O003154,M0218,2d90c8ef-633,M0218-C005,fulfilled,1445.37,2026-03-01 11:18:00,2026-03-01 22:27:34.038561
O003155,M0218,d10d4e19-b22,M0218-C005,fulfilled,468.13,2026-06-22 14:08:00,2026-06-23 08:24:35.560587
O003156,M0218,bdaae672-3b8,M0218-C006,fulfilled,565.51,2026-02-22 20:37:00,2026-02-23 16:22:22.988569
O003157,M0218,88235ac2-4c6,M0218-C007,fulfilled,1459.35,2026-01-27 17:37:00,2026-01-27 20:51:15.745571
O003158,M0218,74f215af-b33,M0218-C007,fulfilled,350.86,2026-06-01 09:24:00,2026-06-02 02:56:51.987998
O003159,M0218,2797c7c7-69c,M0218-C007,fulfilled,380.84,2026-01-13 22:26:00,2026-01-14 14:38:52.241070
O003160,M0218,e61c9336-b27,M0218-C013,fulfilled,685.45,2026-01-12 18:27:00,2026-01-12 23:19:47.213405
O003161,M0218,a6976d2e-421,M0218-C013,fulfilled,319.42,2026-06-04 21:37:00,2026-06-05 06:46:00.506001
O003162,M0218,2a614f2f-206,M0218-C014,fulfilled,1185.05,2026-01-20 16:10:00,2026-01-22 01:18:35.154612
O003163,M0218,a506ddd7-b9e,M0218-C014,fulfilled,366.51,2026-06-24 20:01:00,2026-06-26 08:27:09.677823
O003164,M0218,d267c3a0-567,M0218-C014,fulfilled,750.01,2026-06-08 22:16:00,2026-06-08 23:07:16.888254
O003165,M0218,0cf90729-f15,M0218-C016,fulfilled,738.44,2026-04-02 10:10:00,2026-04-03 17:53:48.772030
O003166,M0218,31d31a4d-ea9,M0218-C016,fulfilled,549.94,2026-01-16 21:14:00,2026-01-16 22:29:58.649590
O003167,M0218,ed5f38c5-585,M0218-C018,fulfilled,467.99,2026-03-28 12:29:00,2026-04-07 00:56:29.096283
O003168,M0219,2c382dd1-a8e,M0219-C000,fulfilled,629.84,2026-02-26 15:07:00,2026-02-27 16:18:52.819522
O003169,M0219,2e535797-b52,M0219-C001,fulfilled,1086.76,2026-02-27 12:29:00,2026-02-28 08:03:13.513017
O003170,M0219,49e34d88-453,M0219-C002,fulfilled,708.01,2026-03-17 16:31:00,2026-03-18 19:57:54.077037
O003171,M0219,d80151a0-d37,M0219-C003,fulfilled,379.6,2026-03-01 16:44:00,2026-03-03 21:12:36.823449
O003172,M0219,5d8421bd-cd1,M0219-C004,fulfilled,2162.82,2026-03-18 14:32:00,2026-03-19 05:29:11.618100
O003173,M0219,63c0a206-286,M0219-C007,fulfilled,997.34,2026-03-16 12:41:00,2026-03-19 19:14:03.267257
O003174,M0219,bdcfb751-4c3,M0219-C009,fulfilled,755.44,2026-03-01 23:05:00,2026-03-02 18:37:40.082598
O003175,M0219,511a28f0-0ec,M0219-C009,fulfilled,612.15,2026-03-05 22:51:00,2026-03-08 04:39:13.236240
O003176,M0219,6fb9d60e-b5e,M0219-C011,fulfilled,331.49,2026-03-11 23:12:00,2026-03-12 08:39:53.463561
O003177,M0219,1f8701e0-b2d,M0219-C011,fulfilled,238.26,2026-03-14 10:46:00,2026-03-16 08:18:57.870278
O003178,M0219,03b8cdd7-74f,M0219-C014,fulfilled,199.66,2026-03-11 17:03:00,2026-03-14 08:41:16.739525
O003179,M0219,1670d34e-28d,M0219-C014,fulfilled,891.52,2026-03-13 15:40:00,2026-03-14 09:06:27.594085
O003180,M0219,67937595-60a,M0219-C015,placed,453.77,2026-02-28 10:14:00,
O003181,M0219,ca040ced-98c,M0219-C016,fulfilled,455.55,2026-03-04 12:29:00,2026-03-05 06:28:56.912424
O003182,M0219,bca78774-424,M0219-C017,fulfilled,2485.0,2026-03-05 15:39:00,2026-03-05 21:06:31.804636
O003183,M0219,33a913c1-b5f,M0219-C018,fulfilled,526.11,2026-03-07 19:59:00,2026-03-07 21:01:14.058896
O003184,M0220,0b96ddbb-224,M0220-C000,fulfilled,750.83,2026-01-17 09:56:00,2026-01-17 18:24:29.244389
O003185,M0220,24183a19-c39,M0220-C000,fulfilled,1084.04,2026-01-10 13:54:00,2026-01-11 19:40:51.441076
O003186,M0220,0adf4350-667,M0220-C001,fulfilled,175.9,2026-01-22 20:06:00,2026-01-23 09:00:51.419431
O003187,M0220,f42ddeae-745,M0220-C001,fulfilled,393.99,2026-01-11 08:54:00,2026-01-11 23:48:44.370756
O003188,M0220,f2b41a89-6df,M0220-C006,fulfilled,185.2,2026-02-06 16:48:00,2026-02-07 13:12:24.478497
O003189,M0220,7b11374a-293,M0220-C006,fulfilled,124.48,2026-01-12 09:42:00,2026-01-16 01:52:07.642296
O003190,M0220,06458f43-d94,M0220-C007,fulfilled,695.71,2026-02-02 15:15:00,2026-02-03 09:48:41.751063
O003191,M0220,03bd5a4f-e5a,M0220-C007,fulfilled,433.8,2026-01-18 21:47:00,2026-01-19 18:18:05.497470
O003192,M0220,c463eae2-b42,M0220-C009,fulfilled,215.72,2026-01-26 14:15:00,2026-01-28 18:07:44.219406
O003193,M0220,8ded11ea-37c,M0220-C011,fulfilled,623.1,2026-01-04 22:31:00,2026-01-06 06:59:03.534665
O003194,M0220,98e0c4c3-912,M0220-C012,placed,353.65,2026-01-14 19:01:00,
O003195,M0220,15106d9a-83c,M0220-C014,fulfilled,426.79,2026-01-09 15:49:00,2026-01-10 10:01:57.244110
O003196,M0220,6a5aace1-1e6,M0220-C015,fulfilled,577.2,2026-02-13 16:20:00,2026-02-17 09:59:36.402490
O003197,M0220,197161f7-de6,M0220-C016,fulfilled,838.01,2026-01-10 11:55:00,2026-01-14 05:23:53.123258
O003198,M0220,34ad6102-036,M0220-C017,fulfilled,398.71,2026-01-29 13:42:00,2026-01-30 04:21:21.746091
O003199,M0220,52fe29ba-38a,M0220-C017,fulfilled,753.05,2026-01-27 17:31:00,2026-01-28 19:10:24.177264
O003200,M0220,8a306c89-8f4,M0220-C018,fulfilled,571.18,2026-01-09 15:19:00,2026-01-10 20:58:18.114936
O003201,M0220,968798f8-ae6,M0220-C019,fulfilled,199.24,2026-01-15 19:21:00,2026-01-18 22:42:47.670427
O003202,M0220,d1874515-8cf,M0220-C020,fulfilled,531.79,2026-02-04 17:19:00,2026-02-12 04:58:59.148503
O003203,M0220,9c640f41-b13,M0220-C020,fulfilled,549.19,2026-01-04 21:59:00,2026-01-05 13:36:53.501998
O003204,M0220,19ef69aa-a83,M0220-C021,fulfilled,287.0,2026-01-10 21:08:00,2026-01-11 07:56:46.474170
O003205,M0220,5f7dff4a-0ac,M0220-C022,fulfilled,595.47,2026-02-11 17:21:00,2026-02-13 03:58:30.355545
O003206,M0220,4f413453-103,M0220-C022,fulfilled,1124.4,2026-01-28 15:55:00,2026-01-29 23:07:49.210970
O003207,M0220,4f413453-103,M0220-C022,fulfilled,1124.4,2026-01-28 15:55:00,2026-01-29 23:07:49.210970
O003208,M0220,b1ed51a6-6a3,M0220-C023,fulfilled,845.35,2026-02-01 10:15:00,2026-02-01 15:42:14.227793
O003209,M0220,e90b92fa-f49,M0220-C024,fulfilled,662.3,2026-02-01 17:28:00,2026-02-01 18:16:16.267780
O003210,M0220,d447117f-467,M0220-C024,cancelled,721.23,2026-02-04 11:54:00,
O003211,M0220,e4dd5703-2cf,M0220-C024,fulfilled,196.61,2026-01-04 21:54:00,2026-01-11 05:40:53.836563
O003212,M0221,039f57c7-a91,M0221-C000,fulfilled,335.7,2026-06-11 14:50:00,2026-06-12 05:31:18.987601
O003213,M0222,26b4e7db-d23,M0222-C001,fulfilled,1018.32,2026-05-18 15:07:00,2026-05-21 16:25:30.795759
O003214,M0222,09b4e55c-ab4,M0222-C001,fulfilled,616.17,2026-06-01 15:02:00,2026-06-03 15:57:20.930956
O003215,M0222,ead7a3bc-cdd,M0222-C002,fulfilled,196.66,2026-05-05 14:58:00,2026-05-06 13:25:26.632571
O003216,M0222,d0ac24cc-7f5,M0222-C002,fulfilled,241.85,2026-06-06 12:31:00,2026-06-07 08:17:36.272691
O003217,M0222,2b63f9e0-411,M0222-C003,fulfilled,297.51,2026-04-02 12:09:00,2026-04-04 22:35:51.263163
O003218,M0222,cf772771-97d,M0222-C004,fulfilled,701.33,2026-06-07 08:44:00,2026-06-09 07:49:05.293379
O003219,M0222,7a7aadc1-34c,M0222-C004,fulfilled,653.12,2026-06-11 22:07:00,2026-06-14 07:16:11.371487
O003220,M0222,c8616422-6b6,M0222-C006,fulfilled,311.78,2026-05-03 11:41:00,2026-05-03 20:32:01.322022
O003221,M0222,18431b3c-176,M0222-C008,fulfilled,670.96,2026-05-01 08:53:00,2026-05-01 23:21:09.221053
O003222,M0222,b283e289-f0b,M0222-C009,fulfilled,453.39,2026-04-08 20:46:00,2026-04-10 03:38:40.565558
O003223,M0222,b283e289-f0b,M0222-C009,fulfilled,453.39,2026-04-08 20:46:00,2026-04-10 03:38:40.565558
O003224,M0222,9e82335a-f23,M0222-C009,fulfilled,561.47,2026-06-05 17:34:00,2026-06-07 07:11:29.122118
O003225,M0222,93f99bf8-278,M0222-C010,fulfilled,738.87,2026-04-21 18:40:00,2026-04-23 15:04:21.639555
O003226,M0222,6ba9c55f-10e,M0222-C010,fulfilled,392.63,2026-05-11 19:09:00,2026-05-12 09:53:32.941972
O003227,M0222,ea8a639a-fe7,M0222-C011,fulfilled,274.5,2026-03-23 22:11:00,2026-03-23 22:50:39.113737
O003228,M0222,d00228e3-105,M0222-C014,fulfilled,772.79,2026-04-13 22:32:00,2026-04-14 10:53:40.361912
O003229,M0222,ebd9bb9a-018,M0222-C015,fulfilled,313.78,2026-03-19 21:04:00,2026-03-26 16:27:41.243802
O003230,M0222,ef09369a-093,M0222-C015,fulfilled,255.13,2026-05-08 08:12:00,2026-05-11 17:08:02.934593
O003231,M0222,ccf69902-61d,M0222-C015,fulfilled,336.44,2026-06-17 15:11:00,2026-06-22 11:04:11.419230
O003232,M0222,f5e0d35b-279,M0222-C016,fulfilled,780.79,2026-06-14 16:49:00,2026-06-15 11:47:49.356460
O003233,M0222,81fd0d81-7dc,M0222-C016,fulfilled,860.44,2026-06-01 10:28:00,2026-06-02 15:51:46.883784
O003234,M0222,48f9ac75-cb3,M0222-C016,fulfilled,328.01,2026-03-29 21:20:00,2026-03-31 17:23:06.968267
O003235,M0222,6946ba8a-195,M0222-C017,fulfilled,540.31,2026-04-24 18:13:00,2026-04-28 00:03:37.659858
O003236,M0222,3a2f8897-63b,M0222-C018,fulfilled,404.99,2026-05-20 20:19:00,2026-05-21 16:09:07.414687
O003237,M0222,a3afb371-32e,M0222-C019,fulfilled,240.46,2026-04-12 20:44:00,2026-04-16 04:06:45.660086
O003238,M0222,c354ce9d-4cc,M0222-C019,fulfilled,541.07,2026-04-15 12:48:00,2026-04-20 15:55:33.029838
O003239,M0222,81b10b23-689,M0222-C021,fulfilled,331.63,2026-05-26 22:00:00,2026-05-28 05:05:12.413432
O003240,M0222,8ffc4760-c7f,M0222-C021,fulfilled,217.85,2026-06-27 12:18:00,2026-06-28 12:48:36.669027
O003241,M0222,37a8eae5-6df,M0222-C022,fulfilled,108.25,2026-04-27 19:48:00,2026-04-28 11:40:19.911079
O003242,M0222,6809c8fb-b3d,M0222-C022,fulfilled,798.19,2026-05-26 16:53:00,2026-05-28 12:37:20.903109
O003243,M0222,5d61e82a-482,M0222-C022,fulfilled,148.18,2026-06-20 17:20:00,2026-06-22 04:21:48.930283
O003244,M0222,e6a48a8f-7b7,M0222-C023,fulfilled,811.25,2026-04-05 14:41:00,2026-04-06 14:16:24.585990
O003245,M0222,014fa1ce-8b6,M0222-C024,fulfilled,251.08,2026-05-04 11:34:00,2026-05-07 17:53:31.714546
O003246,M0223,941d4eb6-1c5,M0223-C000,fulfilled,57.4,2026-06-29 13:31:00,2026-06-29 23:03:25.599051
O003247,M0223,6f0d7c69-41a,M0223-C000,fulfilled,558.73,2026-06-22 11:23:00,2026-06-24 01:45:19.990173
O003248,M0223,8991e9a8-f15,M0223-C002,fulfilled,282.01,2026-06-27 12:10:00,2026-06-28 04:38:47.340891
O003249,M0223,21874315-6d1,M0223-C002,fulfilled,550.74,2026-06-29 20:44:00,2026-06-30 04:07:56.809274
O003250,M0223,ff11d884-153,M0223-C002,fulfilled,676.34,2026-06-30 18:37:00,2026-07-01 12:28:41.366059
O003251,M0223,d08b1dca-b53,M0223-C002,fulfilled,504.99,2026-06-30 11:53:00,2026-07-01 11:01:05.402339
O003252,M0223,15a3ce2b-0f8,M0223-C002,fulfilled,493.39,2026-06-26 22:36:00,2026-06-27 01:38:10.524718
O003253,M0223,8ac8ffab-b57,M0223-C006,fulfilled,449.99,2026-06-26 09:44:00,2026-06-26 14:01:02.191950
O003254,M0223,014bc83c-446,M0223-C007,fulfilled,656.08,2026-06-29 19:18:00,2026-07-01 22:36:08.298257
O003255,M0223,f65b870a-80f,M0223-C007,fulfilled,1052.5,2026-06-24 08:16:00,2026-06-24 20:36:50.851318
O003256,M0223,c7087354-fa9,M0223-C008,fulfilled,669.6,2026-06-27 23:14:00,2026-06-28 22:29:40.812428
O003257,M0223,462d26ef-d95,M0223-C010,fulfilled,822.08,2026-06-29 21:07:00,2026-06-29 23:23:14.404279
O003258,M0223,346d82c6-3c0,M0223-C010,fulfilled,239.22,2026-06-20 15:13:00,2026-06-20 20:25:21.074292
O003259,M0223,8a1784cb-1fb,M0223-C010,fulfilled,190.73,2026-06-25 22:33:00,2026-06-27 04:02:07.836043
O003260,M0223,503dcf7a-aa4,M0223-C011,fulfilled,1523.62,2026-06-21 14:34:00,2026-06-22 10:59:49.022174
O003261,M0223,9f5e5758-777,M0223-C011,fulfilled,452.87,2026-06-30 17:37:00,2026-06-30 17:43:49.907596
O003262,M0223,00bf5995-41b,M0223-C012,fulfilled,1118.79,2026-06-22 20:43:00,2026-06-23 05:58:44.243485
O003263,M0223,00bf5995-41b,M0223-C012,fulfilled,1118.79,2026-06-22 20:43:00,2026-06-23 05:58:44.243485
O003264,M0223,b60a3f08-6c7,M0223-C015,fulfilled,347.79,2026-06-25 23:07:00,2026-06-26 19:35:30.370273
O003265,M0223,80420b43-1ad,M0223-C016,fulfilled,470.81,2026-06-22 09:34:00,2026-06-24 14:08:44.787541
O003266,M0223,1c918be5-60d,M0223-C017,fulfilled,995.91,2026-06-21 08:34:00,2026-06-22 12:05:06.077683
O003267,M0223,4a9c2a3b-20b,M0223-C019,fulfilled,611.42,2026-06-28 18:13:00,2026-07-01 12:16:48.655677
O003268,M0223,1d9a6085-d89,M0223-C021,fulfilled,1149.09,2026-06-21 13:59:00,2026-06-24 02:03:47.896899
O003269,M0223,c11c71f6-e34,M0223-C021,fulfilled,585.87,2026-06-20 08:46:00,2026-06-20 11:00:16.974053
O003270,M0223,7b66959e-da7,M0223-C021,fulfilled,100.41,2026-06-23 17:43:00,2026-06-24 20:49:44.279432
O003271,M0223,f9a8a899-463,M0223-C022,fulfilled,1175.93,2026-06-30 19:14:00,2026-07-01 22:59:21.167860
O003272,M0226,bf353171-bc1,M0226-C000,fulfilled,266.4,2026-05-20 14:34:00,2026-05-20 15:15:43.846134
O003273,M0226,25bbe778-6ff,M0226-C000,fulfilled,1019.95,2026-02-28 19:08:00,2026-02-28 20:33:15.039069
O003274,M0226,fbcbe7c6-7a6,M0226-C001,fulfilled,751.9,2026-05-16 12:35:00,2026-05-17 12:27:23.963306
O003275,M0226,56bf07fe-b32,M0226-C001,fulfilled,572.33,2026-03-31 15:48:00,2026-04-02 04:27:39.522001
O003276,M0226,303ac9e1-df7,M0226-C002,fulfilled,876.89,2026-05-16 14:35:00,2026-05-18 02:23:42.831524
O003277,M0226,f52a6004-352,M0226-C002,fulfilled,180.52,2026-04-18 16:23:00,2026-04-22 03:25:13.906040
O003278,M0226,4d8da5e1-e83,M0226-C003,fulfilled,769.66,2026-04-14 14:36:00,2026-04-16 04:18:43.913899
O003279,M0226,26b42257-d74,M0226-C003,fulfilled,1387.04,2026-04-13 22:36:00,2026-04-20 09:46:09.208899
O003280,M0226,35931b10-718,M0226-C004,fulfilled,266.5,2026-04-14 18:29:00,2026-04-16 21:26:09.986631
O003281,M0226,063b5473-798,M0226-C007,fulfilled,336.28,2026-02-10 11:48:00,2026-02-10 23:07:29.908788
O003282,M0226,67305380-1bf,M0226-C007,fulfilled,489.08,2026-04-12 20:07:00,2026-04-12 23:26:18.995671
O003283,M0226,352e51ca-146,M0226-C008,fulfilled,685.27,2026-05-03 19:06:00,2026-05-07 09:16:30.965646
O003284,M0226,cc40bbb8-0ec,M0226-C008,fulfilled,214.48,2026-04-30 22:08:00,2026-05-01 16:53:04.296517
O003285,M0226,11d30e6c-470,M0226-C010,fulfilled,288.45,2026-03-15 22:22:00,2026-03-18 19:22:18.632403
O003286,M0226,ce9305c2-14e,M0226-C010,fulfilled,351.19,2026-02-16 18:47:00,2026-02-19 08:52:25.070620
O003287,M0226,e5b820c4-f9f,M0226-C012,fulfilled,463.5,2026-02-17 17:34:00,2026-02-19 07:31:58.567298
O003288,M0226,4fb82aaf-ce0,M0226-C014,fulfilled,1085.95,2026-03-19 11:36:00,2026-03-19 13:09:02.333951
O003289,M0226,1e8e35b4-e3d,M0226-C015,fulfilled,830.49,2026-02-26 17:14:00,2026-02-26 18:39:41.164038
O003290,M0226,4884f128-2b7,M0226-C016,fulfilled,892.97,2026-01-29 19:31:00,2026-01-30 01:02:37.407620
O003291,M0226,a2779a40-f1c,M0226-C016,fulfilled,236.12,2026-05-14 09:14:00,2026-05-14 18:46:24.311620
O003292,M0226,65be4e82-c8d,M0226-C017,fulfilled,381.25,2026-04-08 14:06:00,2026-04-08 23:11:24.827012
O003293,M0226,f5ff8501-e54,M0226-C019,fulfilled,730.01,2026-03-22 11:39:00,2026-03-22 14:45:51.536733
O003294,M0227,b5fe5ab3-11d,M0227-C000,fulfilled,411.73,2026-02-18 10:31:00,2026-02-19 05:38:04.384471
O003295,M0227,01f87b12-7f3,M0227-C000,fulfilled,969.37,2026-01-13 10:40:00,2026-01-13 11:12:16.127524
O003296,M0227,18c477a0-acd,M0227-C001,fulfilled,923.18,2026-01-20 08:14:00,2026-01-20 17:26:16.517046
O003297,M0227,2c91a1f4-b0f,M0227-C001,fulfilled,460.46,2026-01-06 13:32:00,2026-01-07 07:51:25.504571
O003298,M0227,5894e0e2-3e1,M0227-C002,placed,1096.42,2026-03-05 21:51:00,
O003299,M0227,f6eae253-934,M0227-C002,fulfilled,271.58,2026-04-19 10:22:00,2026-04-20 02:11:05.750755
O003300,M0227,6efcea5f-52b,M0227-C003,placed,495.86,2026-04-26 13:27:00,
O003301,M0227,3b72e544-126,M0227-C006,fulfilled,931.13,2026-05-04 18:25:00,2026-05-05 02:05:02.831886
O003302,M0227,27093f60-27b,M0227-C006,fulfilled,618.94,2026-03-20 08:11:00,2026-03-20 15:39:55.599546
O003303,M0227,f75eae10-830,M0227-C007,fulfilled,489.66,2026-04-15 13:26:00,2026-04-17 18:58:51.952681
O003304,M0227,a84584dc-df0,M0227-C007,fulfilled,710.77,2026-04-15 13:54:00,2026-04-18 00:36:45.136733
O003305,M0227,8b228f41-621,M0227-C008,cancelled,1003.75,2026-04-05 12:14:00,
O003306,M0227,d6e6a234-9f1,M0227-C010,fulfilled,598.55,2026-04-20 10:41:00,2026-04-20 11:21:33.399613
O003307,M0227,266dbc5c-865,M0227-C010,fulfilled,533.38,2026-05-03 22:56:00,2026-05-05 14:09:04.130337
O003308,M0227,ee42a3f5-3df,M0227-C011,fulfilled,850.01,2026-02-22 14:48:00,2026-02-23 11:56:30.719933
O003309,M0227,3aeecd52-4fc,M0227-C011,fulfilled,304.05,2026-04-13 19:16:00,2026-04-16 08:33:51.516685
O003310,M0227,c32c9181-afb,M0227-C011,fulfilled,732.02,2026-04-08 14:00:00,2026-04-08 18:07:08.840662
O003311,M0227,20724fa6-652,M0227-C011,fulfilled,949.34,2026-04-15 14:45:00,2026-04-16 04:28:13.790842
O003312,M0227,c4bcd1d4-f1d,M0227-C012,fulfilled,392.49,2026-03-09 17:23:00,2026-03-10 11:10:56.345322
O003313,M0227,f7d13727-710,M0227-C013,fulfilled,791.39,2026-04-06 20:01:00,2026-04-06 22:12:05.718742
O003314,M0227,2d309c37-c65,M0227-C013,fulfilled,1446.43,2026-05-11 19:28:00,2026-05-12 15:31:00.450544
O003315,M0227,46d5ee53-5b0,M0227-C014,fulfilled,368.85,2026-01-29 21:18:00,2026-02-02 13:34:05.793777
O003316,M0227,1b7d3632-433,M0227-C015,fulfilled,809.42,2026-04-20 10:31:00,2026-04-28 22:33:51.309450
O003317,M0227,68232868-44c,M0227-C015,fulfilled,405.51,2026-05-11 23:06:00,2026-05-20 20:28:45.201555
O003318,M0227,7fcd75c5-558,M0227-C016,fulfilled,560.77,2026-01-21 16:28:00,2026-01-23 08:02:35.650077
O003319,M0227,74dde087-518,M0227-C017,fulfilled,471.12,2026-04-10 09:09:00,2026-04-10 17:43:19.531235
O003320,M0227,f5641eab-1f5,M0227-C018,fulfilled,582.92,2026-01-12 21:28:00,2026-01-20 06:15:55.158344
O003321,M0227,c2d67117-ad1,M0227-C019,fulfilled,317.97,2026-04-16 08:24:00,2026-04-16 09:09:28.952870
O003322,M0227,3be22a90-46f,M0227-C019,fulfilled,560.12,2026-03-06 11:01:00,2026-03-07 04:26:51.551804
O003323,M0227,0bf2ee24-cf2,M0227-C021,cancelled,353.48,2026-03-19 13:47:00,
O003324,M0227,5ba83290-ccc,M0227-C024,fulfilled,233.11,2026-03-01 16:04:00,2026-03-01 18:05:58.629726
O003325,M0228,fd3eaced-c26,M0228-C000,fulfilled,558.48,2026-04-03 16:12:00,2026-04-04 13:39:53.950991
O003326,M0228,1b04e632-47c,M0228-C000,fulfilled,756.65,2026-05-11 15:33:00,2026-05-20 10:53:00.282883
O003327,M0228,7db94cd0-d27,M0228-C001,fulfilled,1166.54,2026-06-17 16:27:00,2026-06-20 11:31:51.030089
O003328,M0228,bfbc050e-60d,M0228-C002,fulfilled,120.25,2026-02-15 13:12:00,2026-02-16 04:56:08.856849
O003329,M0228,da3e4c50-411,M0228-C002,fulfilled,480.88,2026-04-08 22:35:00,2026-04-09 02:22:18.428543
O003330,M0228,d0070a02-e77,M0228-C003,fulfilled,691.37,2026-02-01 10:43:00,2026-02-01 21:25:55.444463
O003331,M0228,6aa7cb6e-4e3,M0228-C004,fulfilled,691.41,2026-02-24 18:22:00,2026-02-25 17:01:35.820869
O003332,M0228,9e4152c6-59c,M0228-C004,fulfilled,429.75,2026-03-24 18:30:00,2026-03-26 18:42:34.249631
O003333,M0228,27baf094-cf0,M0228-C005,fulfilled,870.01,2026-04-19 19:15:00,2026-04-20 18:40:59.511648
O003334,M0228,dc8242f9-d01,M0228-C006,fulfilled,540.46,2026-02-20 12:51:00,2026-02-20 15:47:40.365159
O003335,M0228,6f4a42d1-677,M0228-C007,fulfilled,443.39,2026-04-26 11:41:00,2026-04-28 03:32:53.107067
O003336,M0228,dbbaee77-a5e,M0228-C007,fulfilled,145.43,2026-04-23 18:43:00,2026-04-25 21:37:48.063506
O003337,M0228,4544f5b7-dd4,M0228-C009,fulfilled,267.08,2026-04-01 08:59:00,2026-04-01 15:07:13.006605
O003338,M0228,d4f0b534-0ac,M0228-C011,fulfilled,409.29,2026-02-17 22:46:00,2026-02-18 18:00:15.225603
O003339,M0228,ac46d2c9-35b,M0228-C014,fulfilled,472.73,2026-06-14 22:21:00,2026-06-16 17:14:53.167220
O003340,M0228,7eb99f35-896,M0228-C017,fulfilled,420.96,2026-05-08 09:04:00,2026-05-08 23:16:53.059700
O003341,M0228,d12f7653-d2e,M0228-C018,fulfilled,428.44,2026-06-14 10:05:00,2026-06-15 09:39:32.085039
O003342,M0228,941c5235-bc8,M0228-C018,placed,581.44,2026-03-27 22:34:00,
O003343,M0228,ea1a8130-fa7,M0228-C020,fulfilled,600.76,2026-01-16 23:02:00,2026-01-17 08:41:32.867867
O003344,M0228,99bc3d85-373,M0228-C021,fulfilled,598.03,2026-06-19 08:34:00,2026-06-20 14:08:55.941200
O003345,M0228,2491e43b-d30,M0228-C021,fulfilled,466.43,2026-05-27 16:56:00,2026-05-27 20:34:27.749369
O003346,M0228,e08fa731-528,M0228-C022,fulfilled,482.72,2026-02-12 12:56:00,2026-02-13 04:49:05.456614
O003347,M0228,2d03c0aa-e9d,M0228-C022,fulfilled,244.36,2026-04-22 12:59:00,2026-04-23 06:07:46.158694
O003348,M0228,41b06bcd-961,M0228-C024,fulfilled,226.44,2026-06-28 21:14:00,2026-07-01 08:01:40.380160
O003349,M0228,2bd81b7d-cc3,M0228-C024,fulfilled,443.33,2026-01-30 15:45:00,2026-02-01 07:37:59.977860
O003350,M0230,9855aec1-d54,M0230-C000,fulfilled,340.67,2026-04-06 13:21:00,2026-04-07 00:56:34.057900
O003351,M0230,28f7e1a0-6f2,M0230-C000,fulfilled,293.48,2026-04-20 17:59:00,2026-04-26 13:52:31.836217
O003352,M0230,28f7e1a0-6f2,M0230-C000,fulfilled,293.48,2026-04-20 17:59:00,2026-04-26 13:52:31.836217
O003353,M0230,148eef9c-ab0,M0230-C001,fulfilled,406.57,2026-03-30 12:29:00,2026-03-31 16:38:02.196033
O003354,M0230,a1c21e6d-010,M0230-C003,fulfilled,424.33,2026-03-21 09:32:00,2026-03-22 05:29:34.117203
O003355,M0230,fffe417e-421,M0230-C003,fulfilled,599.0,2026-02-16 10:06:00,2026-02-25 01:33:33.604683
O003356,M0230,fffe417e-421,M0230-C003,fulfilled,599.0,2026-02-16 10:06:00,2026-02-25 01:33:33.604683
O003357,M0230,2c41249c-f62,M0230-C004,fulfilled,566.66,2026-04-21 19:16:00,2026-04-27 14:25:14.076124
O003358,M0230,1ffdce3f-205,M0230-C004,fulfilled,770.44,2026-01-12 18:07:00,2026-01-13 16:14:21.974290
O003359,M0230,3ac1f526-8c9,M0230-C004,fulfilled,256.33,2026-03-11 16:46:00,2026-03-11 21:40:54.084940
O003360,M0230,9bc2a577-5c2,M0230-C005,fulfilled,693.45,2026-01-15 19:49:00,2026-01-17 10:25:48.210417
O003361,M0230,2b977056-bb4,M0230-C005,fulfilled,279.28,2026-01-29 20:46:00,2026-01-31 18:47:47.337096
O003362,M0230,14e40d96-5e9,M0230-C005,placed,239.68,2026-03-31 14:40:00,
O003363,M0230,d4afe614-7e8,M0230-C007,fulfilled,631.88,2026-01-19 13:31:00,2026-01-20 02:03:57.733282
O003364,M0230,72102a5e-b22,M0230-C009,fulfilled,474.28,2026-05-03 12:38:00,2026-05-06 08:01:05.130639
O003365,M0230,05d16c71-186,M0230-C010,fulfilled,335.34,2026-02-06 20:15:00,2026-02-07 13:39:32.898121
O003366,M0230,0c57daa8-4a2,M0230-C011,fulfilled,322.56,2026-03-07 14:06:00,2026-03-16 10:37:50.706762
O003367,M0230,9df21be8-e89,M0230-C011,fulfilled,607.92,2026-03-26 23:05:00,2026-03-27 06:09:48.143133
O003368,M0230,8a3605bd-55c,M0230-C014,fulfilled,394.29,2026-03-09 21:10:00,2026-03-11 03:17:37.689845
O003369,M0230,67f8787f-777,M0230-C014,cancelled,327.24,2026-01-12 08:17:00,
O003370,M0230,a7ab399d-9c6,M0230-C014,fulfilled,274.73,2026-01-08 19:59:00,2026-01-18 23:41:03.322267
O003371,M0230,049ef752-0e9,M0230-C016,fulfilled,139.37,2026-03-17 13:52:00,2026-03-18 01:36:24.310830
O003372,M0230,377089b0-1fb,M0230-C017,fulfilled,516.84,2026-03-30 14:49:00,2026-03-30 17:53:47.095803
O003373,M0230,044e7295-1cc,M0230-C017,fulfilled,737.05,2026-02-10 10:53:00,2026-02-12 22:44:54.127924
O003374,M0230,044e7295-1cc,M0230-C017,fulfilled,737.05,2026-02-10 10:53:00,2026-02-12 22:44:54.127924
O003375,M0230,c4e4d8af-1d5,M0230-C018,fulfilled,151.51,2026-05-01 22:37:00,2026-05-01 22:58:12.976846
O003376,M0230,0110c142-6c0,M0230-C018,fulfilled,822.2,2026-01-16 16:51:00,2026-01-17 19:42:22.133069
O003377,M0230,f335df70-b68,M0230-C021,fulfilled,267.32,2026-03-19 13:02:00,2026-03-20 12:00:03.228354
O003378,M0230,e28d35fd-e21,M0230-C024,cancelled,269.59,2026-02-04 15:08:00,
O003379,M0230,0411ccdc-9fe,M0230-C025,placed,305.74,2026-02-05 12:24:00,
O003380,M0230,a687fae0-890,M0230-C025,fulfilled,704.42,2026-04-23 16:52:00,2026-04-25 06:09:44.568042
O003381,M0230,05516173-f02,M0230-C026,fulfilled,839.79,2026-01-15 22:21:00,2026-01-16 03:32:57.919093
O003382,M0230,a7762716-72f,M0230-C027,fulfilled,528.49,2026-01-15 09:26:00,2026-01-16 13:11:32.674511
O003383,M0230,31ac22e7-b4d,M0230-C028,fulfilled,959.16,2026-03-15 16:33:00,2026-03-16 14:41:58.221447
O003384,M0230,1e5796e7-1d6,M0230-C029,fulfilled,289.39,2026-01-18 16:59:00,2026-01-19 03:10:43.735342
O003385,M0230,3d393ade-752,M0230-C030,fulfilled,559.49,2026-02-22 19:07:00,2026-02-28 11:45:28.273458
O003386,M0230,e4660603-fd2,M0230-C030,fulfilled,314.1,2026-05-03 08:25:00,2026-05-08 01:26:51.383946
O003387,M0231,6c70b8cf-68b,M0231-C002,fulfilled,1015.18,2026-03-29 18:17:00,2026-04-03 13:34:13.169284
O003388,M0231,29489aa2-282,M0231-C002,fulfilled,857.65,2026-05-05 12:20:00,2026-05-05 20:22:34.091271
O003389,M0231,3e45c253-e4f,M0231-C004,fulfilled,614.58,2026-04-01 17:37:00,2026-04-02 01:52:35.510722
O003390,M0231,40b09365-433,M0231-C004,fulfilled,607.36,2026-03-19 18:18:00,2026-03-22 16:39:44.825754
O003391,M0231,46157e1e-b1e,M0231-C004,fulfilled,1076.58,2026-06-12 20:21:00,2026-06-13 06:12:25.054360
O003392,M0231,1f23b25c-17a,M0231-C005,fulfilled,506.82,2026-06-13 20:57:00,2026-06-14 23:30:34.633536
O003393,M0232,00da5b8c-7ea,M0232-C000,cancelled,773.81,2026-06-26 18:42:00,
O003394,M0232,91616c6a-efe,M0232-C001,fulfilled,382.45,2026-06-02 18:55:00,2026-06-03 02:56:01.422341
O003395,M0232,d4e94f8c-e35,M0232-C002,fulfilled,567.16,2026-05-29 15:50:00,2026-05-29 17:30:03.042778
O003396,M0232,2ff0505c-4ad,M0232-C002,fulfilled,933.88,2026-06-16 19:51:00,2026-06-25 13:54:00.252914
O003397,M0232,27b249f5-c05,M0232-C003,cancelled,99.94,2026-06-03 14:07:00,
O003398,M0232,6841856a-119,M0232-C003,fulfilled,927.08,2026-06-03 20:45:00,2026-06-04 05:48:08.354004
O003399,M0232,f185023a-8ff,M0232-C004,fulfilled,681.85,2026-05-28 10:18:00,2026-05-31 09:49:35.733300
O003400,M0232,46117b1f-102,M0232-C005,fulfilled,944.12,2026-06-26 16:48:00,2026-06-27 01:38:29.384781
O003401,M0232,4b6c2603-195,M0232-C005,fulfilled,862.8,2026-05-31 19:09:00,2026-06-01 05:20:28.805762
O003402,M0232,f0cc996e-8a6,M0232-C005,fulfilled,535.71,2026-06-19 19:32:00,2026-06-21 02:21:00.038366
O003403,M0232,0c8aab91-96a,M0232-C005,fulfilled,516.56,2026-06-14 13:14:00,2026-06-15 05:28:40.760115
O003404,M0232,5f560eb5-ec7,M0232-C006,cancelled,692.74,2026-06-23 15:46:00,
O003405,M0232,6e17358d-5e0,M0232-C007,fulfilled,473.19,2026-06-07 18:50:00,2026-06-08 12:25:02.462289
O003406,M0232,d77791b1-5cd,M0232-C009,fulfilled,611.36,2026-06-22 09:56:00,2026-06-25 07:20:03.892187
O003407,M0232,f64d308f-6b3,M0232-C010,fulfilled,1209.02,2026-06-14 10:06:00,2026-06-16 03:20:20.170823
O003408,M0232,eceef87a-b21,M0232-C013,fulfilled,715.7,2026-06-15 12:05:00,2026-06-15 16:12:11.041696
O003409,M0232,b069720c-9db,M0232-C013,fulfilled,554.44,2026-06-12 10:33:00,2026-06-13 02:48:08.593693
O003410,M0232,139b3dec-d18,M0232-C013,fulfilled,658.28,2026-06-13 17:53:00,2026-06-14 04:54:25.053996
O003411,M0232,17388931-b31,M0232-C014,fulfilled,428.98,2026-06-03 20:49:00,2026-06-05 18:34:31.682869
O003412,M0232,e2579229-f33,M0232-C014,fulfilled,1305.6,2026-06-29 22:42:00,2026-07-01 04:44:41.984675
O003413,M0232,df3afbdb-3ef,M0232-C016,fulfilled,568.01,2026-06-07 15:26:00,2026-06-08 08:32:01.346008
O003414,M0232,afd16eba-72c,M0232-C017,fulfilled,851.1,2026-06-12 22:57:00,2026-06-14 05:37:14.870112
O003415,M0232,71e0ba1b-d12,M0232-C017,fulfilled,1371.56,2026-06-09 20:05:00,2026-06-10 09:02:50.500754
O003416,M0232,8d1d4b22-6a0,M0232-C017,fulfilled,445.97,2026-06-18 11:35:00,2026-06-19 02:02:29.339045
O003417,M0232,a6b845f8-442,M0232-C018,fulfilled,645.92,2026-06-18 12:09:00,2026-06-21 06:29:27.944940
O003418,M0232,e158ae83-90f,M0232-C018,fulfilled,852.51,2026-06-03 12:06:00,2026-06-03 13:41:01.873655
O003419,M0232,51f91a98-6ea,M0232-C019,fulfilled,319.75,2026-06-20 21:11:00,2026-06-21 09:24:31.945235
O003420,M0232,052688d3-c67,M0232-C019,placed,607.94,2026-06-24 21:07:00,
O003421,M0233,d4b3463b-362,M0233-C000,fulfilled,622.62,2026-06-01 13:05:00,2026-06-01 13:15:39.282911
O003422,M0233,cade501f-7c4,M0233-C000,fulfilled,1099.41,2026-06-02 10:30:00,2026-06-02 12:14:57.613771
O003423,M0233,d7f23ff6-3b9,M0233-C001,fulfilled,465.39,2026-06-29 17:41:00,2026-07-01 22:52:09.808870
O003424,M0233,1552b12b-04e,M0233-C001,fulfilled,479.59,2026-06-13 22:04:00,2026-06-15 00:30:03.986202
O003425,M0233,2ed5cbed-a69,M0233-C002,fulfilled,304.34,2026-05-26 08:55:00,2026-05-26 13:35:47.221264
O003426,M0233,726fbf06-ca2,M0233-C003,fulfilled,348.93,2026-05-26 09:52:00,2026-05-26 22:04:03.248379
O003427,M0233,e193c2c5-9b1,M0233-C003,fulfilled,348.07,2026-03-11 13:21:00,2026-03-13 16:17:21.055769
O003428,M0233,06369500-ff7,M0233-C004,fulfilled,392.97,2026-04-17 10:33:00,2026-04-20 10:25:30.494785
O003429,M0235,bcdfc894-38d,M0235-C001,fulfilled,711.08,2026-04-05 18:41:00,2026-04-09 09:55:29.443151
O003430,M0235,c7388e5b-ae9,M0235-C001,fulfilled,484.38,2026-04-13 11:50:00,2026-04-13 19:59:04.520435
O003431,M0235,3aa6c7e4-7a7,M0235-C003,fulfilled,312.72,2026-01-04 15:22:00,2026-01-04 21:08:48.590294
O003432,M0235,b587b432-bcd,M0235-C004,fulfilled,359.05,2026-03-15 21:44:00,2026-03-16 23:45:36.471373
O003433,M0235,c3c0db48-5cd,M0235-C005,fulfilled,403.35,2026-02-07 11:20:00,2026-02-08 15:10:57.830015
O003434,M0235,c31c0619-8d4,M0235-C007,fulfilled,1202.06,2026-03-28 18:55:00,2026-03-28 20:49:37.374268
O003435,M0235,36b1482b-a10,M0235-C007,fulfilled,986.36,2026-02-03 12:28:00,2026-02-03 12:28:48.432663
O003436,M0235,c3e83549-77f,M0235-C007,fulfilled,263.75,2026-02-15 10:57:00,2026-02-15 16:15:44.335539
O003437,M0235,b164e60b-672,M0235-C008,fulfilled,915.59,2026-01-12 21:13:00,2026-01-13 19:42:05.615533
O003438,M0235,f795cc32-c3e,M0235-C008,fulfilled,206.14,2026-02-03 17:35:00,2026-02-03 23:53:50.385781
O003439,M0235,bd6caffa-765,M0235-C008,fulfilled,289.84,2026-04-02 17:39:00,2026-04-08 20:58:59.716305
O003440,M0235,c0531a3d-993,M0235-C010,fulfilled,527.81,2026-01-14 16:19:00,2026-01-15 05:05:24.758056
O003441,M0235,65de2dfb-7d6,M0235-C011,cancelled,142.68,2026-03-29 13:03:00,
O003442,M0235,68e0db2f-1ba,M0235-C012,fulfilled,1168.25,2026-04-15 12:54:00,2026-04-15 19:23:00.115432
O003443,M0235,c4f31409-93d,M0235-C013,fulfilled,476.6,2026-02-13 18:26:00,2026-02-15 10:42:03.151716
O003444,M0235,8e9dc997-335,M0235-C014,fulfilled,544.86,2026-02-14 08:13:00,2026-02-16 14:57:58.419357
O003445,M0235,cc51cca5-e28,M0235-C016,fulfilled,233.86,2026-01-24 11:50:00,2026-01-26 19:17:32.341064
O003446,M0235,4d943c21-d25,M0235-C016,fulfilled,552.12,2026-03-31 12:28:00,2026-04-04 17:47:07.945253
O003447,M0235,9e1b71ea-512,M0235-C016,fulfilled,697.75,2026-01-25 20:05:00,2026-01-28 10:42:32.677012
O003448,M0235,945c0c41-49c,M0235-C017,fulfilled,1846.97,2026-01-06 08:09:00,2026-01-08 12:50:49.333482
O003449,M0235,834e20a2-54c,M0235-C017,fulfilled,285.92,2026-03-04 15:51:00,2026-03-08 18:10:14.689210
O003450,M0235,ff90050f-689,M0235-C017,placed,1088.11,2026-03-22 12:57:00,
O003451,M0235,da893a1c-73c,M0235-C017,fulfilled,264.44,2026-04-23 17:53:00,2026-04-23 23:13:18.816241
O003452,M0235,f52798bd-f4b,M0235-C018,fulfilled,229.29,2026-02-01 09:02:00,2026-02-04 17:54:20.637337
O003453,M0235,0ef6103c-864,M0235-C018,fulfilled,878.75,2026-03-13 17:38:00,2026-03-15 02:06:00.662977
O003454,M0235,30a0e2e6-3d0,M0235-C019,fulfilled,1526.42,2026-04-19 22:01:00,2026-04-19 22:06:13.316385
O003455,M0235,cd448e1e-4f4,M0235-C019,fulfilled,877.03,2026-01-17 17:39:00,2026-01-17 23:22:25.863204
O003456,M0235,ff1fd050-e97,M0235-C019,fulfilled,241.38,2026-02-13 09:12:00,2026-02-14 01:27:52.051522
O003457,M0235,1e644806-5e0,M0235-C020,fulfilled,365.75,2026-01-04 16:27:00,2026-01-05 22:45:01.049446
O003458,M0235,aed13818-adb,M0235-C021,fulfilled,377.4,2026-04-22 11:05:00,2026-04-22 11:26:09.429719
O003459,M0235,5eb47c62-a4a,M0235-C021,fulfilled,1581.53,2026-02-22 20:10:00,2026-02-28 13:51:13.784743
O003460,M0235,949dd7b7-ea2,M0235-C024,placed,712.74,2026-02-24 15:58:00,
O003461,M0235,dacfd735-9c1,M0235-C026,fulfilled,283.15,2026-04-07 09:21:00,2026-04-07 11:40:42.972931
O003462,M0235,11fe5aef-36f,M0235-C029,fulfilled,679.93,2026-04-09 19:16:00,2026-04-12 00:19:33.487363
O003463,M0235,64d3fddf-aa2,M0235-C029,fulfilled,347.53,2026-03-25 16:28:00,2026-04-01 07:09:11.985029
O003464,M0235,0cc84f00-298,M0235-C029,placed,1090.48,2026-01-06 18:49:00,
O003465,M0235,0244bcb6-a44,M0235-C031,fulfilled,839.06,2026-02-23 17:44:00,2026-02-25 03:33:55.590525
O003466,M0237,a084dcf8-6d1,M0237-C000,fulfilled,560.89,2026-03-12 09:52:00,2026-03-13 15:33:45.389620
O003467,M0237,2f0196c3-388,M0237-C000,fulfilled,858.51,2026-04-12 18:04:00,2026-04-13 16:55:48.537823
O003468,M0237,d765f123-3ec,M0237-C002,fulfilled,849.21,2026-04-29 17:42:00,2026-05-02 12:02:32.151291
O003469,M0237,844a48b4-e42,M0237-C002,fulfilled,1271.88,2026-02-04 12:38:00,2026-02-06 04:27:28.319095
O003470,M0237,5a37c01e-868,M0237-C004,fulfilled,744.74,2026-05-28 15:16:00,2026-05-28 20:22:36.676758
O003471,M0237,08a1f8c2-2dc,M0237-C005,fulfilled,1068.89,2026-03-22 11:19:00,2026-03-22 23:07:32.427626
O003472,M0238,986a8b18-df3,M0238-C000,fulfilled,701.52,2026-01-27 14:02:00,2026-01-31 03:34:07.469439
O003473,M0238,5e5ddc37-fde,M0238-C001,fulfilled,974.23,2026-02-07 10:05:00,2026-02-09 07:41:13.941653
O003474,M0238,5a26533c-25d,M0238-C003,fulfilled,195.03,2026-04-08 16:05:00,2026-04-18 22:09:37.132592
O003475,M0239,ff736103-b74,M0239-C000,fulfilled,697.82,2026-06-13 11:57:00,2026-06-13 23:41:59.166120
O003476,M0239,4dcc2788-dd4,M0239-C000,fulfilled,228.46,2026-06-15 11:39:00,2026-06-16 18:44:57.217759
O003477,M0239,16fd5919-8af,M0239-C001,fulfilled,714.49,2026-06-20 14:23:00,2026-06-21 05:02:23.073588
O003478,M0239,cfd21052-dd4,M0239-C002,fulfilled,1272.13,2026-06-14 10:43:00,2026-06-14 10:55:49.203109
O003479,M0239,c3390dd5-c14,M0239-C003,fulfilled,602.98,2026-06-13 18:08:00,2026-06-14 03:45:23.398591
O003480,M0239,88f3af22-e37,M0239-C004,placed,296.12,2026-06-24 10:11:00,
O003481,M0239,f5768c61-452,M0239-C005,fulfilled,837.9,2026-06-11 09:21:00,2026-06-13 06:10:52.641369
O003482,M0239,33cf162f-95d,M0239-C006,fulfilled,818.01,2026-06-06 12:38:00,2026-06-08 01:58:36.698232
O003483,M0239,6b5f1b55-7b6,M0239-C007,fulfilled,1358.74,2026-06-27 16:00:00,2026-06-28 16:58:53.593816
O003484,M0239,d7bac30b-26b,M0239-C007,fulfilled,198.21,2026-06-18 21:29:00,2026-06-19 19:17:19.840045
O003485,M0239,956c9d23-eb8,M0239-C009,fulfilled,831.29,2026-06-16 22:27:00,2026-06-17 18:38:33.620135
O003486,M0239,520d1c98-9b0,M0239-C009,fulfilled,880.92,2026-06-17 08:38:00,2026-06-21 04:01:17.419750
O003487,M0239,398a62c1-9c9,M0239-C009,fulfilled,295.71,2026-06-11 08:45:00,2026-06-11 16:02:03.091269
O003488,M0239,61ab7bd4-6e0,M0239-C009,fulfilled,1319.4,2026-06-25 10:53:00,2026-06-25 17:29:59.652796
O003489,M0239,f46bf422-c9e,M0239-C009,fulfilled,611.83,2026-06-27 11:55:00,2026-06-27 12:14:21.334439
O003490,M0239,7cd13316-f77,M0239-C011,placed,506.77,2026-06-08 10:15:00,
O003491,M0239,db4f8b2d-479,M0239-C012,fulfilled,277.69,2026-06-17 10:40:00,2026-06-17 16:18:24.826721
O003492,M0239,618c92b2-401,M0239-C014,fulfilled,359.9,2026-06-24 22:51:00,2026-06-25 02:32:40.826707
O003493,M0239,5d3120ce-477,M0239-C014,fulfilled,665.57,2026-06-19 22:22:00,2026-06-21 10:29:08.881321
O003494,M0239,13f451c7-937,M0239-C015,fulfilled,251.05,2026-06-23 20:03:00,2026-07-02 06:20:29.043138
O003495,M0239,e26001db-3c7,M0239-C016,fulfilled,1026.07,2026-06-28 23:01:00,2026-06-30 10:17:21.430461
O003496,M0239,d62676db-7f9,M0239-C016,fulfilled,447.12,2026-06-26 17:10:00,2026-06-28 19:50:10.696439
O003497,M0239,d65c5a60-53c,M0239-C016,fulfilled,262.52,2026-06-25 12:54:00,2026-06-25 18:17:10.285492
O003498,M0239,50d7494f-f04,M0239-C017,fulfilled,450.26,2026-06-21 17:45:00,2026-06-24 18:16:58.018684
O003499,M0239,26480a74-82f,M0239-C018,fulfilled,296.2,2026-06-24 19:55:00,2026-06-25 02:51:07.770183
O003500,M0240,ef6b300d-fc8,M0240-C000,fulfilled,1067.26,2026-02-18 18:08:00,2026-02-19 00:51:42.740706
O003501,M0240,44842451-e1a,M0240-C000,fulfilled,83.03,2026-03-06 21:51:00,2026-03-07 22:30:16.018808
O003502,M0240,95f7bdcd-8df,M0240-C001,fulfilled,257.9,2026-03-15 10:10:00,2026-03-15 21:43:12.949877
O003503,M0240,d6b5cf97-9f9,M0240-C001,fulfilled,781.2,2026-03-03 22:35:00,2026-03-04 14:28:23.355333
O003504,M0240,3a77fb27-51c,M0240-C001,fulfilled,368.93,2026-03-03 14:49:00,2026-03-04 22:53:12.705408
O003505,M0240,69825467-ded,M0240-C001,cancelled,1031.6,2026-02-16 09:39:00,
O003506,M0240,9ebb3175-a59,M0240-C002,fulfilled,356.29,2026-02-27 18:39:00,2026-02-27 19:05:42.981012
O003507,M0240,84ba4b4a-8ea,M0240-C003,fulfilled,413.69,2026-03-17 13:37:00,2026-03-18 00:08:32.496830
O003508,M0240,dfaeb1b8-d3f,M0240-C005,fulfilled,1111.7,2026-02-27 20:01:00,2026-02-27 22:46:57.309014
O003509,M0240,21598a55-f59,M0240-C006,fulfilled,798.34,2026-02-14 15:48:00,2026-02-14 23:34:35.232466
O003510,M0240,9fece464-06a,M0240-C006,fulfilled,638.15,2026-03-01 22:24:00,2026-03-03 01:41:03.692725
O003511,M0240,1ee0f69e-af5,M0240-C007,fulfilled,1014.77,2026-03-07 12:31:00,2026-03-07 18:33:14.644303
O003512,M0240,3dc1c3fd-9dc,M0240-C007,fulfilled,268.72,2026-03-14 10:44:00,2026-03-14 23:07:14.909198
O003513,M0240,1966aea4-585,M0240-C007,fulfilled,327.15,2026-02-28 13:38:00,2026-03-02 06:18:55.985853
O003514,M0240,87e24ac7-85e,M0240-C008,fulfilled,814.94,2026-03-13 09:29:00,2026-03-13 16:32:36.272675
O003515,M0240,8b7dd709-a69,M0240-C008,placed,1337.39,2026-02-22 17:32:00,
O003516,M0240,ca2317c4-d39,M0240-C009,fulfilled,553.23,2026-03-08 09:03:00,2026-03-08 15:49:54.705547
O003517,M0240,a21ba568-1f0,M0240-C009,fulfilled,355.94,2026-02-27 22:24:00,2026-02-28 23:25:56.515186
O003518,M0240,980a43db-cd2,M0240-C011,fulfilled,606.46,2026-03-20 17:58:00,2026-03-21 07:15:43.583635
O003519,M0240,1bc95ad5-841,M0240-C011,fulfilled,586.94,2026-02-21 10:48:00,2026-02-22 01:38:03.584137
O003520,M0240,9c901120-6e6,M0240-C012,fulfilled,440.23,2026-03-01 17:55:00,2026-03-02 05:44:57.512788
O003521,M0240,b6d00c2e-7c2,M0240-C012,fulfilled,945.37,2026-03-15 19:08:00,2026-03-16 07:05:15.589706
O003522,M0240,7b8de8e0-f35,M0240-C013,fulfilled,1596.33,2026-03-11 21:52:00,2026-03-12 02:26:20.200359
O003523,M0240,655cc3a1-94f,M0240-C013,fulfilled,995.47,2026-02-19 08:09:00,2026-02-21 08:38:11.929102
O003524,M0240,5d8481fc-7eb,M0240-C013,fulfilled,762.69,2026-02-27 21:29:00,2026-02-28 07:56:34.550988
O003525,M0240,0543b8d9-ca5,M0240-C014,fulfilled,254.22,2026-02-23 10:45:00,2026-02-25 01:35:24.748799
O003526,M0240,6342e7d7-eb9,M0240-C015,fulfilled,270.29,2026-03-06 10:31:00,2026-03-06 23:17:21.819598
O003527,M0240,5168bc82-600,M0240-C019,fulfilled,1773.82,2026-03-04 22:00:00,2026-03-06 11:03:23.914837
O003528,M0240,b682674b-b3c,M0240-C022,fulfilled,436.77,2026-03-11 17:55:00,2026-03-12 17:14:19.536036
O003529,M0240,019e051e-726,M0240-C022,fulfilled,671.75,2026-03-22 14:12:00,2026-03-26 02:29:02.993898
O003530,M0240,99052902-5cf,M0240-C023,fulfilled,776.07,2026-02-24 11:07:00,2026-02-28 06:55:39.654159
O003531,M0240,5fea9263-018,M0240-C024,fulfilled,631.88,2026-02-19 19:28:00,2026-02-20 22:45:21.236540
O003532,M0240,bb756fb2-b48,M0240-C024,fulfilled,520.06,2026-03-03 09:32:00,2026-03-03 09:57:14.512001
O003533,M0240,5fc69f49-94f,M0240-C024,cancelled,267.29,2026-03-05 11:23:00,
O003534,M0240,62d66330-c62,M0240-C025,fulfilled,1150.13,2026-02-25 17:39:00,2026-02-26 21:24:34.008554
O003535,M0240,aba0f9d5-e98,M0240-C025,fulfilled,630.19,2026-02-23 13:04:00,2026-02-25 09:10:17.383934
O003536,M0240,ddb4743a-eb0,M0240-C025,placed,353.27,2026-02-23 10:50:00,
O003537,M0240,8d253b2b-b4c,M0240-C025,fulfilled,348.34,2026-02-16 09:55:00,2026-02-18 09:01:16.302252
O003538,M0241,be5c31e7-180,M0241-C000,fulfilled,310.11,2026-04-04 08:48:00,2026-04-07 14:41:54.743214
O003539,M0241,8a8674a2-56f,M0241-C000,fulfilled,1646.97,2026-04-22 11:56:00,2026-04-22 17:02:38.604083
O003540,M0242,245e1d34-13a,M0242-C000,fulfilled,445.88,2026-02-12 15:42:00,2026-02-18 13:53:08.504162
O003541,M0242,44d747af-1c7,M0242-C000,fulfilled,343.86,2026-02-28 14:40:00,2026-02-28 15:54:17.536284
O003542,M0242,250f1e09-21a,M0242-C000,fulfilled,587.06,2026-03-24 21:19:00,2026-03-25 12:22:34.924912
O003543,M0242,84c50257-e9c,M0242-C001,fulfilled,480.47,2026-03-21 12:27:00,2026-03-24 13:12:35.168382
O003544,M0242,cee662cc-17a,M0242-C001,fulfilled,1061.26,2026-03-28 13:58:00,2026-03-30 04:59:24.775494
O003545,M0243,75440025-5ca,M0243-C000,fulfilled,254.68,2026-03-11 13:27:00,2026-03-11 21:09:51.797623
O003546,M0243,47394958-9a8,M0243-C000,fulfilled,574.06,2026-02-20 14:43:00,2026-02-22 14:01:59.572969
O003547,M0243,09e8d8aa-5c5,M0243-C001,fulfilled,433.93,2026-01-27 20:51:00,2026-02-01 03:25:15.658962
O003548,M0243,55624ffe-58a,M0243-C001,fulfilled,430.35,2026-02-04 18:30:00,2026-02-04 23:16:24.186723
O003549,M0243,5b2bd6a0-b33,M0243-C001,cancelled,2659.5,2026-01-15 22:32:00,
O003550,M0243,b3f1d3dc-df3,M0243-C004,fulfilled,639.75,2026-02-03 19:19:00,2026-02-04 00:39:08.583217
O003551,M0243,6938d806-8c1,M0243-C004,placed,527.38,2026-04-03 13:34:00,
O003552,M0243,25049f1e-824,M0243-C006,fulfilled,544.8,2026-03-07 15:58:00,2026-03-09 14:22:06.990249
O003553,M0243,61d08323-7aa,M0243-C007,placed,579.06,2026-01-22 11:12:00,
O003554,M0243,11dce586-54f,M0243-C008,fulfilled,550.41,2026-03-06 08:15:00,2026-03-12 18:33:27.165898
O003555,M0243,bd49bcc3-ddc,M0243-C008,fulfilled,1129.04,2026-01-05 22:58:00,2026-01-13 18:05:06.891453
O003556,M0243,eef52e59-072,M0243-C009,fulfilled,284.17,2026-03-28 20:40:00,2026-03-29 10:36:19.499154
O003557,M0243,1c422508-c81,M0243-C010,fulfilled,392.63,2026-01-03 19:25:00,2026-01-07 01:27:11.115639
O003558,M0243,7f0c6215-5b9,M0243-C010,fulfilled,421.74,2026-03-25 21:02:00,2026-03-26 23:32:15.077001
O003559,M0243,1a3924a5-090,M0243-C011,fulfilled,202.35,2026-03-05 09:33:00,2026-03-06 19:49:43.401337
O003560,M0243,771dee06-c34,M0243-C013,fulfilled,664.1,2026-01-29 10:08:00,2026-01-30 15:18:32.627920
O003561,M0243,5d007695-9a3,M0243-C016,cancelled,318.36,2026-01-23 13:11:00,
O003562,M0243,6af3b374-5a9,M0243-C017,fulfilled,423.03,2026-01-24 22:25:00,2026-01-28 08:55:18.535730
O003563,M0243,c19025fa-d1a,M0243-C017,fulfilled,1028.78,2026-03-20 08:15:00,2026-03-20 14:05:02.538267
O003564,M0243,a5841602-60e,M0243-C018,fulfilled,251.02,2026-03-17 12:16:00,2026-03-20 05:13:04.771793
O003565,M0243,87332e28-c10,M0243-C019,fulfilled,653.4,2026-01-29 19:04:00,2026-02-07 04:43:11.984083
O003566,M0243,00a197f8-341,M0243-C021,fulfilled,650.71,2026-02-24 22:33:00,2026-02-25 00:12:01.766270
O003567,M0243,829b14d0-b0d,M0243-C021,fulfilled,241.5,2026-02-04 14:44:00,2026-02-05 15:19:57.369339
O003568,M0243,9be530c1-f45,M0243-C021,fulfilled,467.47,2026-03-27 15:35:00,2026-03-27 21:36:50.304471
O003569,M0244,8423442e-660,M0244-C000,fulfilled,623.34,2026-05-26 10:01:00,2026-05-27 08:06:22.025252
O003570,M0244,161181f8-03d,M0244-C001,placed,327.07,2026-05-17 10:32:00,
O003571,M0244,7c188d20-3fe,M0244-C001,fulfilled,396.49,2026-06-30 21:20:00,2026-07-02 18:52:00.619971
O003572,M0244,3968522e-973,M0244-C003,fulfilled,312.79,2026-06-27 09:12:00,2026-06-30 22:20:24.651645
O003573,M0244,77e17192-6d2,M0244-C003,fulfilled,426.92,2026-05-17 12:58:00,2026-05-18 05:05:01.108118
O003574,M0244,eae06348-6ea,M0244-C004,fulfilled,723.8,2026-06-28 09:32:00,2026-06-29 00:04:18.551144
O003575,M0244,a38466d7-11c,M0244-C005,fulfilled,476.32,2026-06-29 14:43:00,2026-06-30 13:29:21.723079
O003576,M0244,83250ee0-acc,M0244-C006,fulfilled,128.72,2026-05-24 12:37:00,2026-05-24 13:06:40.099620
O003577,M0244,ac00d815-775,M0244-C008,fulfilled,552.43,2026-06-19 12:51:00,2026-06-20 01:13:40.771404
O003578,M0244,e4d9ed95-61d,M0244-C010,fulfilled,163.07,2026-06-03 16:23:00,2026-06-04 13:17:30.363945
O003579,M0244,6ec20daf-d53,M0244-C011,fulfilled,144.83,2026-06-20 14:55:00,2026-06-22 02:05:40.452820
O003580,M0244,6ec20daf-d53,M0244-C011,fulfilled,144.83,2026-06-20 14:55:00,2026-06-22 02:05:40.452820
O003581,M0244,777078bf-742,M0244-C012,fulfilled,260.0,2026-05-26 20:17:00,2026-05-29 01:20:54.172424
O003582,M0244,11c0409a-8ba,M0244-C013,fulfilled,306.12,2026-06-25 10:17:00,2026-06-26 15:41:52.188779
O003583,M0244,25f93e39-9b0,M0244-C014,fulfilled,472.26,2026-05-24 09:30:00,2026-05-26 17:54:19.259394
O003584,M0244,37a1634f-e47,M0244-C014,fulfilled,910.36,2026-06-20 14:18:00,2026-06-30 05:39:02.084247
O003585,M0244,92b29098-eb2,M0244-C015,fulfilled,718.02,2026-06-02 12:27:00,2026-06-09 23:42:45.492136
O003586,M0244,9ffaa735-c19,M0244-C016,fulfilled,1354.2,2026-06-26 12:23:00,2026-06-27 13:30:38.646064
O003587,M0244,219e76cc-9a1,M0244-C017,fulfilled,1283.01,2026-06-26 12:28:00,2026-06-27 01:00:25.670570
O003588,M0244,12a4db24-0eb,M0244-C018,fulfilled,492.04,2026-05-20 10:43:00,2026-05-25 20:09:36.265594
O003589,M0244,b05b2c64-bf0,M0244-C018,fulfilled,618.62,2026-06-26 17:24:00,2026-06-27 12:03:30.122267
O003590,M0244,83610ef4-1b7,M0244-C018,fulfilled,619.08,2026-06-03 10:54:00,2026-06-05 06:29:27.137532
O003591,M0244,1933e460-b4a,M0244-C018,fulfilled,399.95,2026-06-13 10:23:00,2026-06-15 15:59:36.327053
O003592,M0244,e48147ca-0e2,M0244-C019,fulfilled,631.0,2026-06-08 11:56:00,2026-06-09 10:59:45.780625
O003593,M0244,8c8753e0-25e,M0244-C020,fulfilled,870.7,2026-06-14 14:00:00,2026-06-15 13:53:48.619810
O003594,M0244,eaa7397b-385,M0244-C020,fulfilled,1044.8,2026-06-08 18:12:00,2026-06-10 11:11:41.721678
O003595,M0244,b28ed529-2ff,M0244-C021,fulfilled,642.48,2026-05-26 12:27:00,2026-05-27 00:35:59.021512
O003596,M0244,ea441507-a73,M0244-C022,cancelled,473.4,2026-06-15 16:53:00,
O003597,M0244,e1b0b1b1-bd1,M0244-C022,cancelled,393.1,2026-05-19 21:49:00,
O003598,M0244,14ed5c5c-897,M0244-C023,placed,522.54,2026-06-25 14:30:00,
O003599,M0244,8e8a7932-864,M0244-C024,fulfilled,1213.85,2026-05-20 17:18:00,2026-05-21 03:06:09.869470
O003600,M0244,d70080ea-e61,M0244-C024,fulfilled,286.05,2026-06-29 18:13:00,2026-07-07 21:30:05.137905
O003601,M0245,f64ef29c-a93,M0245-C000,fulfilled,109.29,2026-02-25 09:23:00,2026-02-26 13:04:31.797182
O003602,M0245,8b639ff0-b7c,M0245-C001,fulfilled,198.81,2026-01-28 22:22:00,2026-01-29 02:36:13.969776
O003603,M0245,0defd5b6-5d9,M0245-C001,fulfilled,69.58,2026-02-27 10:53:00,2026-03-03 02:33:41.384606
O003604,M0245,1ce3365a-ca1,M0245-C002,fulfilled,600.21,2026-02-08 08:38:00,2026-02-16 08:10:38.327539
O003605,M0245,0c767fe4-ee4,M0245-C004,fulfilled,703.12,2026-03-01 22:18:00,2026-03-02 09:41:58.553465
O003606,M0245,be66cded-cbb,M0245-C008,fulfilled,730.3,2026-02-25 14:11:00,2026-02-25 19:12:30.148933
O003607,M0245,0d8f6bdd-3f5,M0245-C009,fulfilled,893.5,2026-03-15 18:18:00,2026-03-17 17:56:14.182000
O003608,M0245,f57bd82b-31e,M0245-C010,fulfilled,716.48,2026-03-09 14:52:00,2026-03-12 23:35:36.057762
O003609,M0245,db5981bb-bb9,M0245-C012,fulfilled,1405.19,2026-01-29 22:34:00,2026-01-30 09:39:03.746234
O003610,M0245,6b0cc70e-8b3,M0245-C012,fulfilled,1019.79,2026-02-07 09:20:00,2026-02-07 17:03:39.191942
O003611,M0245,814e17f2-b9b,M0245-C012,fulfilled,666.71,2026-02-15 10:29:00,2026-02-15 13:23:52.680896
O003612,M0245,bbe164c0-153,M0245-C012,fulfilled,944.34,2026-02-21 13:03:00,2026-02-21 21:05:20.620513
O003613,M0245,0df53759-2ce,M0245-C014,fulfilled,273.96,2026-01-31 16:30:00,2026-02-06 16:27:52.754626
O003614,M0245,547c3803-2b4,M0245-C019,fulfilled,823.36,2026-02-06 13:10:00,2026-02-07 03:15:19.264051
O003615,M0245,ad04b1b7-3c8,M0245-C020,fulfilled,1921.55,2026-03-08 12:50:00,2026-03-09 16:18:46.486063
O003616,M0245,e6e8da50-448,M0245-C021,fulfilled,327.15,2026-02-11 18:42:00,2026-02-13 04:10:21.575030
O003617,M0245,fec69067-7a2,M0245-C023,placed,1011.98,2026-02-17 16:04:00,
O003618,M0245,ffe56502-79e,M0245-C023,fulfilled,489.31,2026-03-13 16:28:00,2026-03-15 00:07:34.153579
O003619,M0245,3172a5a9-c2f,M0245-C023,fulfilled,1110.79,2026-03-14 11:41:00,2026-03-15 00:29:17.866291
O003620,M0246,bae593ed-7d3,M0246-C000,fulfilled,840.1,2026-01-28 19:19:00,2026-01-29 14:34:44.330641
O003621,M0246,bae593ed-7d3,M0246-C000,fulfilled,840.1,2026-01-28 19:19:00,2026-01-29 14:34:44.330641
O003622,M0246,ba0067c3-32f,M0246-C000,fulfilled,1555.62,2026-01-16 16:23:00,2026-01-17 02:54:32.047049
O003623,M0246,39c6a703-376,M0246-C001,fulfilled,346.88,2026-01-31 15:17:00,2026-02-01 18:42:05.664195
O003624,M0246,253c9712-4bd,M0246-C001,fulfilled,886.04,2026-01-31 10:53:00,2026-01-31 18:06:50.286625
O003625,M0246,2c9653f4-acb,M0246-C002,fulfilled,132.78,2026-02-05 11:46:00,2026-02-06 02:57:22.024299
O003626,M0246,e3d4847b-0f8,M0246-C003,fulfilled,197.72,2026-02-05 11:15:00,2026-02-08 02:00:00.907821
O003627,M0246,95b1a4d2-1cc,M0246-C005,fulfilled,938.94,2026-01-17 11:48:00,2026-01-17 16:29:38.977403
O003628,M0246,f55d9248-287,M0246-C007,fulfilled,566.72,2026-01-25 20:39:00,2026-01-27 01:07:38.224922
O003629,M0246,35f24636-801,M0246-C008,fulfilled,357.64,2026-02-03 22:12:00,2026-02-05 07:29:40.338035
O003630,M0246,cc6cccb4-b1d,M0246-C008,fulfilled,81.9,2026-01-23 11:26:00,2026-01-24 15:51:37.834332
O003631,M0246,b9d65e19-563,M0246-C009,fulfilled,207.41,2026-01-27 17:24:00,2026-01-30 05:44:40.619328
O003632,M0246,8bfbf3c7-033,M0246-C009,cancelled,947.93,2026-01-26 11:33:00,
O003633,M0246,5c7432de-948,M0246-C010,fulfilled,801.23,2026-02-03 19:55:00,2026-02-04 21:16:50.563408
O003634,M0246,dc0dcbb7-beb,M0246-C011,fulfilled,229.64,2026-01-25 13:48:00,2026-01-31 10:43:00.192070
O003635,M0246,a57a223a-224,M0246-C011,fulfilled,149.14,2026-01-15 14:32:00,2026-01-15 19:32:57.311721
O003636,M0246,1d500fbd-04d,M0246-C012,fulfilled,856.54,2026-01-25 18:24:00,2026-01-30 05:10:14.370360
O003637,M0246,1ab11edc-54d,M0246-C013,fulfilled,187.95,2026-02-02 15:21:00,2026-02-08 23:14:34.854084
O003638,M0246,3b8349ac-1f1,M0246-C014,fulfilled,1194.53,2026-02-02 12:22:00,2026-02-04 09:22:41.892883
O003639,M0246,db151701-d21,M0246-C014,placed,140.87,2026-01-31 17:17:00,
O003640,M0246,30cea8a7-e1b,M0246-C015,fulfilled,278.82,2026-02-03 22:24:00,2026-02-05 19:54:58.640589
O003641,M0246,ae302562-7b1,M0246-C016,fulfilled,468.29,2026-02-02 12:30:00,2026-02-04 03:36:28.248206
O003642,M0246,8a759a38-f52,M0246-C018,fulfilled,559.33,2026-01-31 14:43:00,2026-01-31 21:28:15.433047
O003643,M0246,31b1358f-d1b,M0246-C019,fulfilled,844.54,2026-01-17 16:53:00,2026-01-17 20:02:18.361967
O003644,M0247,f9af283c-003,M0247-C001,fulfilled,781.68,2026-03-09 19:02:00,2026-03-09 20:16:57.507908
O003645,M0247,a0f07712-173,M0247-C001,placed,497.08,2026-03-01 10:59:00,
O003646,M0247,71bfda77-34d,M0247-C004,placed,610.25,2026-03-07 17:11:00,
O003647,M0247,29dba6b3-432,M0247-C005,fulfilled,492.68,2026-02-28 14:05:00,2026-03-02 06:01:37.014553
O003648,M0247,797e59f9-9af,M0247-C005,fulfilled,801.7,2026-02-16 18:29:00,2026-02-17 20:55:11.882901
O003649,M0247,62770c66-49e,M0247-C006,fulfilled,478.4,2026-03-02 14:10:00,2026-03-02 19:58:55.233685
O003650,M0247,97172c5d-a45,M0247-C006,fulfilled,789.59,2026-03-13 08:44:00,2026-03-16 11:45:04.594783
O003651,M0247,7c4f5aef-7ba,M0247-C006,fulfilled,725.22,2026-03-02 09:37:00,2026-03-08 00:14:52.008456
O003652,M0247,f0212d6b-d9e,M0247-C007,fulfilled,1726.04,2026-02-17 08:50:00,2026-02-19 23:38:46.695210
O003653,M0247,a2f9f9b4-198,M0247-C007,fulfilled,278.78,2026-03-17 11:38:00,2026-03-19 00:56:43.311039
O003654,M0247,486a7baf-052,M0247-C009,fulfilled,957.05,2026-02-12 11:51:00,2026-02-12 23:19:58.872765
O003655,M0247,4f70415a-e62,M0247-C009,cancelled,532.04,2026-02-10 10:20:00,
O003656,M0247,b6b1a966-142,M0247-C010,fulfilled,606.54,2026-02-23 17:44:00,2026-02-25 00:56:29.606840
O003657,M0247,8d163028-10a,M0247-C011,fulfilled,546.56,2026-03-05 22:01:00,2026-03-08 18:34:17.965613
O003658,M0247,569b37f6-890,M0247-C011,fulfilled,467.48,2026-03-07 15:52:00,2026-03-07 16:26:34.896952
O003659,M0247,ec2da8c3-a00,M0247-C011,placed,1916.34,2026-03-10 17:33:00,
O003660,M0247,3dae4317-55e,M0247-C011,fulfilled,859.22,2026-02-03 17:29:00,2026-02-05 22:45:00.854726
O003661,M0247,4c106388-001,M0247-C012,fulfilled,263.5,2026-03-23 10:30:00,2026-03-28 20:53:16.259114
O003662,M0247,c6d2b357-aaa,M0247-C012,fulfilled,1003.67,2026-03-16 09:32:00,2026-03-19 16:46:12.985921
O003663,M0247,490fa26a-8c3,M0247-C013,fulfilled,322.82,2026-02-13 08:23:00,2026-02-14 15:10:24.559841
O003664,M0247,073cbd0c-5f0,M0247-C015,fulfilled,800.19,2026-02-25 11:30:00,2026-02-26 14:21:07.485463
O003665,M0247,71d7a7c0-bda,M0247-C018,fulfilled,584.44,2026-02-17 20:48:00,2026-02-18 02:04:08.758673
O003666,M0247,4190c98d-110,M0247-C018,fulfilled,460.83,2026-02-17 21:51:00,2026-02-18 00:25:07.662466
O003667,M0247,16d18216-4e7,M0247-C019,placed,653.08,2026-03-13 19:17:00,
O003668,M0247,ec4f7de3-ff2,M0247-C022,fulfilled,623.84,2026-03-15 09:12:00,2026-03-16 20:26:21.573967
O003669,M0247,f1d39030-260,M0247-C022,fulfilled,880.36,2026-03-01 20:45:00,2026-03-02 00:29:51.856634
O003670,M0248,f871d0e3-f63,M0248-C000,fulfilled,447.77,2026-03-01 14:40:00,2026-03-06 11:38:55.116417
O003671,M0248,bb86b8a1-3b2,M0248-C002,fulfilled,746.63,2026-02-27 16:18:00,2026-02-28 01:05:40.698011
O003672,M0248,8916922c-ca8,M0248-C003,fulfilled,598.15,2026-02-28 09:05:00,2026-02-28 10:03:42.796636
O003673,M0248,3abd3445-26e,M0248-C003,placed,554.49,2026-02-17 09:09:00,
O003674,M0248,bcd1c103-6e1,M0248-C003,fulfilled,741.54,2026-02-20 11:29:00,2026-02-20 13:47:11.384238
O003675,M0248,ac4393d1-28e,M0248-C003,fulfilled,308.73,2026-02-15 10:56:00,2026-02-15 12:57:58.462703
O003676,M0249,e13b41ec-134,M0249-C001,fulfilled,645.18,2026-06-16 16:42:00,2026-06-27 19:31:25.912005
O003677,M0249,61c53252-10d,M0249-C001,fulfilled,834.0,2026-06-30 11:38:00,2026-07-03 11:51:38.856663
O003678,M0249,08128ad1-bf1,M0249-C001,fulfilled,387.57,2026-06-14 22:56:00,2026-06-16 06:42:49.051964
O003679,M0249,a91ba4f1-38a,M0249-C001,fulfilled,385.37,2026-06-17 12:52:00,2026-06-19 07:28:13.136594
O003680,M0249,75a63acd-c6e,M0249-C002,fulfilled,834.77,2026-06-25 15:31:00,2026-06-29 12:50:09.174416
O003681,M0249,158d3245-b1c,M0249-C004,cancelled,229.99,2026-06-14 23:13:00,
O003682,M0249,246201f8-b6d,M0249-C004,fulfilled,453.71,2026-06-23 11:51:00,2026-06-24 03:46:58.288114
O003683,M0249,5264c120-708,M0249-C004,fulfilled,1531.91,2026-06-24 15:43:00,2026-06-24 19:24:16.337600
O003684,M0249,1576c71a-6ab,M0249-C006,fulfilled,185.5,2026-06-23 09:24:00,2026-06-23 10:00:29.498657
O003685,M0249,67eeccb7-2cf,M0249-C006,fulfilled,544.55,2026-06-14 14:42:00,2026-06-21 17:49:30.193163
O003686,M0249,88cc9a7b-ea3,M0249-C008,fulfilled,625.21,2026-06-20 16:38:00,2026-06-23 06:08:35.744490
O003687,M0249,d245ae20-266,M0249-C009,fulfilled,539.54,2026-06-22 16:26:00,2026-06-22 20:14:06.940101
O003688,M0249,dbc71280-89d,M0249-C009,fulfilled,1263.26,2026-06-27 15:04:00,2026-06-28 13:09:47.229641
O003689,M0249,a418d785-cb6,M0249-C010,fulfilled,345.15,2026-06-16 14:36:00,2026-06-17 02:19:48.496419
O003690,M0249,c412ed4d-6c0,M0249-C012,fulfilled,232.51,2026-06-30 14:36:00,2026-07-01 02:57:54.981103
O003691,M0249,43e1ef66-253,M0249-C012,fulfilled,322.77,2026-06-19 13:18:00,2026-06-19 18:07:57.906794
O003692,M0249,5d025e9f-0d4,M0249-C014,fulfilled,973.65,2026-06-15 08:06:00,2026-06-15 15:57:22.701849
O003693,M0249,0f4243d1-588,M0249-C014,fulfilled,1362.56,2026-06-15 15:30:00,2026-06-15 18:04:31.340246
O003694,M0249,8963f355-790,M0249-C014,fulfilled,631.54,2026-06-24 12:33:00,2026-06-27 02:42:44.283582
O003695,M0249,1fd8ae1c-0d1,M0249-C015,fulfilled,666.18,2026-06-30 13:52:00,2026-07-02 00:47:21.257888
O003696,M0249,09604bf6-552,M0249-C016,fulfilled,929.86,2026-06-19 13:44:00,2026-06-19 17:39:01.604404
O003697,M0249,f25694d7-abe,M0249-C017,fulfilled,745.73,2026-06-23 10:52:00,2026-06-25 00:06:29.687667
O003698,M0249,f25694d7-abe,M0249-C017,fulfilled,745.73,2026-06-23 10:52:00,2026-06-25 00:06:29.687667
O003699,M0249,670571f4-174,M0249-C017,fulfilled,517.2,2026-06-15 19:48:00,2026-06-17 02:52:48.082353
O003700,M0249,c91ac5e8-787,M0249-C018,fulfilled,748.34,2026-06-26 21:40:00,2026-06-27 01:23:33.186917
O003701,M0249,8032dca0-c97,M0249-C018,fulfilled,451.62,2026-06-24 23:00:00,2026-06-26 20:05:25.736986
O003702,M0249,f1a6f3ef-b77,M0249-C018,fulfilled,444.83,2026-06-28 12:25:00,2026-07-01 18:23:10.840016
O003703,M0249,954980c9-ec0,M0249-C020,fulfilled,713.15,2026-06-29 09:40:00,2026-06-29 11:00:12.338055
O003704,M0249,2459a5cd-095,M0249-C022,fulfilled,499.27,2026-06-16 17:26:00,2026-06-17 08:24:10.514747
O003705,M0249,0e807296-f9f,M0249-C023,fulfilled,723.66,2026-06-30 17:56:00,2026-07-01 21:50:44.566473
O003706,M0250,8cc867cd-9ca,M0250-C000,fulfilled,629.09,2026-04-03 13:26:00,2026-04-06 07:06:16.538779
O003707,M0250,488ac95c-9bf,M0250-C001,fulfilled,589.87,2026-03-17 13:38:00,2026-03-17 20:13:45.203154
O003708,M0250,771106b9-54f,M0250-C001,fulfilled,612.02,2026-03-13 21:34:00,2026-03-16 19:55:23.762493
O003709,M0250,d7bdf972-f94,M0250-C002,fulfilled,310.41,2026-03-01 19:19:00,2026-03-02 09:28:53.902793
O003710,M0250,b2f6e19c-2c4,M0250-C003,fulfilled,629.69,2026-02-27 18:37:00,2026-02-28 01:17:17.603570
O003711,M0250,dbc86437-930,M0250-C005,fulfilled,96.85,2026-04-08 14:20:00,2026-04-09 18:26:08.479520
O003712,M0250,063cd621-a48,M0250-C006,fulfilled,424.93,2026-03-14 11:31:00,2026-03-14 23:11:32.021655
O003713,M0250,976c98b0-2fd,M0250-C007,fulfilled,461.32,2026-02-23 21:46:00,2026-02-24 12:46:52.364128
O003714,M0250,aac17671-8ba,M0250-C010,fulfilled,287.3,2026-04-20 21:01:00,2026-04-21 10:37:30.237650
O003715,M0250,50429301-cc7,M0250-C010,cancelled,917.9,2026-03-19 22:12:00,
O003716,M0250,11f982f9-d09,M0250-C010,fulfilled,506.62,2026-03-17 19:39:00,2026-03-22 22:44:43.433116
O003717,M0250,f3590853-463,M0250-C011,fulfilled,286.42,2026-03-17 22:49:00,2026-03-18 06:42:23.493210
O003718,M0250,c0cc1a24-f09,M0250-C015,fulfilled,895.94,2026-03-19 14:02:00,2026-03-19 22:43:08.015854
O003719,M0250,0f0902ac-08c,M0250-C015,fulfilled,830.58,2026-02-24 12:46:00,2026-02-25 15:41:30.306869
O003720,M0250,34733414-200,M0250-C015,fulfilled,416.68,2026-04-18 22:09:00,2026-04-19 03:00:49.507915
O003721,M0250,ca4b8a4a-be6,M0250-C016,fulfilled,568.02,2026-03-19 11:01:00,2026-03-19 16:41:29.366497
O003722,M0250,0cd15bc6-09a,M0250-C016,fulfilled,314.78,2026-03-02 16:44:00,2026-03-03 00:49:51.692526
O003723,M0250,89c7cbfb-bea,M0250-C018,fulfilled,420.33,2026-04-13 12:50:00,2026-04-14 11:44:19.491626
O003724,M0250,bf8432bf-9c7,M0250-C018,fulfilled,155.75,2026-04-20 10:43:00,2026-04-22 09:29:03.538638
O003725,M0251,24ca6ae5-ecc,M0251-C000,fulfilled,871.65,2026-02-11 22:10:00,2026-02-13 17:55:41.000414
O003726,M0251,4d5ae9ba-90b,M0251-C001,cancelled,577.68,2026-02-01 11:54:00,
O003727,M0251,48c7552e-bc2,M0251-C001,fulfilled,1763.89,2026-02-24 08:48:00,2026-02-24 09:25:06.922288
O003728,M0251,593094b2-cb6,M0251-C003,fulfilled,388.68,2026-02-19 12:33:00,2026-02-19 22:58:08.846122
O003729,M0251,daa5299b-2ec,M0251-C003,fulfilled,658.85,2026-02-20 18:41:00,2026-02-22 04:11:47.826196
O003730,M0251,e5675ac4-adc,M0251-C004,cancelled,375.61,2026-02-26 08:49:00,
O003731,M0251,e3bbf57d-c0c,M0251-C004,fulfilled,973.35,2026-02-10 22:14:00,2026-02-17 00:52:56.423105
O003732,M0251,bc5da24b-cda,M0251-C005,fulfilled,780.83,2026-02-07 11:52:00,2026-02-13 06:04:31.147919
O003733,M0251,1af00daf-8d6,M0251-C006,fulfilled,286.24,2026-02-10 23:02:00,2026-02-11 06:07:35.766174
O003734,M0251,78d3ef94-f1a,M0251-C008,cancelled,612.48,2026-01-21 14:28:00,
O003735,M0251,c7cfc150-82a,M0251-C008,fulfilled,311.59,2026-03-01 12:26:00,2026-03-03 00:21:58.548239
O003736,M0251,2de08c6f-204,M0251-C010,fulfilled,745.04,2026-02-01 18:54:00,2026-02-02 13:14:04.813413
O003737,M0251,81b3a55a-ad3,M0251-C011,fulfilled,530.33,2026-02-13 14:37:00,2026-02-13 17:46:16.227030
O003738,M0251,9c5702a1-fde,M0251-C011,fulfilled,214.01,2026-02-15 18:00:00,2026-02-21 15:50:13.521069
O003739,M0251,60e35031-ef3,M0251-C011,placed,885.72,2026-02-02 19:57:00,
O003740,M0251,4a6a923a-d99,M0251-C011,cancelled,169.23,2026-02-22 22:57:00,
O003741,M0251,fa58046e-78d,M0251-C012,fulfilled,318.12,2026-02-11 16:06:00,2026-02-17 05:05:27.733490
O003742,M0251,9c60a68b-481,M0251-C012,fulfilled,511.09,2026-02-12 17:38:00,2026-02-19 08:16:46.405683
O003743,M0251,4fe13c91-dee,M0251-C013,fulfilled,221.08,2026-01-21 12:06:00,2026-01-22 07:30:30.807410
O003744,M0251,a75ad617-557,M0251-C013,fulfilled,1139.91,2026-02-01 08:21:00,2026-02-02 08:04:40.834499
O003745,M0251,ae4dfb50-47b,M0251-C014,fulfilled,985.4,2026-01-31 16:20:00,2026-02-01 05:29:50.754396
O003746,M0251,94f5284f-330,M0251-C015,fulfilled,228.0,2026-02-27 14:29:00,2026-02-28 08:02:18.358525
O003747,M0251,2344e0f6-d78,M0251-C016,placed,254.03,2026-02-08 19:41:00,
O003748,M0251,b72361c6-bae,M0251-C016,fulfilled,606.45,2026-02-21 14:46:00,2026-02-22 16:33:01.771428
O003749,M0251,c58256f3-0e2,M0251-C017,fulfilled,566.75,2026-02-23 18:13:00,2026-03-04 00:56:08.397701
O003750,M0251,b6c14464-24f,M0251-C017,fulfilled,418.45,2026-02-28 09:22:00,2026-03-04 06:57:51.871606
O003751,M0251,7563c7b0-db6,M0251-C018,fulfilled,759.61,2026-01-30 15:35:00,2026-02-01 09:53:58.790562
O003752,M0251,c09b1161-ef2,M0251-C019,fulfilled,937.91,2026-02-22 19:18:00,2026-02-22 23:57:37.887922
O003753,M0251,095a556f-c1a,M0251-C020,fulfilled,471.89,2026-02-07 19:06:00,2026-02-11 04:50:56.330600
O003754,M0252,4f716573-914,M0252-C000,fulfilled,937.91,2026-03-05 19:19:00,2026-03-06 02:15:58.227295
O003755,M0252,3db04e10-28e,M0252-C001,fulfilled,605.43,2026-02-27 16:52:00,2026-02-28 05:26:15.053288
O003756,M0253,a7c5352e-94d,M0253-C000,placed,482.83,2026-05-18 20:46:00,
O003757,M0253,41327e60-88e,M0253-C001,fulfilled,415.04,2026-06-03 11:43:00,2026-06-06 20:17:26.073409
O003758,M0253,6f90264b-f2a,M0253-C002,fulfilled,390.16,2026-05-24 20:39:00,2026-05-24 22:36:17.295907
O003759,M0253,70d476ba-1fa,M0253-C003,fulfilled,606.65,2026-06-11 15:54:00,2026-06-13 17:01:53.645607
O003760,M0253,fb02ad7e-f18,M0253-C004,fulfilled,1125.84,2026-05-18 17:26:00,2026-05-18 19:00:33.165610
O003761,M0253,7d3d15ea-634,M0253-C005,fulfilled,355.85,2026-04-21 13:43:00,2026-04-21 21:27:31.982410
O003762,M0253,5863e650-41e,M0253-C007,fulfilled,601.38,2026-05-29 16:37:00,2026-06-03 03:01:44.110153
O003763,M0253,cfd0b791-8c4,M0253-C009,fulfilled,356.04,2026-05-09 17:11:00,2026-05-11 00:26:52.346544
O003764,M0253,e4978029-5c3,M0253-C009,fulfilled,405.23,2026-05-04 11:12:00,2026-05-05 00:47:09.752978
O003765,M0253,3a6fe959-5ae,M0253-C010,fulfilled,478.17,2026-04-27 17:57:00,2026-04-29 01:58:33.347230
O003766,M0253,07084aab-2dc,M0253-C011,fulfilled,641.62,2026-05-13 15:47:00,2026-05-14 03:36:18.144511
O003767,M0253,7d21389a-ca1,M0253-C011,fulfilled,480.76,2026-05-24 11:36:00,2026-05-24 15:11:32.537750
O003768,M0253,e4a55b5a-5db,M0253-C012,fulfilled,264.5,2026-05-04 14:57:00,2026-05-06 13:14:44.082824
O003769,M0253,1d58b9fb-ff8,M0253-C013,fulfilled,872.6,2026-06-05 14:10:00,2026-06-06 04:34:43.192542
O003770,M0253,db3ee0f3-315,M0253-C013,fulfilled,392.29,2026-06-20 10:54:00,2026-06-24 14:53:03.567659
O003771,M0253,029ec3ce-b95,M0253-C014,fulfilled,1021.17,2026-06-22 19:07:00,2026-06-24 19:36:59.269378
O003772,M0253,06803ee6-3ea,M0253-C016,fulfilled,442.16,2026-05-24 16:03:00,2026-05-26 10:19:21.563810
O003773,M0253,1c99dbb5-efe,M0253-C016,fulfilled,411.5,2026-05-20 18:32:00,2026-05-21 13:52:19.703184
O003774,M0253,f4b4b57c-472,M0253-C016,fulfilled,385.75,2026-05-07 14:00:00,2026-05-08 03:12:03.455903
O003775,M0253,38de6759-953,M0253-C017,fulfilled,634.26,2026-04-26 20:43:00,2026-05-05 19:43:08.355096
O003776,M0253,a91905d2-077,M0253-C018,fulfilled,182.07,2026-04-24 12:11:00,2026-05-04 13:14:38.055120
O003777,M0253,507bf767-a04,M0253-C019,fulfilled,515.46,2026-05-16 19:34:00,2026-05-17 12:43:25.231357
O003778,M0253,39297e88-1c3,M0253-C021,fulfilled,649.31,2026-06-20 23:01:00,2026-06-22 13:21:25.538810
O003779,M0253,6ba33cc4-734,M0253-C021,fulfilled,716.21,2026-06-08 11:14:00,2026-06-12 20:34:32.205809
O003780,M0253,1a4dad21-f9f,M0253-C023,fulfilled,835.42,2026-05-25 15:08:00,2026-05-26 23:41:01.189568
O003781,M0254,cad4b8cc-40d,M0254-C000,placed,384.39,2026-06-29 20:46:00,
O003782,M0254,5ba5f390-638,M0254-C000,fulfilled,857.09,2026-06-28 18:03:00,2026-06-29 16:04:27.198082
O003783,M0254,f1937c73-eea,M0254-C000,placed,522.65,2026-05-20 21:10:00,
O003784,M0254,ef2aebf4-32a,M0254-C003,fulfilled,192.89,2026-06-24 10:21:00,2026-06-24 23:14:46.906336
O003785,M0254,e3ad6171-a51,M0254-C004,fulfilled,460.86,2026-06-13 16:54:00,2026-06-15 04:37:44.837973
O003786,M0254,4ec058ca-88e,M0254-C007,fulfilled,517.38,2026-06-06 18:24:00,2026-06-07 04:45:22.925163
O003787,M0254,8e13a364-78a,M0254-C007,placed,667.64,2026-06-07 10:41:00,
O003788,M0254,7b50bf25-81c,M0254-C009,fulfilled,510.6,2026-06-18 17:33:00,2026-06-20 08:57:55.517690
O003789,M0254,20f5f728-a5a,M0254-C011,fulfilled,940.45,2026-06-06 09:39:00,2026-06-07 14:48:05.143006
O003790,M0254,dd7b8c5b-b0f,M0254-C012,cancelled,500.01,2026-06-28 10:16:00,
O003791,M0254,69c733cd-7f5,M0254-C014,fulfilled,621.78,2026-06-22 22:50:00,2026-06-23 00:42:30.837684
O003792,M0254,9fd395ca-2e7,M0254-C014,fulfilled,862.03,2026-06-12 21:08:00,2026-06-14 18:30:38.856234
O003793,M0254,ebaaad7f-490,M0254-C015,fulfilled,587.3,2026-06-30 21:51:00,2026-07-03 10:07:57.964120
O003794,M0254,9f48667b-b2f,M0254-C015,fulfilled,232.09,2026-06-04 16:54:00,2026-06-04 19:37:43.565611
O003795,M0254,3ff3a6bf-b99,M0254-C019,fulfilled,563.87,2026-05-24 16:19:00,2026-05-27 10:34:19.686777
O003796,M0254,27d2af06-b2c,M0254-C019,placed,361.34,2026-06-09 20:25:00,
O003797,M0254,eb001f1e-6bb,M0254-C021,fulfilled,456.26,2026-05-20 20:07:00,2026-05-22 03:19:12.844020
O003798,M0254,eb001f1e-6bb,M0254-C021,fulfilled,456.26,2026-05-20 20:07:00,2026-05-22 03:19:12.844020
O003799,M0254,0f234abd-a91,M0254-C022,fulfilled,314.3,2026-06-02 17:41:00,2026-06-03 06:14:08.732951
O003800,M0254,0874643c-331,M0254-C023,fulfilled,285.1,2026-05-27 21:01:00,2026-05-28 16:17:35.587495
O003801,M0254,a6da9c3a-d52,M0254-C024,fulfilled,533.89,2026-05-29 08:39:00,2026-05-29 17:17:33.790160
O003802,M0254,7686f9d1-2a9,M0254-C024,fulfilled,803.6,2026-06-08 12:20:00,2026-06-09 02:39:04.735549
O003803,M0254,d34bfa17-552,M0254-C025,fulfilled,609.82,2026-06-15 12:33:00,2026-06-15 15:33:36.924686
O003804,M0254,728911cb-e41,M0254-C025,fulfilled,279.25,2026-05-27 17:17:00,2026-05-28 04:02:54.862296
O003805,M0254,17aaa842-0f9,M0254-C027,fulfilled,115.86,2026-06-11 19:18:00,2026-06-12 04:32:25.930489
O003806,M0254,a3e18491-c22,M0254-C028,fulfilled,552.83,2026-05-26 15:30:00,2026-05-27 01:28:22.907354
O003807,M0254,f0799048-dfd,M0254-C028,fulfilled,736.73,2026-05-22 16:33:00,2026-05-23 10:30:26.390158
O003808,M0254,dd4ba4a1-0b8,M0254-C028,fulfilled,771.87,2026-06-24 15:55:00,2026-06-26 14:34:48.089709
O003809,M0255,3b3a5205-da0,M0255-C000,fulfilled,505.76,2026-04-26 12:41:00,2026-04-26 15:01:01.035271
O003810,M0255,f7b809ce-7a4,M0255-C001,cancelled,830.73,2026-06-01 15:56:00,
O003811,M0255,984fd0eb-6f0,M0255-C002,fulfilled,263.04,2026-05-31 14:49:00,2026-06-08 09:28:34.730776
O003812,M0255,8c69e580-0a5,M0255-C002,fulfilled,168.22,2026-06-12 15:46:00,2026-06-13 10:59:11.995245
O003813,M0255,751b7b10-2ed,M0255-C003,fulfilled,632.03,2026-04-07 17:19:00,2026-04-07 19:35:53.378484
O003814,M0255,cca0457d-798,M0255-C003,fulfilled,256.72,2026-03-18 12:24:00,2026-03-27 08:24:52.258059
O003815,M0255,cfc437cb-3b4,M0255-C004,cancelled,489.26,2026-06-26 22:25:00,
O003816,M0255,bcbed8d0-9c0,M0255-C007,fulfilled,1840.58,2026-04-26 15:40:00,2026-04-28 10:18:03.663882
O003817,M0255,91b1ed2f-586,M0255-C007,cancelled,416.89,2026-04-16 14:02:00,
O003818,M0255,a26714a1-e09,M0255-C010,fulfilled,603.59,2026-06-24 20:41:00,2026-06-24 22:19:20.302212
O003819,M0255,2f2eeefd-e92,M0255-C011,placed,1032.47,2026-02-28 09:56:00,
O003820,M0255,a952f7da-fdf,M0255-C012,fulfilled,581.33,2026-06-16 17:40:00,2026-06-29 04:48:35.874539
O003821,M0255,6c5b0e31-6e3,M0255-C013,fulfilled,688.65,2026-04-03 17:11:00,2026-04-04 16:05:19.943667
O003822,M0255,dfd67516-d2f,M0255-C013,fulfilled,446.23,2026-05-13 13:09:00,2026-05-13 19:57:25.735964
O003823,M0255,4d807ded-742,M0255-C013,fulfilled,361.72,2026-03-05 19:35:00,2026-03-07 10:14:25.987725
O003824,M0255,2b4c3601-a24,M0255-C013,fulfilled,354.41,2026-03-18 08:06:00,2026-03-21 06:56:15.114447
O003825,M0255,31509ec4-67e,M0255-C014,fulfilled,436.77,2026-02-17 20:10:00,2026-02-19 00:25:48.897410
O003826,M0255,0411f05e-376,M0255-C016,fulfilled,242.78,2026-03-30 12:16:00,2026-04-02 08:55:31.080227
O003827,M0255,c31c9d8d-b51,M0255-C016,fulfilled,244.99,2026-05-23 14:27:00,2026-05-24 21:01:13.231760
O003828,M0255,3b865971-5c9,M0255-C017,fulfilled,421.75,2026-06-10 10:50:00,2026-06-12 19:10:40.739912
O003829,M0256,6171a61c-92c,M0256-C000,fulfilled,899.83,2026-05-29 15:38:00,2026-05-29 18:22:11.476597
O003830,M0256,4126f911-481,M0256-C002,fulfilled,440.91,2026-05-15 13:02:00,2026-05-15 15:56:29.071929
O003831,M0256,3e823878-3a4,M0256-C008,fulfilled,820.56,2026-05-26 14:40:00,2026-05-27 04:19:41.896659
O003832,M0256,f15b614d-dc7,M0256-C009,fulfilled,703.3,2026-05-25 19:20:00,2026-06-01 07:45:35.293550
O003833,M0256,c928ca1b-a68,M0256-C011,cancelled,349.35,2026-06-09 13:04:00,
O003834,M0256,c509582f-c35,M0256-C011,fulfilled,724.76,2026-06-14 09:24:00,2026-06-18 07:38:22.478729
O003835,M0256,514070df-6fa,M0256-C012,fulfilled,962.73,2026-05-23 14:53:00,2026-05-26 02:07:13.903405
O003836,M0256,514070df-6fa,M0256-C012,fulfilled,962.73,2026-05-23 14:53:00,2026-05-26 02:07:13.903405
O003837,M0256,2734c3ca-952,M0256-C013,fulfilled,460.23,2026-06-08 13:24:00,2026-06-09 22:06:29.096866
O003838,M0256,79adc03e-57c,M0256-C013,fulfilled,881.17,2026-06-24 13:32:00,2026-06-26 02:07:09.281075
O003839,M0256,234882b4-0f6,M0256-C014,fulfilled,320.28,2026-06-30 10:02:00,2026-06-30 23:56:04.344569
O003840,M0256,7db7b097-809,M0256-C015,fulfilled,215.7,2026-06-25 18:20:00,2026-06-25 23:09:50.264589
O003841,M0257,c197c758-30d,M0257-C000,fulfilled,311.51,2026-01-06 09:25:00,2026-01-08 13:37:40.260175
O003842,M0257,2b8a7f05-d40,M0257-C000,fulfilled,907.0,2026-01-14 22:16:00,2026-01-14 23:14:35.137635
O003843,M0257,51e7b778-3d1,M0257-C000,fulfilled,590.39,2026-01-22 13:55:00,2026-01-28 13:38:06.164517
O003844,M0257,d66340df-800,M0257-C000,fulfilled,472.3,2026-01-04 13:40:00,2026-01-09 23:41:30.913950
O003845,M0257,8b8ce90f-a32,M0257-C002,fulfilled,1509.05,2026-01-06 11:25:00,2026-01-06 23:55:25.324682
O003846,M0257,1bb90b4e-7e7,M0257-C002,fulfilled,577.98,2026-01-21 11:44:00,2026-01-22 17:50:37.427479
O003847,M0257,429bb5f1-a2c,M0257-C003,cancelled,463.61,2026-01-18 10:04:00,
O003848,M0257,2acbe3fa-5d7,M0257-C003,fulfilled,231.26,2026-01-05 16:29:00,2026-01-05 18:38:18.152352
O003849,M0259,2ea0ad7b-da4,M0259-C000,cancelled,574.57,2026-06-22 19:52:00,
O003850,M0259,82da7e88-2c6,M0259-C000,fulfilled,630.57,2026-06-27 18:08:00,2026-06-29 15:24:58.346950
O003851,M0259,4383934e-ff7,M0259-C000,fulfilled,251.07,2026-06-20 20:47:00,2026-06-22 00:38:58.454553
O003852,M0259,55ee240d-b87,M0259-C002,fulfilled,628.55,2026-06-30 13:10:00,2026-06-30 21:37:43.026182
O003853,M0259,110ad39c-7ea,M0259-C002,fulfilled,592.86,2026-06-24 14:29:00,2026-07-06 05:19:06.833727
O003854,M0259,5c1bab5f-01b,M0259-C003,fulfilled,365.11,2026-06-28 13:48:00,2026-07-06 00:19:48.588411
O003855,M0259,2d719313-ddd,M0259-C004,fulfilled,774.29,2026-06-20 20:01:00,2026-06-21 03:02:16.652371
O003856,M0259,e05ff708-9c7,M0259-C005,fulfilled,245.12,2026-06-28 14:37:00,2026-06-28 17:38:24.697364
O003857,M0259,828e887a-afb,M0259-C006,fulfilled,611.14,2026-06-24 21:37:00,2026-06-27 02:30:20.355673
O003858,M0259,e316854f-355,M0259-C006,fulfilled,437.93,2026-06-27 18:02:00,2026-06-28 09:25:00.426920
O003859,M0259,afffc5d7-160,M0259-C006,fulfilled,289.71,2026-06-26 23:14:00,2026-06-27 07:22:05.796604
O003860,M0259,7beef466-e0f,M0259-C007,fulfilled,748.12,2026-06-25 08:27:00,2026-06-27 19:11:17.193908
O003861,M0259,4d7cafbb-9ab,M0259-C007,cancelled,1559.44,2026-06-24 11:51:00,
O003862,M0259,c3669395-7ad,M0259-C007,fulfilled,875.27,2026-06-23 12:31:00,2026-06-25 18:45:17.049460
O003863,M0259,767fc454-ded,M0259-C007,fulfilled,415.64,2026-06-20 13:59:00,2026-06-20 14:32:00.228481
O003864,M0259,eabd12e6-d72,M0259-C008,placed,1552.69,2026-06-20 17:49:00,
O003865,M0259,64d50d89-96e,M0259-C009,fulfilled,203.48,2026-06-24 13:52:00,2026-06-25 09:20:09.503651
O003866,M0259,ad11ffd1-879,M0259-C009,fulfilled,417.55,2026-06-25 17:25:00,2026-06-26 04:20:15.907200
O003867,M0259,6851428e-3a9,M0259-C009,fulfilled,225.77,2026-06-21 16:04:00,2026-06-23 01:09:47.830800
O003868,M0259,b1833a1a-e02,M0259-C010,fulfilled,564.0,2026-06-28 16:37:00,2026-06-28 17:16:27.103394
O003869,M0259,b1833a1a-e02,M0259-C010,fulfilled,564.0,2026-06-28 16:37:00,2026-06-28 17:16:27.103394
O003870,M0259,4fc4a972-b17,M0259-C010,fulfilled,582.04,2026-06-24 16:59:00,2026-07-01 12:09:52.233374
O003871,M0259,44c2dfd9-47e,M0259-C014,cancelled,307.82,2026-06-30 16:59:00,
O003872,M0259,0369c9e4-69c,M0259-C014,fulfilled,1325.16,2026-06-22 21:39:00,2026-06-23 03:24:56.949647
O003873,M0259,5fefccf2-3b3,M0259-C015,fulfilled,860.89,2026-06-25 16:25:00,2026-06-26 17:09:13.502578
O003874,M0259,752c2ae9-1f1,M0259-C016,fulfilled,756.74,2026-06-22 12:42:00,2026-06-24 14:25:17.419149
O003875,M0259,ee925318-359,M0259-C016,fulfilled,282.68,2026-06-23 12:10:00,2026-06-23 21:07:55.074106
O003876,M0259,e7fde467-e03,M0259-C016,fulfilled,858.07,2026-06-30 16:14:00,2026-06-30 20:04:23.816904
O003877,M0259,c7301a28-817,M0259-C017,fulfilled,69.43,2026-06-30 13:57:00,2026-07-02 13:19:33.674962
O003878,M0259,63e99d8c-4ed,M0259-C019,fulfilled,1205.52,2026-06-22 17:45:00,2026-06-26 07:37:41.474486
O003879,M0259,a33b5b1d-f97,M0259-C020,fulfilled,934.21,2026-06-27 16:20:00,2026-06-27 20:48:00.395662
O003880,M0259,6748b163-f43,M0259-C021,fulfilled,480.65,2026-06-29 17:08:00,2026-07-02 21:33:24.505271
O003881,M0259,2335280a-d3f,M0259-C021,fulfilled,335.7,2026-06-20 16:52:00,2026-06-22 01:54:54.512936
O003882,M0259,5480a157-a67,M0259-C021,fulfilled,1227.53,2026-06-20 15:32:00,2026-06-22 11:12:14.822817
O003883,M0259,77e51b74-9da,M0259-C022,fulfilled,489.84,2026-06-23 19:47:00,2026-06-26 02:30:39.381159
O003884,M0259,d68b027c-f11,M0259-C022,fulfilled,826.37,2026-06-29 18:44:00,2026-07-01 00:37:54.416436
O003885,M0259,36ec5082-ef0,M0259-C023,fulfilled,294.29,2026-06-25 09:53:00,2026-06-27 15:41:51.553251
O003886,M0260,a4aa4a08-2e3,M0260-C000,fulfilled,676.44,2026-02-25 16:34:00,2026-02-26 05:18:33.706666
O003887,M0260,66065435-161,M0260-C002,fulfilled,363.31,2026-03-14 12:12:00,2026-03-14 18:06:50.283215
O003888,M0260,07a6fbb8-bea,M0260-C002,fulfilled,334.03,2026-02-17 14:35:00,2026-02-17 17:10:57.513619
O003889,M0260,af6fe8fc-786,M0260-C002,fulfilled,403.31,2026-02-18 13:02:00,2026-02-19 07:38:44.211758
O003890,M0260,9b3d4ce0-c55,M0260-C003,fulfilled,454.37,2026-03-14 16:22:00,2026-03-16 00:08:54.335665
O003891,M0260,defa3923-02e,M0260-C005,fulfilled,553.71,2026-03-09 20:46:00,2026-03-10 12:32:34.780603
O003892,M0260,642b84ee-d69,M0260-C006,fulfilled,386.5,2026-02-11 19:29:00,2026-02-12 00:19:02.573687
O003893,M0260,b44c938a-cae,M0260-C006,fulfilled,181.38,2026-02-12 08:13:00,2026-02-12 09:01:31.822177
O003894,M0260,43582ad2-29a,M0260-C007,placed,510.98,2026-02-11 15:08:00,
O003895,M0260,0ca24d8d-d13,M0260-C010,fulfilled,388.03,2026-02-24 11:32:00,2026-02-24 13:26:22.705658
O003896,M0260,1791130f-7fc,M0260-C010,fulfilled,509.56,2026-03-08 15:04:00,2026-03-08 16:23:09.768037
O003897,M0260,4dd56ae6-d45,M0260-C012,fulfilled,735.0,2026-03-02 09:38:00,2026-03-03 19:46:43.221225
O003898,M0260,a40d5575-c2f,M0260-C013,fulfilled,522.31,2026-03-14 10:10:00,2026-03-15 03:07:14.220489
O003899,M0260,285d3af3-4ab,M0260-C014,fulfilled,418.88,2026-02-24 21:50:00,2026-02-25 17:49:53.084598
O003900,M0260,c9043ad0-7ef,M0260-C016,placed,474.68,2026-02-13 18:53:00,
O003901,M0260,c6b294c1-d28,M0260-C018,fulfilled,683.94,2026-02-26 20:12:00,2026-02-26 21:20:59.021295
O003902,M0260,ee6950cf-db0,M0260-C019,fulfilled,148.41,2026-03-05 12:24:00,2026-03-06 20:41:45.599950
O003903,M0261,8872a665-cc6,M0261-C003,fulfilled,797.87,2026-06-29 09:19:00,2026-07-09 10:43:03.383636
O003904,M0261,97fb3406-311,M0261-C003,fulfilled,270.63,2026-06-16 10:31:00,2026-06-16 22:29:57.060862
O003905,M0261,29b52122-f78,M0261-C004,fulfilled,896.36,2026-06-11 21:23:00,2026-06-13 18:49:45.913244
O003906,M0261,7d6e64ae-acc,M0261-C006,fulfilled,505.32,2026-06-25 18:27:00,2026-07-03 20:54:38.137062
O003907,M0261,d18ff9b9-115,M0261-C006,fulfilled,473.57,2026-06-22 13:13:00,2026-06-22 16:36:25.914482
O003908,M0261,c6afe856-91b,M0261-C006,cancelled,315.22,2026-06-23 22:34:00,
O003909,M0262,42b4bdc3-400,M0262-C001,placed,1449.3,2026-04-15 18:55:00,
O003910,M0262,8c2bb0dd-9ba,M0262-C001,fulfilled,974.33,2026-05-29 22:14:00,2026-06-03 16:17:30.304313
O003911,M0262,42c61853-152,M0262-C001,cancelled,801.71,2026-04-11 14:45:00,
O003912,M0262,8afec105-fe6,M0262-C001,fulfilled,1207.69,2026-04-23 11:14:00,2026-04-23 16:01:36.510982
O003913,M0262,1b83a2b2-bee,M0262-C002,fulfilled,266.86,2026-05-19 16:08:00,2026-05-23 15:49:48.787459
O003914,M0262,b2bec880-47a,M0262-C002,fulfilled,90.99,2026-05-19 18:55:00,2026-05-20 01:19:29.400867
O003915,M0262,dd6c612e-620,M0262-C004,fulfilled,1243.91,2026-04-21 14:56:00,2026-04-21 16:22:13.964464
O003916,M0262,ee931115-df5,M0262-C005,fulfilled,501.49,2026-04-07 22:52:00,2026-04-07 23:00:35.553909
O003917,M0262,187c5331-a6d,M0262-C006,fulfilled,325.82,2026-04-20 11:23:00,2026-04-21 04:37:46.761715
O003918,M0262,1da8d80f-64a,M0262-C008,fulfilled,454.75,2026-04-22 19:26:00,2026-04-22 19:29:09.032181
O003919,M0262,4db41b1d-800,M0262-C010,fulfilled,326.31,2026-04-01 14:15:00,2026-04-02 14:14:59.816984
O003920,M0262,867fc3fd-1bd,M0262-C013,fulfilled,1063.65,2026-03-29 16:31:00,2026-03-31 04:23:15.750643
O003921,M0262,d65c978c-900,M0262-C013,fulfilled,561.29,2026-05-18 11:32:00,2026-05-20 07:59:55.837067
O003922,M0262,2ea22837-e86,M0262-C014,fulfilled,436.68,2026-05-29 18:38:00,2026-05-31 07:23:57.555004
O003923,M0262,57f2b14b-2cf,M0262-C014,fulfilled,490.48,2026-03-24 17:58:00,2026-03-29 07:17:58.939845
O003924,M0262,8d2e79c7-37b,M0262-C016,fulfilled,613.62,2026-05-21 11:45:00,2026-05-23 11:19:41.512812
O003925,M0263,91ac61b2-808,M0263-C000,fulfilled,204.11,2026-02-02 08:26:00,2026-02-02 18:10:16.034149
O003926,M0263,15e1a3d1-85d,M0263-C002,placed,428.77,2026-02-12 11:01:00,
O003927,M0263,e4eedbc6-b51,M0263-C003,fulfilled,587.23,2026-02-05 18:42:00,2026-02-07 06:34:56.289654
O003928,M0263,ed256251-8b8,M0263-C004,fulfilled,935.32,2026-02-11 11:46:00,2026-02-11 18:14:29.803537
O003929,M0263,32768887-c7c,M0263-C004,fulfilled,111.78,2026-01-26 09:11:00,2026-01-30 11:07:49.606785
O003930,M0263,08d5c114-99e,M0263-C004,fulfilled,1099.6,2026-02-08 20:12:00,2026-02-16 03:43:44.807823
O003931,M0263,6afbcb51-a77,M0263-C007,fulfilled,891.16,2026-01-27 22:46:00,2026-01-28 00:14:52.637906
O003932,M0263,9d1e9281-595,M0263-C007,fulfilled,1053.8,2026-01-31 13:25:00,2026-02-01 15:07:54.989126
O003933,M0263,c251415d-fd1,M0263-C008,fulfilled,937.47,2026-01-29 11:09:00,2026-01-31 11:18:21.915299
O003934,M0263,58b67bc8-39c,M0263-C008,fulfilled,440.64,2026-02-09 09:48:00,2026-02-09 15:20:57.705109
O003935,M0263,d17e3bec-e23,M0263-C009,fulfilled,594.82,2026-02-13 18:52:00,2026-02-15 04:26:38.369318
O003936,M0263,29764db5-ba1,M0263-C009,fulfilled,417.72,2026-01-25 16:05:00,2026-01-27 01:11:09.723255
O003937,M0263,e0a8e7a7-e49,M0263-C010,cancelled,1211.75,2026-02-14 13:22:00,
O003938,M0263,9c87912e-f0d,M0263-C010,fulfilled,674.16,2026-02-02 09:21:00,2026-02-03 03:26:50.308665
O003939,M0263,4c2202b9-edf,M0263-C011,fulfilled,278.72,2026-02-09 09:14:00,2026-02-10 21:34:46.979579
O003940,M0263,d05e2057-697,M0263-C011,fulfilled,125.86,2026-02-07 08:29:00,2026-02-13 04:39:00.872378
O003941,M0263,e0ff6703-ab8,M0263-C011,fulfilled,826.82,2026-02-08 15:28:00,2026-02-09 07:07:58.760062
O003942,M0263,15f75e91-434,M0263-C012,placed,798.9,2026-01-27 15:26:00,
O003943,M0263,32fbb24f-da9,M0263-C013,fulfilled,344.44,2026-02-13 22:51:00,2026-02-15 22:19:29.422995
O003944,M0263,e0f1c988-8ef,M0263-C013,fulfilled,641.52,2026-02-10 16:18:00,2026-02-11 12:05:46.833162
O003945,M0263,eb3d0ac5-f00,M0263-C014,fulfilled,680.76,2026-02-10 17:55:00,2026-02-12 15:00:03.114001
O003946,M0263,4f450caf-78a,M0263-C015,fulfilled,516.35,2026-02-06 21:54:00,2026-02-07 04:13:06.084815
O003947,M0263,1fc4145e-01f,M0263-C015,fulfilled,404.31,2026-01-28 09:10:00,2026-02-04 02:36:53.842782
O003948,M0263,a5aa2e3a-ca6,M0263-C015,fulfilled,544.8,2026-02-02 09:27:00,2026-02-06 13:08:59.136113
O003949,M0263,3dffedd6-27e,M0263-C015,fulfilled,540.51,2026-02-07 15:20:00,2026-02-10 03:15:59.083840
O003950,M0263,917569cf-18d,M0263-C017,fulfilled,891.9,2026-02-06 23:13:00,2026-02-07 13:41:48.298388
O003951,M0265,13ebf9b9-7ec,M0265-C001,fulfilled,477.5,2026-05-28 09:53:00,2026-05-28 14:41:22.661870
O003952,M0265,dc6469fb-aa6,M0265-C002,fulfilled,160.24,2026-04-23 21:10:00,2026-04-24 00:20:12.651185
O003953,M0265,7cd256b0-624,M0265-C002,fulfilled,424.34,2026-06-15 23:13:00,2026-06-16 02:27:56.079238
O003954,M0265,7b1c7df2-fea,M0265-C003,fulfilled,423.99,2026-03-25 21:18:00,2026-03-26 09:14:24.812775
O003955,M0265,beba420c-a90,M0265-C004,fulfilled,630.25,2026-04-23 18:30:00,2026-04-24 04:27:13.118970
O003956,M0265,61cbbed7-04a,M0265-C004,fulfilled,869.03,2026-05-10 23:01:00,2026-05-13 23:04:20.882970
O003957,M0265,f2857dd1-097,M0265-C005,fulfilled,578.36,2026-05-10 22:45:00,2026-05-19 03:34:06.024023
O003958,M0265,52a2fad7-6bc,M0265-C005,cancelled,679.25,2026-06-05 19:26:00,
O003959,M0265,df9fa66a-d99,M0265-C006,fulfilled,478.02,2026-04-18 13:16:00,2026-04-26 06:00:31.484717
O003960,M0265,37ba9fd1-c20,M0265-C007,fulfilled,351.0,2026-03-21 20:30:00,2026-03-30 06:08:31.847250
O003961,M0265,d3d61408-598,M0265-C008,fulfilled,725.38,2026-03-30 10:00:00,2026-04-05 01:19:27.554187
O003962,M0265,b67b0b21-b50,M0265-C009,fulfilled,286.21,2026-06-07 18:32:00,2026-06-08 05:17:34.509309
O003963,M0265,c1d685af-dea,M0265-C010,fulfilled,888.93,2026-05-04 08:24:00,2026-05-05 20:00:45.277589
O003964,M0265,d8a1e2c3-0d0,M0265-C010,fulfilled,222.51,2026-06-14 18:29:00,2026-06-15 21:36:58.279638
O003965,M0265,6b53b78d-4c0,M0265-C011,placed,344.44,2026-05-19 11:23:00,
O003966,M0265,f020fda7-471,M0265-C012,fulfilled,948.37,2026-06-10 21:09:00,2026-06-12 13:25:26.142849
O003967,M0265,b7c8815b-068,M0265-C012,fulfilled,224.76,2026-04-18 08:57:00,2026-04-19 14:35:01.255083
O003968,M0265,4e6a8866-e26,M0265-C013,fulfilled,509.71,2026-05-06 16:37:00,2026-05-07 08:47:53.780184
O003969,M0265,3c00ab64-311,M0265-C014,fulfilled,444.45,2026-06-01 13:35:00,2026-06-08 19:16:25.672390
O003970,M0265,ccd048ca-a8d,M0265-C014,fulfilled,397.28,2026-05-13 19:22:00,2026-05-14 02:57:21.029416
O003971,M0265,10953693-bcf,M0265-C015,fulfilled,359.71,2026-03-26 14:43:00,2026-03-28 15:54:19.273782
O003972,M0265,91eb395c-649,M0265-C016,placed,576.21,2026-03-21 20:57:00,
O003973,M0265,560c8576-135,M0265-C017,fulfilled,398.96,2026-06-20 18:20:00,2026-06-20 21:40:27.637080
O003974,M0265,40f0efc3-f46,M0265-C017,fulfilled,414.34,2026-04-05 19:07:00,2026-04-06 02:17:10.664937
O003975,M0266,978f47bd-6fb,M0266-C000,fulfilled,1073.66,2026-06-29 13:56:00,2026-06-29 23:04:32.280096
O003976,M0266,039753fa-dee,M0266-C002,placed,1320.64,2026-06-21 11:33:00,
O003977,M0267,05928401-fc4,M0267-C000,fulfilled,286.08,2026-03-21 09:59:00,2026-03-23 03:03:46.583602
O003978,M0267,d926d6d7-cde,M0267-C001,placed,600.85,2026-03-16 10:32:00,
O003979,M0268,22bb854a-169,M0268-C001,fulfilled,666.64,2026-04-03 18:17:00,2026-04-05 06:26:27.802348
O003980,M0268,bd820a32-99c,M0268-C001,fulfilled,523.1,2026-04-07 20:49:00,2026-04-09 01:49:17.342494
O003981,M0268,4e833d05-26b,M0268-C001,fulfilled,356.03,2026-04-04 14:53:00,2026-04-05 10:33:24.489085
O003982,M0268,4e833d05-26b,M0268-C001,fulfilled,356.03,2026-04-04 14:53:00,2026-04-05 10:33:24.489085
O003983,M0268,3c06313c-c94,M0268-C003,placed,1139.74,2026-04-14 12:17:00,
O003984,M0268,940af5e5-b4c,M0268-C004,fulfilled,639.62,2026-04-13 10:10:00,2026-04-14 02:17:07.037096
O003985,M0268,e8e6a0e5-160,M0268-C004,fulfilled,362.41,2026-04-12 08:46:00,2026-04-14 01:56:53.412588
O003986,M0269,c64a4296-f48,M0269-C000,fulfilled,811.4,2026-02-13 12:37:00,2026-02-14 14:56:58.372535
O003987,M0269,a2c0e8bd-713,M0269-C000,fulfilled,231.83,2026-02-13 08:21:00,2026-02-13 12:23:57.623676
O003988,M0269,0f3c4f85-6ba,M0269-C000,fulfilled,430.7,2026-02-16 16:00:00,2026-02-18 05:03:59.275679
O003989,M0270,eaf981d0-d8a,M0270-C000,fulfilled,293.48,2026-06-21 11:03:00,2026-06-23 07:22:21.926136
O003990,M0270,0f4dafb2-9f8,M0270-C000,fulfilled,65.64,2026-05-26 20:50:00,2026-05-26 23:54:46.254820
O003991,M0270,09e54905-908,M0270-C001,fulfilled,494.1,2026-05-30 17:49:00,2026-06-02 02:29:02.319179
O003992,M0270,5af9895d-fb1,M0270-C001,fulfilled,384.41,2026-06-22 12:50:00,2026-06-24 05:29:46.844658
O003993,M0271,d599a922-6e7,M0271-C000,placed,915.52,2026-03-07 20:29:00,
O003994,M0271,3c185640-b0a,M0271-C001,fulfilled,341.67,2026-03-04 11:51:00,2026-03-06 08:35:11.089202
O003995,M0271,9341c72d-cd3,M0271-C002,fulfilled,769.84,2026-03-08 19:24:00,2026-03-08 22:24:16.254303
O003996,M0271,9341c72d-cd3,M0271-C002,fulfilled,769.84,2026-03-08 19:24:00,2026-03-08 22:24:16.254303
O003997,M0271,5dd4ed4e-070,M0271-C003,fulfilled,348.28,2026-01-15 17:22:00,2026-01-16 04:44:19.527866
O003998,M0271,a1e032c4-96d,M0271-C006,fulfilled,565.66,2026-02-22 09:00:00,2026-02-23 04:06:03.996844
O003999,M0271,8487963d-b0a,M0271-C007,fulfilled,157.43,2026-01-28 08:58:00,2026-01-31 11:02:07.107944
O004000,M0271,a0c2ecda-cf3,M0271-C008,fulfilled,142.22,2026-02-14 12:20:00,2026-02-18 03:39:13.378912
O004001,M0271,d26de307-043,M0271-C009,fulfilled,879.21,2026-02-22 14:31:00,2026-02-23 06:47:46.580695
O004002,M0271,d326189f-72f,M0271-C011,fulfilled,1191.89,2026-01-14 12:54:00,2026-01-15 03:58:52.698903
O004003,M0272,5954a6fc-9b0,M0272-C000,fulfilled,804.97,2026-04-26 22:55:00,2026-04-27 06:03:02.617114
O004004,M0272,c8d7fef0-50c,M0272-C000,fulfilled,693.59,2026-03-19 13:30:00,2026-03-20 02:15:13.398194
O004005,M0272,528ed155-060,M0272-C002,fulfilled,861.4,2026-03-15 13:56:00,2026-03-15 21:09:38.260897
O004006,M0272,26e20eab-bde,M0272-C003,fulfilled,1311.71,2026-06-03 18:33:00,2026-06-05 12:40:48.679174
O004007,M0272,d1f38345-7d4,M0272-C003,fulfilled,315.47,2026-04-17 09:50:00,2026-04-17 10:45:33.201376
O004008,M0272,834b79b6-cc5,M0272-C005,fulfilled,873.18,2026-06-22 18:06:00,2026-06-23 08:22:43.119224
O004009,M0272,3f04f9cf-837,M0272-C005,fulfilled,813.97,2026-04-12 10:35:00,2026-04-17 09:01:44.672701
O004010,M0272,396b37db-728,M0272-C006,fulfilled,641.21,2026-04-22 23:10:00,2026-04-26 03:52:09.229258
O004011,M0273,a24ad242-7d8,M0273-C000,fulfilled,568.19,2026-03-25 09:15:00,2026-03-25 11:26:35.842661
O004012,M0273,a092f9d0-f44,M0273-C000,cancelled,632.4,2026-05-14 15:51:00,
O004013,M0273,7abf4360-681,M0273-C002,cancelled,218.18,2026-04-24 11:13:00,
O004014,M0273,8b10a932-f2f,M0273-C003,fulfilled,821.2,2026-04-30 12:43:00,2026-05-01 07:29:53.442014
O004015,M0273,1d770c50-bc7,M0273-C003,fulfilled,773.62,2026-01-20 19:58:00,2026-01-22 01:29:16.029547
O004016,M0273,32cb77fd-5ee,M0273-C003,fulfilled,1299.94,2026-02-16 14:58:00,2026-02-17 20:56:19.031836
O004017,M0273,066d4c66-e61,M0273-C004,cancelled,627.69,2026-02-28 09:47:00,
O004018,M0273,045f8bda-bb2,M0273-C004,fulfilled,618.41,2026-04-11 21:48:00,2026-04-14 04:52:46.928335
O004019,M0273,cad1c1a6-c37,M0273-C005,fulfilled,1234.95,2026-01-14 14:06:00,2026-01-14 16:15:47.634811
O004020,M0273,5ddd8a40-cb5,M0273-C006,fulfilled,739.72,2026-01-10 19:17:00,2026-01-12 01:26:17.008515
O004021,M0273,5c9a9b76-9fb,M0273-C007,fulfilled,316.22,2026-03-15 13:32:00,2026-03-24 06:16:59.412160
O004022,M0273,eebf4c9f-e10,M0273-C007,cancelled,1175.98,2026-05-07 15:07:00,
O004023,M0273,87c91036-15b,M0273-C008,fulfilled,930.73,2026-03-16 10:11:00,2026-03-19 05:43:11.643734
O004024,M0273,dc92346d-2d2,M0273-C010,fulfilled,1103.44,2026-05-06 10:38:00,2026-05-07 15:40:42.014311
O004025,M0273,e0710f35-008,M0273-C011,fulfilled,296.0,2026-05-04 14:52:00,2026-05-04 15:22:20.453647
O004026,M0273,59e99cde-89e,M0273-C011,fulfilled,540.79,2026-03-20 11:46:00,2026-03-21 21:18:31.040842
O004027,M0273,b9dbf623-d42,M0273-C013,fulfilled,430.44,2026-02-02 14:21:00,2026-02-02 20:24:37.006581
O004028,M0273,22f4576e-95e,M0273-C013,fulfilled,368.7,2026-02-03 14:26:00,2026-02-11 14:16:14.799837
O004029,M0273,a48f4d64-b54,M0273-C013,fulfilled,144.04,2026-04-01 09:10:00,2026-04-01 19:14:09.518144
O004030,M0273,afad632e-139,M0273-C013,fulfilled,315.83,2026-02-19 13:50:00,2026-02-26 13:34:04.225859
O004031,M0273,404d9345-886,M0273-C016,fulfilled,473.51,2026-01-22 11:32:00,2026-01-24 16:08:14.104550
O004032,M0273,f9f022fc-c38,M0273-C016,fulfilled,646.42,2026-02-19 21:09:00,2026-02-25 06:16:20.476650
O004033,M0273,74d17b36-db9,M0273-C017,fulfilled,1048.05,2026-02-05 09:47:00,2026-02-10 23:12:26.343394
O004034,M0273,33727247-ef9,M0273-C019,fulfilled,256.47,2026-04-27 22:34:00,2026-04-28 19:52:56.755180
O004035,M0273,f3dee782-43a,M0273-C019,fulfilled,1137.35,2026-01-30 09:42:00,2026-01-30 10:47:31.081533
O004036,M0273,adeac8aa-0ea,M0273-C020,fulfilled,445.95,2026-01-21 13:52:00,2026-01-21 16:34:04.093417
O004037,M0273,26c1b707-7a5,M0273-C021,fulfilled,339.89,2026-03-25 18:46:00,2026-03-26 14:04:17.739536
O004038,M0273,724bb763-c96,M0273-C022,fulfilled,936.63,2026-01-19 19:21:00,2026-01-21 09:41:21.474748
O004039,M0274,c965c00f-38b,M0274-C000,fulfilled,180.41,2026-03-11 12:05:00,2026-03-15 21:34:11.671545
O004040,M0274,b06b75b4-fad,M0274-C000,fulfilled,349.55,2026-03-03 17:47:00,2026-03-04 22:03:03.147916
O004041,M0274,cf60150d-462,M0274-C001,fulfilled,507.98,2026-03-19 16:30:00,2026-03-25 12:04:07.635250
O004042,M0275,32bba448-06c,M0275-C000,fulfilled,250.92,2026-04-05 19:49:00,2026-04-06 00:12:43.719173
O004043,M0275,97c917dc-1ce,M0275-C000,fulfilled,201.9,2026-05-25 15:26:00,2026-05-28 14:35:32.882831
O004044,M0276,51b847c5-0d7,M0276-C003,fulfilled,1224.16,2026-06-10 11:21:00,2026-06-12 08:26:00.632369
O004045,M0276,77d45c12-a5a,M0276-C004,fulfilled,243.7,2026-02-08 16:10:00,2026-02-09 13:39:58.760196
O004046,M0276,727aaea8-3b5,M0276-C005,fulfilled,402.93,2026-05-10 15:43:00,2026-05-13 05:26:23.981364
O004047,M0276,2faae280-3e8,M0276-C005,fulfilled,136.93,2026-03-31 13:16:00,2026-04-01 21:28:23.196352
O004048,M0276,a6350d75-d02,M0276-C005,fulfilled,559.39,2026-02-13 22:18:00,2026-02-15 06:50:43.537931
O004049,M0276,033ff154-af0,M0276-C007,fulfilled,204.35,2026-02-22 18:53:00,2026-03-03 17:55:07.875988
O004050,M0276,b7005dce-4f4,M0276-C007,fulfilled,477.38,2026-03-26 10:09:00,2026-03-27 00:50:12.926089
O004051,M0276,8eac5ccb-2dc,M0276-C008,fulfilled,541.59,2026-04-07 21:40:00,2026-04-08 17:38:01.766149
O004052,M0276,b2b19f41-fe4,M0276-C009,fulfilled,114.35,2026-03-03 19:15:00,2026-03-03 22:28:49.502610
O004053,M0276,cb75521a-bc0,M0276-C009,cancelled,1050.56,2026-06-27 18:00:00,
O004054,M0276,c2bc13dc-ff0,M0276-C010,fulfilled,675.79,2026-02-25 11:44:00,2026-02-27 04:50:03.296412
O004055,M0276,e86df6ff-2e9,M0276-C010,fulfilled,724.01,2026-04-16 21:58:00,2026-04-17 21:12:42.721636
O004056,M0276,2e9bcfe4-0a5,M0276-C010,fulfilled,828.73,2026-05-20 08:21:00,2026-05-21 12:58:24.277621
O004057,M0276,e5461075-c2a,M0276-C011,fulfilled,780.26,2026-05-03 08:13:00,2026-05-04 20:44:22.153790
O004058,M0276,e980de39-95c,M0276-C013,fulfilled,415.98,2026-03-21 10:28:00,2026-03-23 17:48:16.922409
O004059,M0276,ea90fabc-740,M0276-C015,fulfilled,496.33,2026-03-05 19:49:00,2026-03-06 18:24:32.883432
O004060,M0276,918bf72e-45b,M0276-C016,fulfilled,428.37,2026-05-14 08:24:00,2026-05-14 17:51:34.110392
O004061,M0276,ae5942f0-a2b,M0276-C017,fulfilled,441.94,2026-05-01 14:00:00,2026-05-04 06:56:09.153233
O004062,M0276,66f8b299-593,M0276-C017,fulfilled,688.1,2026-06-28 10:43:00,2026-06-30 14:33:31.387360
O004063,M0276,03679927-c19,M0276-C017,fulfilled,1266.17,2026-04-14 12:49:00,2026-04-15 22:16:47.396762
O004064,M0276,a6a8329a-0fa,M0276-C017,fulfilled,1388.95,2026-04-23 22:22:00,2026-04-27 07:01:56.546438
O004065,M0276,3a55a926-c63,M0276-C019,placed,879.97,2026-05-22 16:31:00,
O004066,M0276,24a9dd11-b88,M0276-C020,fulfilled,186.79,2026-02-08 08:30:00,2026-02-10 01:38:15.096752
O004067,M0276,51595c9e-e73,M0276-C021,fulfilled,358.61,2026-04-14 11:46:00,2026-04-16 03:20:51.442367
O004068,M0276,c0be1ecf-3a4,M0276-C021,fulfilled,432.99,2026-06-06 11:02:00,2026-06-07 00:34:48.570902
O004069,M0276,48983d88-a46,M0276-C022,fulfilled,315.7,2026-03-04 18:12:00,2026-03-05 21:20:24.489106
O004070,M0276,57da2d9f-5a4,M0276-C023,cancelled,622.78,2026-04-11 10:44:00,
O004071,M0276,69e18fdf-585,M0276-C025,fulfilled,646.47,2026-04-23 18:04:00,2026-04-27 01:54:33.118011
O004072,M0276,876b3e5a-0f8,M0276-C025,fulfilled,182.68,2026-03-16 09:38:00,2026-03-17 08:36:42.134158
O004073,M0276,70aefbb4-301,M0276-C027,fulfilled,466.72,2026-04-20 19:42:00,2026-04-21 02:49:26.117990
O004074,M0276,c3fa1f93-5a1,M0276-C028,fulfilled,517.95,2026-03-01 10:53:00,2026-03-01 18:09:58.020725
O004075,M0276,8403b469-065,M0276-C028,fulfilled,521.34,2026-06-22 11:27:00,2026-06-24 17:30:02.066952
O004076,M0276,4ea2b286-c72,M0276-C030,fulfilled,368.46,2026-05-03 17:26:00,2026-05-04 12:06:29.636979
O004077,M0276,1315685e-a39,M0276-C031,fulfilled,605.77,2026-05-13 20:18:00,2026-05-14 20:26:51.019282
O004078,M0277,3e7ac8ce-8df,M0277-C000,fulfilled,535.21,2026-04-29 13:51:00,2026-04-30 03:30:07.197080
O004079,M0277,d0306d59-1c6,M0277-C000,fulfilled,111.34,2026-05-16 19:44:00,2026-05-17 12:10:58.534285
O004080,M0277,f824f4f2-d98,M0277-C002,fulfilled,634.29,2026-04-22 18:03:00,2026-04-23 05:56:57.420953
O004081,M0277,eec79164-348,M0277-C002,fulfilled,745.32,2026-04-13 16:00:00,2026-04-14 04:23:17.830448
O004082,M0278,bfb66004-306,M0278-C000,fulfilled,728.73,2026-01-20 12:30:00,2026-01-27 17:16:38.109371
O004083,M0278,aa17b819-e77,M0278-C000,fulfilled,461.17,2026-01-07 19:00:00,2026-01-07 23:53:46.601677
O004084,M0279,b0cfc4f0-315,M0279-C000,fulfilled,605.8,2026-05-05 12:14:00,2026-05-06 18:39:11.748344
O004085,M0279,44bcd36b-1b2,M0279-C000,fulfilled,784.91,2026-04-22 10:49:00,2026-04-22 16:29:24.142993
O004086,M0280,cb1d1f6b-b4f,M0280-C000,fulfilled,208.42,2026-03-01 13:26:00,2026-03-05 04:02:24.355917
O004087,M0280,64c19b35-ffe,M0280-C001,fulfilled,1251.21,2026-02-24 14:02:00,2026-02-25 01:04:07.012242
O004088,M0280,1f889ee2-d9f,M0280-C001,fulfilled,89.99,2026-03-07 09:22:00,2026-03-11 02:18:49.542776
O004089,M0281,c5cc1211-9a8,M0281-C002,fulfilled,153.81,2026-01-08 18:11:00,2026-01-11 18:39:23.477882
O004090,M0281,08a3f461-832,M0281-C004,fulfilled,507.89,2026-01-21 09:13:00,2026-01-25 07:08:09.403883
O004091,M0281,9b0496cd-c2b,M0281-C007,fulfilled,888.57,2026-01-19 19:29:00,2026-01-22 16:38:51.922346
O004092,M0281,aa4546e8-752,M0281-C008,placed,131.08,2026-01-07 12:17:00,
O004093,M0281,cb694e65-608,M0281-C009,fulfilled,420.81,2026-01-28 17:29:00,2026-01-29 16:07:41.086011
O004094,M0281,624c351e-46b,M0281-C009,fulfilled,1000.36,2026-01-14 21:07:00,2026-01-17 09:53:23.272276
O004095,M0281,753854b5-933,M0281-C010,cancelled,220.73,2026-01-27 10:30:00,
O004096,M0281,94734fb8-14e,M0281-C012,fulfilled,349.03,2026-01-23 09:00:00,2026-01-24 02:14:03.916044
O004097,M0281,c34da492-9ab,M0281-C015,fulfilled,719.68,2026-01-19 10:25:00,2026-01-22 06:06:00.177991
O004098,M0281,88722c5d-746,M0281-C016,cancelled,1330.59,2026-01-07 15:06:00,
O004099,M0281,2834be8a-636,M0281-C016,fulfilled,1195.32,2026-01-28 22:39:00,2026-01-31 23:58:46.568074
O004100,M0281,13bc5da1-fce,M0281-C017,fulfilled,195.99,2026-01-28 12:41:00,2026-01-30 22:43:54.424231
O004101,M0281,2ef4fd33-f0b,M0281-C017,fulfilled,701.55,2026-01-28 15:44:00,2026-01-30 01:01:32.854573
O004102,M0281,7091a4cb-17d,M0281-C018,fulfilled,183.95,2026-01-26 18:10:00,2026-02-02 16:17:05.130701
O004103,M0281,33dc4f7c-404,M0281-C018,fulfilled,557.84,2026-01-08 16:10:00,2026-01-09 07:03:43.567283
O004104,M0281,95820fd4-708,M0281-C019,fulfilled,140.51,2026-01-15 17:06:00,2026-01-15 17:31:15.839458
O004105,M0281,eae5ae43-b91,M0281-C019,fulfilled,488.29,2026-01-25 09:10:00,2026-01-27 16:30:53.588688
O004106,M0281,114f735a-02f,M0281-C020,fulfilled,488.34,2026-01-21 22:52:00,2026-01-23 22:52:12.050445
O004107,M0281,a8ba373c-b8e,M0281-C022,cancelled,553.47,2026-01-22 19:42:00,
O004108,M0281,c51c83cf-e79,M0281-C023,fulfilled,241.43,2026-01-17 20:14:00,2026-01-21 06:07:43.916183
O004109,M0281,699e3b42-d3f,M0281-C023,fulfilled,668.64,2026-01-10 10:43:00,2026-01-12 05:02:28.047659
O004110,M0281,80efd06f-cba,M0281-C024,fulfilled,378.56,2026-01-14 18:53:00,2026-01-15 05:12:41.662647
O004111,M0281,758edb20-47c,M0281-C024,fulfilled,151.19,2026-01-11 12:50:00,2026-01-13 10:45:54.802821
O004112,M0281,f05bbdf9-372,M0281-C024,fulfilled,1380.83,2026-01-13 21:25:00,2026-01-14 08:44:53.977436
O004113,M0281,9ad6cd01-6ab,M0281-C026,fulfilled,760.65,2026-01-21 16:30:00,2026-01-21 18:07:05.947666
O004114,M0281,78b5283e-037,M0281-C028,fulfilled,489.51,2026-01-11 12:35:00,2026-01-11 17:48:45.265309
O004115,M0282,a7125c7e-bd8,M0282-C000,fulfilled,484.5,2026-03-06 17:53:00,2026-03-09 15:35:28.258208
O004116,M0282,bc64389c-e2b,M0282-C000,fulfilled,677.53,2026-03-02 11:01:00,2026-03-05 21:39:25.709595
O004117,M0282,2418ed91-288,M0282-C000,cancelled,1064.82,2026-02-15 11:48:00,
O004118,M0282,56640c48-52f,M0282-C001,fulfilled,516.49,2026-06-26 11:09:00,2026-06-30 04:10:03.974885
O004119,M0282,9a3b8a20-48b,M0282-C002,fulfilled,113.81,2026-06-12 22:35:00,2026-06-13 12:46:31.247482
O004120,M0283,1e079c7f-a5f,M0283-C000,fulfilled,1016.42,2026-02-12 19:25:00,2026-02-15 05:52:10.382886
O004121,M0283,39c2d430-1e8,M0283-C001,fulfilled,299.85,2026-04-26 08:43:00,2026-04-28 06:34:22.525273
O004122,M0283,973fbc6d-34e,M0283-C001,fulfilled,735.67,2026-02-05 19:18:00,2026-02-07 09:38:57.038697
O004123,M0283,9b9acf46-d2d,M0283-C001,fulfilled,412.32,2026-05-08 21:20:00,2026-05-11 04:09:32.673196
O004124,M0283,ccd2685c-507,M0283-C002,fulfilled,829.58,2026-06-17 22:55:00,2026-06-23 03:10:46.747061
O004125,M0283,3fd8975c-cc9,M0283-C003,cancelled,1723.8,2026-02-04 17:19:00,
O004126,M0283,07a66247-2bd,M0283-C003,fulfilled,1764.9,2026-03-27 08:19:00,2026-03-29 15:01:59.285252
O004127,M0283,3e845f16-49a,M0283-C004,fulfilled,386.61,2026-02-25 18:57:00,2026-02-27 06:49:24.289734
O004128,M0283,e8d70657-079,M0283-C004,fulfilled,329.45,2026-03-04 21:03:00,2026-03-05 03:39:01.006097
O004129,M0283,974890bf-3d2,M0283-C004,fulfilled,723.54,2026-04-20 19:02:00,2026-04-21 09:46:02.014080
O004130,M0283,3d8c059a-f8c,M0283-C005,cancelled,376.58,2026-06-01 23:04:00,
O004131,M0283,d3623ada-581,M0283-C005,fulfilled,731.85,2026-02-06 15:55:00,2026-02-08 08:50:53.944574
O004132,M0283,44163d32-ccf,M0283-C005,fulfilled,733.25,2026-02-19 14:38:00,2026-02-19 18:50:45.604976
O004133,M0283,0f11b078-b91,M0283-C006,cancelled,200.57,2026-03-09 10:38:00,
O004134,M0283,8d2a9633-ff1,M0283-C007,fulfilled,190.58,2026-04-19 11:10:00,2026-04-19 21:36:15.752080
O004135,M0283,afeab734-734,M0283-C008,fulfilled,482.92,2026-01-26 10:51:00,2026-01-26 17:44:04.265578
O004136,M0283,20ae36c6-ae7,M0283-C009,fulfilled,465.53,2026-02-17 15:07:00,2026-02-17 21:03:26.712808
O004137,M0283,633ef71e-e1d,M0283-C011,fulfilled,701.46,2026-04-04 12:49:00,2026-04-06 01:47:41.895472
O004138,M0283,c9b0f48b-41f,M0283-C011,fulfilled,297.06,2026-03-22 21:04:00,2026-03-23 13:21:27.943079
O004139,M0283,5d09e83c-9e9,M0283-C012,fulfilled,648.3,2026-04-05 22:55:00,2026-04-07 07:43:02.922386
O004140,M0283,455847ad-714,M0283-C012,fulfilled,721.72,2026-05-23 15:21:00,2026-05-23 15:59:46.480680
O004141,M0283,3b98be66-005,M0283-C013,fulfilled,783.27,2026-05-07 15:43:00,2026-05-08 22:03:19.898841
O004142,M0283,0d4454f1-eb7,M0283-C015,fulfilled,318.23,2026-06-26 15:55:00,2026-06-27 02:15:39.149319
O004143,M0283,cdb437fd-216,M0283-C016,fulfilled,446.86,2026-05-23 17:39:00,2026-05-24 18:44:57.965444
O004144,M0283,621175f5-dd8,M0283-C017,fulfilled,1195.67,2026-04-22 22:28:00,2026-04-25 02:28:12.555467
O004145,M0283,69a33adc-3e2,M0283-C017,fulfilled,502.3,2026-03-16 22:18:00,2026-03-17 20:08:40.096507
O004146,M0283,6edc6273-072,M0283-C017,fulfilled,500.92,2026-05-22 19:02:00,2026-05-23 03:34:43.566185
O004147,M0283,d78e8b15-b42,M0283-C017,fulfilled,1227.6,2026-03-25 14:17:00,2026-03-27 16:21:37.000681
O004148,M0283,9716a889-aba,M0283-C018,fulfilled,331.18,2026-04-01 21:21:00,2026-04-01 23:35:06.146038
O004149,M0283,377f9bb8-6dc,M0283-C018,fulfilled,576.35,2026-02-10 18:12:00,2026-02-11 03:29:10.741221
O004150,M0284,4936519e-1bc,M0284-C000,fulfilled,672.72,2026-04-28 18:43:00,2026-04-29 11:50:02.011138
O004151,M0284,3b3ab125-e1f,M0284-C000,fulfilled,316.27,2026-05-18 13:07:00,2026-05-19 11:41:25.245669
O004152,M0284,07bfb024-e36,M0284-C000,fulfilled,637.86,2026-06-19 17:28:00,2026-06-21 03:18:00.000722
O004153,M0284,85d18275-c1b,M0284-C001,cancelled,203.35,2026-04-22 15:04:00,
O004154,M0284,5b273f47-90b,M0284-C001,fulfilled,931.73,2026-06-04 18:28:00,2026-06-04 21:31:00.629831
O004155,M0284,dbee373b-e41,M0284-C001,fulfilled,196.11,2026-06-06 11:06:00,2026-06-14 11:36:47.358678
O004156,M0284,ea94413e-b49,M0284-C001,fulfilled,407.69,2026-05-05 09:09:00,2026-05-06 07:17:31.913620
O004157,M0284,ea94413e-b49,M0284-C001,fulfilled,407.69,2026-05-05 09:09:00,2026-05-06 07:17:31.913620
O004158,M0284,00e98535-274,M0284-C002,fulfilled,283.87,2026-06-18 15:48:00,2026-06-20 01:36:28.488904
O004159,M0284,6b538f47-a64,M0284-C005,fulfilled,447.11,2026-06-30 17:00:00,2026-07-01 01:59:29.614181
O004160,M0284,9b00d4e8-5b1,M0284-C006,fulfilled,113.99,2026-05-04 19:42:00,2026-05-05 19:50:19.963501
O004161,M0284,1d949878-5ef,M0284-C006,fulfilled,425.23,2026-06-08 21:02:00,2026-06-10 10:41:23.778648
O004162,M0284,eccbcebb-99c,M0284-C006,fulfilled,626.31,2026-05-26 17:57:00,2026-05-28 02:04:23.117533
O004163,M0284,c2d8661d-eb5,M0284-C006,fulfilled,568.84,2026-05-07 16:14:00,2026-05-08 22:23:16.059143
O004164,M0284,32504257-f61,M0284-C007,fulfilled,195.17,2026-04-25 20:52:00,2026-04-26 05:21:29.768691
O004165,M0284,44c40e9b-b92,M0284-C007,fulfilled,565.29,2026-04-24 17:57:00,2026-04-25 01:44:25.133356
O004166,M0284,8ffad287-573,M0284-C008,fulfilled,219.83,2026-06-14 09:01:00,2026-06-14 11:06:19.086354
O004167,M0284,fdc7cd61-78d,M0284-C008,fulfilled,169.0,2026-05-01 18:16:00,2026-05-03 13:49:30.405678
O004168,M0284,aa01e894-ba6,M0284-C010,fulfilled,970.1,2026-05-12 11:01:00,2026-05-12 15:36:15.421366
O004169,M0284,aa01e894-ba6,M0284-C010,fulfilled,970.1,2026-05-12 11:01:00,2026-05-12 15:36:15.421366
O004170,M0284,fa116e75-634,M0284-C011,fulfilled,186.74,2026-06-04 20:24:00,2026-06-04 22:36:55.695929
O004171,M0284,17be76fb-59a,M0284-C011,fulfilled,848.09,2026-05-10 19:16:00,2026-05-11 17:12:42.549326
O004172,M0284,2f30fd1c-9d3,M0284-C014,fulfilled,227.85,2026-06-07 16:36:00,2026-06-08 16:12:09.958091
O004173,M0284,467f4541-b75,M0284-C015,fulfilled,1031.69,2026-06-24 10:26:00,2026-06-25 22:25:42.812784
O004174,M0284,8e3df9d3-f6b,M0284-C016,fulfilled,259.82,2026-04-26 08:23:00,2026-05-04 02:39:41.290523
O004175,M0284,88d510c5-fa1,M0284-C017,fulfilled,663.01,2026-06-05 13:54:00,2026-06-06 10:13:33.637196
O004176,M0284,e8fdf57d-d99,M0284-C017,fulfilled,326.62,2026-05-03 17:57:00,2026-05-04 18:59:17.943345
O004177,M0284,e1e5196c-6ba,M0284-C017,fulfilled,297.54,2026-05-24 09:59:00,2026-05-24 11:48:58.228918
O004178,M0284,07be643a-6d8,M0284-C019,fulfilled,135.32,2026-05-05 11:35:00,2026-05-05 22:46:55.122026
O004179,M0284,07be643a-6d8,M0284-C019,fulfilled,135.32,2026-05-05 11:35:00,2026-05-05 22:46:55.122026
O004180,M0284,ce534b5f-35a,M0284-C019,fulfilled,454.36,2026-05-24 23:01:00,2026-05-25 07:40:30.216359
O004181,M0284,d8aba042-592,M0284-C019,fulfilled,79.97,2026-05-01 12:45:00,2026-05-06 09:45:39.256317
O004182,M0285,ca54b9f5-100,M0285-C001,placed,591.96,2026-04-20 08:29:00,
O004183,M0285,f1f01d1f-b46,M0285-C002,fulfilled,229.09,2026-03-08 09:26:00,2026-03-08 19:33:55.340898
O004184,M0285,97143fc2-48f,M0285-C003,fulfilled,595.83,2026-04-24 21:58:00,2026-04-27 11:18:08.548888
O004185,M0285,2d9a74b7-e6b,M0285-C003,fulfilled,574.07,2026-04-20 14:47:00,2026-04-25 03:30:27.742923
O004186,M0285,ce0b7d14-541,M0285-C004,fulfilled,1702.81,2026-04-21 14:57:00,2026-04-23 04:41:31.200272
O004187,M0285,aca6732c-37c,M0285-C004,fulfilled,196.65,2026-04-05 16:49:00,2026-04-06 13:44:37.229669
O004188,M0285,9e2c52bd-d14,M0285-C004,fulfilled,484.19,2026-04-08 22:41:00,2026-04-10 21:32:27.742697
O004189,M0286,1b2f5f2c-aed,M0286-C002,fulfilled,383.9,2026-04-30 16:05:00,2026-05-04 12:33:29.541221
O004190,M0286,ec74ad8e-401,M0286-C002,fulfilled,283.22,2026-02-08 12:07:00,2026-02-09 06:41:51.532410
O004191,M0286,250b72a7-ea2,M0286-C002,fulfilled,319.08,2026-06-08 10:28:00,2026-06-08 11:03:43.591909
O004192,M0286,753561e9-e24,M0286-C003,fulfilled,678.2,2026-03-25 15:16:00,2026-04-02 12:57:18.268848
O004193,M0286,4bbd01e7-8bc,M0286-C003,fulfilled,714.86,2026-03-06 18:55:00,2026-03-09 12:10:30.620573
O004194,M0286,2638fa05-58c,M0286-C004,fulfilled,307.8,2026-04-28 22:44:00,2026-04-29 14:52:57.837308
O004195,M0286,0ef5bc3d-c27,M0286-C004,fulfilled,335.23,2026-02-11 19:34:00,2026-02-13 07:59:53.333078
O004196,M0286,4ffaaf2e-c15,M0286-C005,fulfilled,808.77,2026-04-11 12:40:00,2026-04-11 22:05:45.001535
O004197,M0286,86c07a92-4a4,M0286-C005,fulfilled,356.2,2026-02-08 13:14:00,2026-02-17 09:03:08.935280
O004198,M0286,1c56ea82-873,M0286-C005,fulfilled,106.3,2026-02-10 17:57:00,2026-02-15 05:31:51.176063
O004199,M0286,b7170afb-125,M0286-C006,fulfilled,708.73,2026-05-31 21:29:00,2026-06-02 15:44:36.076459
O004200,M0286,44775477-091,M0286-C007,fulfilled,577.49,2026-05-12 21:50:00,2026-05-13 03:19:26.380374
O004201,M0286,7ffdaaf7-28f,M0286-C010,fulfilled,215.28,2026-03-14 09:40:00,2026-03-14 15:26:47.463385
O004202,M0286,17d32b02-3a5,M0286-C011,fulfilled,436.22,2026-03-09 20:19:00,2026-03-10 08:09:21.356857
O004203,M0286,e6749412-d13,M0286-C014,fulfilled,721.28,2026-04-27 12:21:00,2026-04-28 02:19:35.417829
O004204,M0286,3b0ad710-44c,M0286-C015,placed,436.63,2026-04-19 15:34:00,
O004205,M0286,2d46c3b0-664,M0286-C015,fulfilled,585.35,2026-06-01 20:29:00,2026-06-03 03:05:04.204629
O004206,M0286,728f0410-052,M0286-C016,fulfilled,919.73,2026-03-06 21:28:00,2026-03-17 13:50:43.946883
O004207,M0286,fbb04f38-d74,M0286-C017,fulfilled,587.52,2026-06-19 22:41:00,2026-06-20 06:50:11.648939
O004208,M0286,62fc009c-e2e,M0286-C017,placed,349.69,2026-03-06 16:07:00,
O004209,M0286,95c97194-22b,M0286-C019,fulfilled,213.35,2026-03-07 17:59:00,2026-03-11 00:22:37.109058
O004210,M0286,791c0840-132,M0286-C020,fulfilled,341.07,2026-03-04 16:36:00,2026-03-06 06:25:55.884443
O004211,M0286,5a9f0f5d-c2b,M0286-C020,fulfilled,763.12,2026-03-10 17:27:00,2026-03-10 19:14:59.893108
O004212,M0289,a9cbe37f-b8b,M0289-C000,fulfilled,1034.4,2026-02-21 09:38:00,2026-02-21 21:13:53.204374
O004213,M0289,aa39a1e5-799,M0289-C003,fulfilled,230.4,2026-02-04 19:10:00,2026-02-04 21:32:33.959884
O004214,M0289,b3e4de31-7f4,M0289-C005,fulfilled,686.38,2026-02-18 17:56:00,2026-02-20 21:13:39.652521
O004215,M0289,cf22fb68-216,M0289-C006,fulfilled,306.44,2026-02-13 17:44:00,2026-02-13 19:35:48.445303
O004216,M0289,3b804e91-d73,M0289-C006,fulfilled,676.01,2026-02-02 08:41:00,2026-02-04 12:46:32.007236
O004217,M0289,cb7c9188-815,M0289-C007,fulfilled,814.65,2026-02-04 17:46:00,2026-02-04 21:26:40.794289
O004218,M0289,311c65f4-335,M0289-C007,fulfilled,327.75,2026-02-15 16:39:00,2026-02-16 13:44:03.507396
O004219,M0289,92fc77f7-2e4,M0289-C008,fulfilled,124.3,2026-02-03 20:17:00,2026-02-05 03:53:45.787902
O004220,M0289,3f9057f8-f91,M0289-C008,fulfilled,1287.62,2026-02-20 11:52:00,2026-02-21 08:41:46.575921
O004221,M0289,3fa6940d-dec,M0289-C008,fulfilled,478.06,2026-02-20 20:37:00,2026-02-21 10:24:25.006320
O004222,M0289,41bc88de-132,M0289-C009,fulfilled,305.05,2026-02-16 09:20:00,2026-02-18 06:45:43.010684
O004223,M0289,17326c7b-b3f,M0289-C010,fulfilled,730.87,2026-02-03 12:44:00,2026-02-03 23:53:11.767309
O004224,M0289,91b0d797-e9b,M0289-C010,fulfilled,1015.97,2026-01-31 16:59:00,2026-02-01 00:44:10.033111
O004225,M0289,71f14126-acb,M0289-C011,fulfilled,916.1,2026-02-04 20:13:00,2026-02-06 11:18:54.828742
O004226,M0289,3f8aabea-d43,M0289-C013,fulfilled,466.56,2026-02-09 11:40:00,2026-02-11 17:10:44.035443
O004227,M0289,183ec525-241,M0289-C014,fulfilled,584.91,2026-02-17 20:19:00,2026-02-19 06:44:01.011143
O004228,M0289,7c4f74a2-f31,M0289-C014,fulfilled,392.57,2026-02-15 12:49:00,2026-02-17 00:45:28.419425
O004229,M0289,ea54cae7-e83,M0289-C014,fulfilled,621.04,2026-02-02 19:48:00,2026-02-04 19:24:49.563927
O004230,M0289,6dfb605c-626,M0289-C015,fulfilled,347.71,2026-02-19 19:41:00,2026-02-22 10:35:10.796658
O004231,M0289,7c972f4b-966,M0289-C015,fulfilled,587.71,2026-02-21 11:09:00,2026-02-24 08:06:53.841123
O004232,M0289,5d0c3231-659,M0289-C016,fulfilled,907.84,2026-02-10 16:37:00,2026-02-16 22:58:27.087766
O004233,M0289,b01fed0a-e54,M0289-C017,fulfilled,1371.69,2026-02-12 13:14:00,2026-02-13 11:44:28.604569
O004234,M0289,8a4cf2c8-192,M0289-C018,fulfilled,132.31,2026-02-07 15:01:00,2026-02-15 20:05:32.467529
O004235,M0289,6ee0ea92-88b,M0289-C019,fulfilled,1154.44,2026-02-15 11:03:00,2026-02-15 17:34:33.423647
O004236,M0289,235022b4-a4e,M0289-C021,fulfilled,397.35,2026-02-07 11:14:00,2026-02-13 22:34:49.299276
O004237,M0289,235022b4-a4e,M0289-C021,fulfilled,397.35,2026-02-07 11:14:00,2026-02-13 22:34:49.299276
O004238,M0289,ba850c1b-a4a,M0289-C022,fulfilled,702.28,2026-02-01 13:02:00,2026-02-04 21:03:20.569241
O004239,M0289,c2d1208e-e3f,M0289-C022,fulfilled,822.73,2026-02-11 18:15:00,2026-02-15 02:48:46.254583
O004240,M0289,0ba72e88-62f,M0289-C022,fulfilled,894.11,2026-02-03 11:19:00,2026-02-03 15:12:40.012966
O004241,M0289,fa39c67b-2c8,M0289-C022,fulfilled,1241.81,2026-01-31 17:32:00,2026-01-31 23:59:53.217433
O004242,M0289,9849a843-09d,M0289-C023,placed,364.19,2026-02-01 22:00:00,
O004243,M0289,25f30bc6-754,M0289-C023,fulfilled,687.37,2026-02-02 19:04:00,2026-02-02 21:45:31.223843
O004244,M0289,5a0bd6c3-bad,M0289-C023,fulfilled,357.51,2026-02-07 18:49:00,2026-02-16 13:31:09.470966
O004245,M0289,6f76a283-f0f,M0289-C026,fulfilled,344.6,2026-02-09 14:37:00,2026-02-10 21:57:15.409613
O004246,M0289,7bbfc674-db7,M0289-C028,fulfilled,444.92,2026-02-03 17:53:00,2026-02-05 04:37:58.849721
O004247,M0289,ebe52056-e45,M0289-C029,fulfilled,344.31,2026-02-05 15:08:00,2026-02-06 00:54:55.032588
O004248,M0290,271e68a0-294,M0290-C000,fulfilled,997.73,2026-04-28 20:14:00,2026-05-01 17:49:31.842942
O004249,M0290,fb9b5db4-1d5,M0290-C002,fulfilled,377.7,2026-04-10 15:27:00,2026-04-12 08:19:27.133129
O004250,M0290,b3eca950-314,M0290-C003,fulfilled,782.2,2026-05-20 12:24:00,2026-05-21 18:44:07.467434
O004251,M0290,e14668e6-1a6,M0290-C004,fulfilled,352.43,2026-02-09 10:59:00,2026-02-11 07:57:43.080934
O004252,M0290,737b4a9c-ab8,M0290-C004,fulfilled,279.69,2026-04-27 12:41:00,2026-04-27 20:49:57.098775
O004253,M0290,54f66cda-a3d,M0290-C005,fulfilled,922.25,2026-03-04 17:30:00,2026-03-08 13:34:41.825423
O004254,M0290,de4998b7-033,M0290-C007,fulfilled,545.87,2026-04-14 15:09:00,2026-04-19 18:09:38.538412
O004255,M0290,ebc6c28c-794,M0290-C007,placed,56.57,2026-05-15 08:32:00,
O004256,M0290,af896b9a-d6c,M0290-C009,fulfilled,1059.35,2026-02-20 15:44:00,2026-02-27 11:33:46.674161
O004257,M0290,69dc94a5-47c,M0290-C009,fulfilled,475.64,2026-06-17 12:53:00,2026-06-19 20:46:49.584827
O004258,M0290,175da1d1-548,M0290-C012,fulfilled,498.07,2026-04-16 12:09:00,2026-04-24 05:43:13.817144
O004259,M0290,cffaa83d-abf,M0290-C013,fulfilled,714.37,2026-01-30 10:44:00,2026-01-31 00:23:04.405770
O004260,M0290,72756504-948,M0290-C014,fulfilled,350.07,2026-06-15 20:45:00,2026-06-16 12:39:09.021879
O004261,M0290,60041b7e-bd9,M0290-C014,fulfilled,494.93,2026-02-27 17:07:00,2026-02-28 14:08:11.938663
O004262,M0290,2f49fa60-10d,M0290-C016,fulfilled,333.32,2026-02-07 22:02:00,2026-02-08 03:56:17.141374
O004263,M0290,6cd737d4-403,M0290-C017,fulfilled,812.65,2026-06-28 10:47:00,2026-06-30 21:48:13.279429
O004264,M0290,120aa1bc-630,M0290-C017,fulfilled,1025.82,2026-02-03 21:31:00,2026-02-07 12:18:52.693954
O004265,M0290,b118c38a-a4b,M0290-C018,fulfilled,1105.79,2026-04-16 11:18:00,2026-04-19 11:59:14.896108
O004266,M0291,59de05ea-5ad,M0291-C000,fulfilled,229.68,2026-05-06 20:39:00,2026-05-08 07:06:24.074328
O004267,M0291,6db76490-eca,M0291-C000,fulfilled,531.4,2026-03-31 17:23:00,2026-04-01 04:24:20.561533
O004268,M0291,4278bd4f-fcc,M0291-C000,fulfilled,544.15,2026-02-23 19:32:00,2026-02-24 19:03:08.597084
O004269,M0291,39449986-3f8,M0291-C000,fulfilled,614.12,2026-05-02 15:22:00,2026-05-02 18:18:54.157867
O004270,M0291,faa47b4d-1ac,M0291-C000,fulfilled,26.16,2026-02-24 19:15:00,2026-02-27 09:25:38.359801
O004271,M0291,45a68c3e-e66,M0291-C000,fulfilled,408.0,2026-02-10 17:53:00,2026-02-11 20:18:52.822814
O004272,M0292,87db221b-e25,M0292-C000,fulfilled,763.56,2026-03-08 20:09:00,2026-03-10 03:39:14.101862
O004273,M0292,e1582f5a-b1b,M0292-C001,fulfilled,471.2,2026-02-19 18:04:00,2026-02-21 07:41:26.980736
O004274,M0292,a4ae8dbd-e09,M0292-C001,fulfilled,287.27,2026-02-17 18:54:00,2026-02-18 02:14:16.810715
O004275,M0292,1b21ea40-644,M0292-C002,placed,295.97,2026-03-01 11:37:00,
O004276,M0292,76bfb013-241,M0292-C003,fulfilled,547.02,2026-02-21 12:16:00,2026-02-22 16:48:56.257219
O004277,M0292,8aae91e7-0e2,M0292-C003,fulfilled,282.06,2026-03-08 15:59:00,2026-03-08 17:05:28.392181
O004278,M0292,00a2d9dc-cc9,M0292-C003,fulfilled,421.08,2026-02-17 10:02:00,2026-02-24 12:41:20.719745
O004279,M0293,1a321274-7d0,M0293-C000,fulfilled,400.1,2026-01-18 16:42:00,2026-01-19 21:53:58.758479
O004280,M0293,74714914-77d,M0293-C000,fulfilled,271.53,2026-01-13 09:29:00,2026-01-14 04:45:35.229898
O004281,M0293,15e260b0-919,M0293-C000,fulfilled,542.52,2026-01-22 10:33:00,2026-01-22 16:11:31.110897
O004282,M0293,d01823ac-fba,M0293-C001,cancelled,267.34,2026-01-04 17:12:00,
O004283,M0293,731b2280-a8f,M0293-C003,fulfilled,250.51,2026-01-25 20:33:00,2026-01-28 07:54:25.284345
O004284,M0293,fd64b659-2dd,M0293-C003,fulfilled,146.74,2026-01-09 16:47:00,2026-01-15 23:12:24.093824
O004285,M0293,9e957789-6f6,M0293-C004,fulfilled,182.0,2026-01-06 16:20:00,2026-01-08 13:21:59.523091
O004286,M0293,318e1b1c-91d,M0293-C005,fulfilled,632.87,2026-01-08 20:16:00,2026-01-10 22:15:07.498966
O004287,M0293,bde285ae-cb9,M0293-C005,fulfilled,208.66,2026-01-14 08:42:00,2026-01-15 14:46:44.994749
O004288,M0293,2efe38ad-209,M0293-C006,fulfilled,574.35,2026-01-19 11:49:00,2026-01-19 13:08:30.655941
O004289,M0293,b584ac14-68e,M0293-C006,fulfilled,309.43,2026-01-11 22:51:00,2026-01-13 21:37:41.662278
O004290,M0293,6e8fc10e-436,M0293-C008,fulfilled,698.03,2026-01-20 16:21:00,2026-01-22 12:41:40.438629
O004291,M0293,6cf8a398-e68,M0293-C009,fulfilled,466.94,2026-01-11 11:35:00,2026-01-14 12:10:18.770081
O004292,M0293,b47ac427-be5,M0293-C011,fulfilled,816.64,2026-01-04 11:51:00,2026-01-05 09:56:32.329000
O004293,M0293,196d378b-6b1,M0293-C011,fulfilled,583.33,2026-01-19 16:21:00,2026-01-22 05:05:51.479058
O004294,M0293,1be050b1-cc3,M0293-C013,fulfilled,1455.28,2026-01-23 18:32:00,2026-01-25 09:57:08.968593
O004295,M0293,5c7007ad-859,M0293-C014,fulfilled,419.91,2026-01-22 16:54:00,2026-01-24 08:37:09.039735
O004296,M0293,927a173e-a72,M0293-C015,fulfilled,658.36,2026-01-17 09:58:00,2026-01-17 18:45:22.739683
O004297,M0293,0674db79-011,M0293-C015,cancelled,289.71,2026-01-09 11:16:00,
O004298,M0293,e81f979f-7eb,M0293-C016,fulfilled,542.59,2026-01-13 15:08:00,2026-01-14 01:08:39.536309
O004299,M0293,77d5d8df-3ad,M0293-C017,fulfilled,1231.19,2026-01-10 21:46:00,2026-01-10 22:49:12.013989
O004300,M0293,4a04613c-ed7,M0293-C017,fulfilled,227.01,2026-01-08 20:42:00,2026-01-09 23:52:56.766257
O004301,M0293,f0babca2-a9c,M0293-C018,fulfilled,370.36,2026-01-11 14:54:00,2026-01-20 02:20:40.231691
O004302,M0293,41d71a73-f45,M0293-C018,fulfilled,838.47,2026-01-05 14:33:00,2026-01-12 23:53:39.817028
O004303,M0293,e751d645-91c,M0293-C019,fulfilled,1266.1,2026-01-16 22:53:00,2026-01-17 22:03:33.961137
O004304,M0293,72cd93e5-7f2,M0293-C020,fulfilled,919.94,2026-01-19 15:46:00,2026-01-21 19:26:04.824522
O004305,M0293,5933f2d1-2a0,M0293-C020,fulfilled,638.7,2026-01-20 13:56:00,2026-01-26 11:59:02.974213
O004306,M0295,232be673-78e,M0295-C000,fulfilled,122.81,2026-01-25 16:50:00,2026-01-28 05:21:10.105294
O004307,M0295,63fac2ed-215,M0295-C000,fulfilled,225.35,2026-06-14 22:34:00,2026-06-15 04:59:39.959214
O004308,M0295,ff727375-140,M0295-C001,fulfilled,763.66,2026-01-08 10:38:00,2026-01-09 02:17:55.813209
O004309,M0295,3f90d31d-fee,M0295-C002,fulfilled,512.51,2026-06-14 14:08:00,2026-06-14 14:34:31.828337
O004310,M0295,ea5eb42f-22b,M0295-C002,fulfilled,896.79,2026-02-03 19:15:00,2026-02-03 22:21:40.471588
O004311,M0295,9bbc9561-413,M0295-C004,fulfilled,488.7,2026-01-09 16:57:00,2026-01-10 13:40:48.880157
O004312,M0295,8685f58c-c21,M0295-C006,fulfilled,618.04,2026-01-23 22:40:00,2026-01-24 05:24:36.104776
O004313,M0295,b80d197b-e9c,M0295-C007,fulfilled,423.48,2026-05-20 14:18:00,2026-05-21 09:33:53.645871
O004314,M0295,03d0bad9-139,M0295-C007,fulfilled,281.94,2026-06-26 15:43:00,2026-06-28 03:16:09.083838
O004315,M0295,b83e3bc2-939,M0295-C007,fulfilled,751.72,2026-04-04 14:14:00,2026-04-06 11:31:07.120978
O004316,M0295,b83e3bc2-939,M0295-C007,fulfilled,751.72,2026-04-04 14:14:00,2026-04-06 11:31:07.120978
O004317,M0295,7e3f66ce-a58,M0295-C008,fulfilled,263.62,2026-05-09 11:43:00,2026-05-14 01:44:18.650423
O004318,M0295,6b2c56f9-d3b,M0295-C010,fulfilled,811.56,2026-06-07 09:42:00,2026-06-07 14:48:55.045734
O004319,M0295,7a177566-9b6,M0295-C010,fulfilled,1517.13,2026-04-01 15:30:00,2026-04-01 20:59:02.161341
O004320,M0295,b76892d4-142,M0295-C012,fulfilled,987.68,2026-02-16 21:59:00,2026-02-18 13:56:05.659202
O004321,M0295,f7cadc5a-2b2,M0295-C014,cancelled,716.79,2026-05-21 15:20:00,
O004322,M0295,f5f18a59-40d,M0295-C015,fulfilled,302.14,2026-02-06 22:51:00,2026-02-13 18:16:10.476582
O004323,M0295,dc109262-239,M0295-C015,fulfilled,207.72,2026-06-12 09:01:00,2026-06-14 02:31:16.406808
O004324,M0295,46e622f3-292,M0295-C016,fulfilled,589.34,2026-03-03 09:46:00,2026-03-04 21:50:09.146774
O004325,M0295,74dd68fd-4c6,M0295-C016,fulfilled,608.98,2026-02-26 13:05:00,2026-02-26 22:10:25.205276
O004326,M0295,46b0a43e-28d,M0295-C016,fulfilled,689.9,2026-06-12 17:17:00,2026-06-13 11:38:45.264892
O004327,M0295,4b9642c7-cbe,M0295-C018,placed,390.0,2026-04-14 18:25:00,
O004328,M0295,c560abfb-762,M0295-C018,fulfilled,1417.75,2026-03-20 09:31:00,2026-03-21 11:23:58.233714
O004329,M0295,70a12a58-b7e,M0295-C019,fulfilled,1216.34,2026-05-03 15:44:00,2026-05-04 13:23:26.391397
O004330,M0295,37f65bbd-bb9,M0295-C019,fulfilled,415.72,2026-04-09 20:44:00,2026-04-11 20:37:44.132316
O004331,M0295,8d37bb48-c1f,M0295-C022,cancelled,737.45,2026-02-17 16:54:00,
O004332,M0296,348f90f5-29b,M0296-C002,fulfilled,1043.08,2026-06-08 09:07:00,2026-06-09 05:29:22.173406
O004333,M0296,fb1b4268-59c,M0296-C002,fulfilled,702.82,2026-03-24 17:13:00,2026-03-26 17:37:57.938808
O004334,M0296,0dd23037-d26,M0296-C003,fulfilled,178.87,2026-03-25 12:44:00,2026-03-26 08:47:18.525478
O004335,M0296,0ef0966c-ef4,M0296-C004,fulfilled,1470.04,2026-02-17 15:38:00,2026-02-19 08:36:33.217775
O004336,M0296,939565f9-229,M0296-C004,fulfilled,523.96,2026-05-07 21:59:00,2026-05-12 03:02:09.773734
O004337,M0296,a44d7c73-2db,M0296-C006,fulfilled,778.68,2026-05-04 16:21:00,2026-05-04 20:56:59.544519
O004338,M0296,e74c12c4-88f,M0296-C006,fulfilled,281.61,2026-02-08 19:15:00,2026-02-08 23:58:56.595938
O004339,M0296,fc0e884a-734,M0296-C007,cancelled,657.29,2026-02-27 18:01:00,
O004340,M0296,36984b13-a26,M0296-C007,fulfilled,1007.4,2026-03-06 21:57:00,2026-03-08 10:47:59.663877
O004341,M0296,9ebb388f-fca,M0296-C009,placed,855.78,2026-04-20 11:54:00,
O004342,M0296,b1fb57ea-6ae,M0296-C010,fulfilled,420.26,2026-06-16 16:27:00,2026-06-17 11:20:35.510536
O004343,M0296,08b9f234-6b6,M0296-C010,fulfilled,665.73,2026-06-15 12:37:00,2026-06-19 13:34:17.523225
O004344,M0296,bce80d68-ca6,M0296-C014,fulfilled,193.38,2026-02-01 21:02:00,2026-02-02 14:13:18.154265
O004345,M0296,7ec74033-ac8,M0296-C016,fulfilled,1120.28,2026-06-16 12:58:00,2026-06-16 18:05:07.188466
O004346,M0296,31e69dc4-b5d,M0296-C016,fulfilled,475.9,2026-02-02 16:28:00,2026-02-03 19:11:53.128510
O004347,M0296,4892386d-72a,M0296-C016,cancelled,376.77,2026-05-04 14:38:00,
O004348,M0296,4c9f2687-51b,M0296-C017,fulfilled,758.42,2026-04-13 08:56:00,2026-04-21 12:52:47.026291
O004349,M0296,61dc749f-17f,M0296-C017,fulfilled,457.66,2026-05-26 12:20:00,2026-05-27 14:43:14.263968
O004350,M0296,7c583088-284,M0296-C019,fulfilled,784.51,2026-04-14 20:07:00,2026-04-16 01:44:37.811279
O004351,M0296,695185e4-348,M0296-C019,fulfilled,277.87,2026-05-06 18:20:00,2026-05-13 10:35:05.724556
O004352,M0296,ecbf5da0-087,M0296-C019,fulfilled,612.81,2026-03-28 18:23:00,2026-03-30 06:35:24.466722
O004353,M0296,390464d3-b79,M0296-C020,fulfilled,456.13,2026-03-18 21:25:00,2026-03-22 13:38:49.164865
O004354,M0296,beeef688-5af,M0296-C021,fulfilled,1276.9,2026-04-28 20:48:00,2026-04-29 17:14:02.343640
O004355,M0297,139d01b1-677,M0297-C000,fulfilled,798.57,2026-05-17 17:16:00,2026-05-23 18:43:49.892384
O004356,M0297,a1579ab9-f27,M0297-C001,fulfilled,955.63,2026-05-27 19:08:00,2026-05-28 12:20:16.362011
O004357,M0297,4152c70c-74a,M0297-C001,fulfilled,302.83,2026-06-05 19:27:00,2026-06-09 09:51:54.040691
O004358,M0297,c863fede-1c8,M0297-C003,fulfilled,407.71,2026-05-22 11:57:00,2026-05-22 12:23:47.526340
O004359,M0297,2662977c-e0b,M0297-C004,fulfilled,801.71,2026-06-22 08:53:00,2026-06-24 01:52:59.988496
O004360,M0298,464160ce-455,M0298-C000,fulfilled,1300.35,2026-03-12 11:39:00,2026-03-13 22:40:33.007994
O004361,M0298,831f0f60-589,M0298-C002,fulfilled,356.83,2026-03-08 19:34:00,2026-03-19 16:12:30.606037
O004362,M0298,ee11d93c-4f6,M0298-C003,fulfilled,763.31,2026-03-07 16:40:00,2026-03-09 21:04:29.446270
O004363,M0298,6c76cdf1-6b3,M0298-C003,fulfilled,472.41,2026-02-19 19:05:00,2026-02-20 10:40:34.581540
O004364,M0298,f3bc881e-dff,M0298-C004,fulfilled,295.67,2026-02-26 17:35:00,2026-02-27 20:08:22.604826
O004365,M0298,5fc79ad3-6c0,M0298-C004,fulfilled,286.99,2026-03-11 18:54:00,2026-03-12 15:53:18.761554
O004366,M0298,7fd05225-100,M0298-C005,fulfilled,275.77,2026-02-28 14:49:00,2026-03-03 09:55:15.469580
O004367,M0298,bc925adf-75d,M0298-C006,fulfilled,356.4,2026-02-24 15:23:00,2026-02-25 17:16:15.031375
O004368,M0298,730b15f7-dae,M0298-C006,fulfilled,911.92,2026-03-05 13:44:00,2026-03-08 07:05:09.968592
O004369,M0298,72ae479f-480,M0298-C006,fulfilled,963.97,2026-02-20 20:39:00,2026-02-24 00:24:30.983636
O004370,M0298,e04be16c-f3e,M0298-C007,fulfilled,375.66,2026-03-12 10:07:00,2026-03-14 00:04:42.855475
O004371,M0298,651d7361-8ac,M0298-C007,fulfilled,379.23,2026-02-20 12:35:00,2026-02-21 04:34:34.226283
O004372,M0298,b1c3a4c0-cff,M0298-C007,fulfilled,1992.76,2026-03-03 21:25:00,2026-03-05 22:10:27.087031
O004373,M0298,019f70de-33d,M0298-C007,fulfilled,510.75,2026-03-06 15:18:00,2026-03-13 08:15:25.849505
O004374,M0298,6224dd0a-df1,M0298-C011,fulfilled,174.22,2026-02-21 19:03:00,2026-03-01 18:10:19.999856
O004375,M0298,df617ca6-703,M0298-C011,fulfilled,382.1,2026-03-08 11:13:00,2026-03-09 21:58:13.043745
O004376,M0298,a2262318-c8f,M0298-C012,fulfilled,340.92,2026-02-26 10:11:00,2026-02-27 18:52:29.139447
O004377,M0298,a93da4d9-42c,M0298-C013,fulfilled,301.04,2026-03-08 21:46:00,2026-03-09 14:05:59.327513
O004378,M0298,a36077e7-179,M0298-C014,fulfilled,828.88,2026-02-23 21:28:00,2026-02-25 19:23:22.702468
O004379,M0298,afe89158-832,M0298-C015,fulfilled,762.95,2026-02-27 15:20:00,2026-03-01 05:17:05.784795
O004380,M0298,8465979e-032,M0298-C016,fulfilled,628.9,2026-03-04 15:57:00,2026-03-05 19:58:19.688804
O004381,M0298,eb25149b-a1e,M0298-C017,fulfilled,565.64,2026-03-05 10:52:00,2026-03-06 06:47:40.144595
O004382,M0298,52b060cc-b09,M0298-C017,fulfilled,327.13,2026-03-10 20:55:00,2026-03-12 06:22:22.724635
O004383,M0298,54bb9631-b91,M0298-C018,fulfilled,323.58,2026-02-20 19:31:00,2026-02-21 19:29:44.375956
O004384,M0298,091872ec-53c,M0298-C019,fulfilled,598.4,2026-03-05 17:09:00,2026-03-07 15:22:44.337445
O004385,M0298,9bc9b126-e38,M0298-C019,fulfilled,520.78,2026-03-03 13:12:00,2026-03-03 14:10:17.509259
O004386,M0298,46196f20-e14,M0298-C021,fulfilled,601.04,2026-03-05 13:32:00,2026-03-09 13:54:29.168562
O004387,M0298,e7ba761a-586,M0298-C023,fulfilled,2380.29,2026-03-11 11:15:00,2026-03-11 14:18:49.484339
O004388,M0298,135f4adf-149,M0298-C024,fulfilled,284.32,2026-03-11 18:17:00,2026-03-13 11:18:06.969832
O004389,M0298,136d61fa-154,M0298-C025,fulfilled,630.14,2026-02-22 11:06:00,2026-02-23 04:10:32.188707
O004390,M0298,e2be2152-c05,M0298-C026,fulfilled,446.63,2026-03-06 10:10:00,2026-03-07 23:52:00.601467
O004391,M0299,ed293076-1a3,M0299-C000,fulfilled,451.0,2026-01-26 22:21:00,2026-02-04 17:22:17.763614
O004392,M0299,21be4acf-4e1,M0299-C000,fulfilled,320.69,2026-01-14 22:33:00,2026-01-15 06:45:08.905271
